Date,Actual,Predicted
2023-12-03,119,112.26456349206349
2023-12-04,73,119.44353174603178
2023-12-05,24,108.30845238095239
2023-12-06,142,107.38671626984132
2023-12-07,131,108.87040674603173
2023-12-08,147,116.84415343915343
2023-12-09,99,116.80983796296293
2023-12-10,127,114.7574768518518
2023-12-11,67,115.37709325396823
2023-12-12,161,110.14950396825391
2023-12-13,40,109.10249007936507
2023-12-14,75,106.41388888888882
2023-12-15,69,105.70708333333333
2023-12-16,70,108.1694312169312
2023-12-17,36,95.63703373015872
2023-12-18,109,82.60697420634922
2023-12-19,118,109.44271494708997
2023-12-20,104,97.02376322751324
2023-12-21,136,107.00038029100529
2023-12-22,64,111.35599567099567
2023-12-23,89,106.56087301587303
2023-12-24,147,107.34386904761907
2023-12-25,72,114.77289682539684
2023-12-26,132,121.08445436507937
2023-12-27,51,115.70131944444451
2023-12-28,73,110.96069444444444
2023-12-29,90,109.84370701058202
2023-12-30,54,107.73904761904762
2023-12-31,60,99.19530753968253
2024-01-01,62,78.68439484126985
2024-01-02,31,84.97474206349207
2024-01-03,52,74.86850529100529
2024-01-04,47,81.79426587301587
2024-01-05,71,52.52649801587303
2024-01-06,52,56.80241732804234
2024-01-07,71,48.04696097883598
2024-01-08,28,56.57812500000001
2024-01-09,75,60.642081529581525
2024-01-10,98,59.2398115079365
2024-01-11,141,66.60514880952381
2024-01-12,83,97.2864478114478
2024-01-13,111,78.09007936507939
2024-01-14,74,89.91823743386246
2024-01-15,114,84.20096230158734
2024-01-16,31,105.95118055555558
2024-01-17,88,89.61105820105823
2024-01-18,86,82.18180555555556
2024-01-19,90,77.42727182539684
2024-01-20,141,77.69986111111112
2024-01-21,109,92.55654100529097
2024-01-22,218,88.49009589947089
2024-01-23,68,131.77902958152958
2024-01-24,98,110.34358134920636
2024-01-25,137,111.88616071428572
2024-01-26,72,120.42010582010585
2024-01-27,99,112.65588293650794
2024-01-28,139,111.07850198412697
2024-01-29,112,102.5580753968254
2024-01-30,111,92.67885912698415
2023-12-03,78,109.97983134920636
2023-12-04,191,107.43756944444446
2023-12-05,127,117.496455026455
2023-12-06,114,119.64782738095234
2023-12-07,154,123.38378306878309
2023-12-08,129,121.7599404761905
2023-12-09,95,125.95590277777778
2023-12-10,143,118.77101190476183
2023-12-11,43,113.28142857142856
2023-12-12,130,124.45122023809523
2023-12-13,177,119.03036706349205
2023-12-14,111,114.91723544973544
2023-12-15,188,122.18937499999997
2023-12-16,66,114.41009920634926
2023-12-17,107,112.81617063492064
2023-12-18,170,126.47851190476194
2023-12-19,133,119.41247023809522
2023-12-20,206,128.27444384319384
2023-12-21,184,133.30791666666667
2023-12-22,148,114.69121031746037
2023-12-23,131,125.5818584656085
2023-12-24,127,138.86868055555558
2023-12-25,64,141.6069775132275
2023-12-26,154,130.89387506012505
2023-12-27,96,132.18053932178933
2023-12-28,150,125.60849206349206
2023-12-29,253,119.92522817460319
2023-12-30,97,112.24644841269838
2023-12-31,141,130.76398148148147
2024-01-01,105,143.87488756613757
2024-01-02,172,136.58941137566134
2024-01-03,156,140.39954365079365
2024-01-04,115,132.97712962962962
2024-01-05,62,143.6779001322751
2024-01-06,157,133.33690476190472
2024-01-07,132,125.60648809523808
2024-01-08,172,122.9900496031746
2024-01-09,73,139.70104166666667
2024-01-10,147,127.135211940837
2024-01-11,111,133.39813492063493
2024-01-12,131,144.60960317460314
2024-01-13,103,119.51753968253969
2024-01-14,119,117.52881944444444
2024-01-15,123,128.8638095238095
2024-01-16,153,121.3355787037037
2024-01-17,115,136.3652513227513
2024-01-18,134,125.6096924603174
2024-01-19,39,131.85095568783072
2024-01-20,120,118.64935515873013
2024-01-21,121,117.68111111111115
2024-01-22,147,121.69223875661375
2024-01-23,71,123.04916666666666
2024-01-24,150,121.94765873015875
2024-01-25,91,118.09571428571427
2024-01-26,144,116.17718253968256
2024-01-27,125,119.85460317460318
2024-01-28,114,122.57536706349204
2024-01-29,64,88.69662698412701
2024-01-30,119,83.97900462962964
2023-12-03,181,130.13080687830686
2023-12-04,134,127.44742063492063
2023-12-05,133,130.88839285714283
2023-12-06,183,135.75359758297256
2023-12-07,123,125.53656084656086
2023-12-08,92,118.95723184223183
2023-12-09,162,122.90588924963927
2023-12-10,201,123.87117063492063
2023-12-11,203,127.44969246031748
2023-12-12,181,134.2414285714286
2023-12-13,130,121.42830357142856
2023-12-14,133,121.14230158730157
2023-12-15,71,125.50922288359789
2023-12-16,187,124.09762896825397
2023-12-17,114,112.19628637566134
2023-12-18,176,108.48922619047616
2023-12-19,129,143.67365079365084
2023-12-20,179,124.65172619047618
2023-12-21,192,121.72142857142858
2023-12-22,162,146.01275462962968
2023-12-23,134,127.8149007936508
2023-12-24,135,142.99326388888883
2023-12-25,100,130.8332936507936
2023-12-26,91,120.6753472222222
2023-12-27,128,131.66033730158725
2023-12-28,183,134.7573511904762
2023-12-29,153,123.26218584656085
2023-12-30,80,140.2485615079365
2023-12-31,4,124.12558531746033
2024-01-01,104,119.86439814814814
2024-01-02,126,128.00006283068785
2024-01-03,175,133.99988095238098
2024-01-04,78,131.82223214285713
2024-01-05,161,114.61015873015873
2024-01-06,188,134.86218253968252
2024-01-07,108,149.4224801587302
2024-01-08,108,118.29607142857141
2024-01-09,54,122.43495370370368
2024-01-10,124,122.44782407407409
2024-01-11,168,133.47551256613758
2024-01-12,105,115.4717195767196
2024-01-13,125,119.50820767195772
2024-01-14,66,129.4918948412698
2024-01-15,107,128.85961489898992
2024-01-16,145,129.6030919312169
2024-01-17,88,120.22555886243389
2024-01-18,110,116.27102002164499
2024-01-19,136,125.64053571428575
2024-01-20,109,121.18905753968255
2024-01-21,96,125.62469907407409
2024-01-22,182,123.9396130952381
2024-01-23,101,118.5216865079365
2024-01-24,238,122.01009920634921
2024-01-25,215,136.60708333333332
2024-01-26,95,123.48851190476186
2024-01-27,69,130.97640542328043
2024-01-28,192,130.8173115079365
2024-01-29,198,106.265
2024-01-30,137,124.06622023809523
2023-12-03,20,112.04933531746028
2023-12-04,82,111.44081018518521
2023-12-05,133,112.0154861111111
2023-12-06,152,119.38639880952385
2023-12-07,87,115.13666666666671
2023-12-08,99,113.15749007936508
2023-12-09,78,124.137123015873
2023-12-10,93,98.54317460317459
2023-12-11,101,113.75057539682537
2023-12-12,151,103.38112103174605
2023-12-13,90,111.16482142857141
2023-12-14,85,112.26084325396823
2023-12-15,104,103.85788029100529
2023-12-16,109,112.62509920634922
2023-12-17,85,107.27295634920637
2023-12-18,155,105.60113095238098
2023-12-19,110,111.47283730158732
2023-12-20,64,114.14653769841273
2023-12-21,152,107.69987103174601
2023-12-22,99,106.8629265873016
2023-12-23,55,108.11287698412697
2023-12-24,213,113.59478174603176
2023-12-25,119,103.64608134920636
2023-12-26,107,121.80056998557
2023-12-27,36,100.92223214285711
2023-12-28,63,106.61633928571425
2023-12-29,39,116.19733134920635
2023-12-30,42,99.46726851851854
2023-12-31,48,96.67498015873012
2024-01-01,19,76.1228042328042
2024-01-02,46,49.09367063492064
2024-01-03,38,43.231359126984124
2024-01-04,13,40.198730158730164
2024-01-05,55,35.639887265512264
2024-01-06,19,35.81182539682539
2024-01-07,49,35.083468915343914
2024-01-08,79,32.91252164502165
2024-01-09,105,36.61748015873016
2024-01-10,100,51.53463293650793
2024-01-11,149,71.8531183862434
2024-01-12,140,94.17982142857146
2024-01-13,151,94.15459505772004
2024-01-14,128,121.46155122655121
2024-01-15,89,122.12486111111114
2024-01-16,64,122.0113458994709
2024-01-17,84,115.66992063492063
2024-01-18,157,117.29868927368923
2024-01-19,101,119.82231150793652
2024-01-20,135,117.58079365079362
2024-01-21,162,118.0475198412698
2024-01-22,91,108.94250661375662
2024-01-23,35,120.75733134920634
2024-01-24,126,124.92544161856662
2024-01-25,89,113.12555555555554
2024-01-26,67,114.4300396825397
2024-01-27,114,108.40961309523809
2024-01-28,108,98.39157738095238
2024-01-29,76,78.76132936507936
2024-01-30,84,71.36262896825396
2023-12-03,121,116.83412698412698
2023-12-04,101,126.90563161375664
2023-12-05,132,117.68898809523813
2023-12-06,111,132.9735615079365
2023-12-07,130,128.20247023809526
2023-12-08,125,130.95820767195767
2023-12-09,79,138.4793253968254
2023-12-10,100,136.65754629629632
2023-12-11,99,139.16685515873016
2023-12-12,198,121.38314484126984
2023-12-13,69,123.15209325396823
2023-12-14,181,121.2151587301587
2023-12-15,136,117.17833333333334
2023-12-16,103,127.58902777777779
2023-12-17,158,119.8669146825397
2023-12-18,138,118.38245039682542
2023-12-19,159,121.7237103174603
2023-12-20,80,127.47132936507936
2023-12-21,100,129.83188822751325
2023-12-22,183,125.25555555555556
2023-12-23,43,119.67011904761901
2023-12-24,113,122.073621031746
2023-12-25,59,119.40285714285714
2023-12-26,129,137.1083333333334
2023-12-27,57,122.61164682539682
2023-12-28,93,120.06496031746032
2023-12-29,56,109.64809523809525
2023-12-30,76,108.49257936507934
2023-12-31,38,108.37589285714283
2024-01-01,54,81.35239087301585
2024-01-02,126,85.09853505291008
2024-01-03,79,97.50643849206351
2024-01-04,56,97.442705026455
2024-01-05,96,80.72925264550264
2024-01-06,145,85.90846560846565
2024-01-07,56,116.79799603174605
2024-01-08,74,97.64435515873015
2024-01-09,143,104.16202380952377
2024-01-10,135,119.95936507936507
2024-01-11,90,109.91576388888888
2024-01-12,91,101.58027777777778
2024-01-13,128,108.19330357142857
2024-01-14,118,111.77446428571426
2024-01-15,51,100.8610714285714
2024-01-16,132,108.61925264550268
2024-01-17,159,113.48524801587304
2024-01-18,163,115.2360152116402
2024-01-19,98,110.7518783068783
2024-01-20,174,116.55109126984128
2024-01-21,197,124.36728174603175
2024-01-22,68,134.72288359788362
2024-01-23,81,134.3584126984127
2024-01-24,127,116.67488095238096
2024-01-25,169,116.35686177248672
2024-01-26,166,118.85659391534391
2024-01-27,183,140.21860058922556
2024-01-28,83,120.267833994709
2024-01-29,123,92.21594246031744
2024-01-30,29,104.84579365079364
2023-12-03,134,101.91782076719579
2023-12-04,99,107.16420634920637
2023-12-05,112,111.4987632275132
2023-12-06,190,114.39960317460314
2023-12-07,85,113.8326488095238
2023-12-08,195,116.90313492063487
2023-12-09,116,114.4889285714286
2023-12-10,110,123.748664021164
2023-12-11,88,114.68657738095234
2023-12-12,151,117.09555886243386
2023-12-13,113,107.31166666666664
2023-12-14,162,117.78116071428572
2023-12-15,157,120.86869708994708
2023-12-16,85,130.83724206349206
2023-12-17,102,122.95930555555555
2023-12-18,130,121.22682539682538
2023-12-19,84,130.47454365079366
2023-12-20,78,128.19279761904758
2023-12-21,127,120.7491832010582
2023-12-22,96,133.79187500000003
2023-12-23,52,122.97857142857141
2023-12-24,72,119.11340277777778
2023-12-25,107,111.28004298941798
2023-12-26,38,110.61144841269838
2023-12-27,41,112.6664087301587
2023-12-28,35,83.60618386243385
2023-12-29,13,81.42314814814812
2023-12-30,21,74.82021494708992
2023-12-31,44,79.47518518518518
2024-01-01,16,40.911521164021174
2024-01-02,79,37.029632936507944
2024-01-03,22,46.381924603174625
2024-01-04,26,32.0793816137566
2024-01-05,15,33.456084656084656
2024-01-06,24,36.132500000000014
2024-01-07,48,34.57015211640212
2024-01-08,26,30.057738095238093
2024-01-09,83,33.02580597643097
2024-01-10,53,33.46826719576718
2024-01-11,85,35.76177128427129
2024-01-12,110,49.600158730158725
2024-01-13,81,75.6923611111111
2024-01-14,72,72.06957010582012
2024-01-15,75,84.91024801587304
2024-01-16,60,72.8311937830688
2024-01-17,58,76.18839285714284
2024-01-18,51,85.71699074074073
2024-01-19,44,85.04028769841267
2024-01-20,103,82.65364748677251
2024-01-21,75,82.36236111111111
2024-01-22,116,81.78890512265512
2024-01-23,125,87.74532738095238
2024-01-24,28,85.50432539682538
2024-01-25,147,79.33340608465606
2024-01-26,67,97.2363888888889
2024-01-27,80,86.03365079365079
2024-01-28,127,87.11469246031744
2024-01-29,113,84.10400132275134
2024-01-30,96,82.92771825396825
2023-12-03,129,132.36698803511302
2023-12-04,104,128.2610813492064
2023-12-05,66,117.2899074074074
2023-12-06,138,120.00585317460317
2023-12-07,127,121.71874338624342
2023-12-08,141,129.62913359788365
2023-12-09,113,118.2650099206349
2023-12-10,82,122.55377645502645
2023-12-11,79,127.57842261904761
2023-12-12,55,121.28984126984125
2023-12-13,168,119.88910714285711
2023-12-14,68,114.61974386724387
2023-12-15,100,114.45320436507934
2023-12-16,193,117.81912698412695
2023-12-17,174,117.82198412698412
2023-12-18,115,121.05002525252522
2023-12-19,250,119.16584986772482
2023-12-20,65,125.49371031746031
2023-12-21,163,133.52543650793652
2023-12-22,135,130.57576388888887
2023-12-23,92,128.77090277777776
2023-12-24,220,123.28248015873011
2023-12-25,102,113.95986772486773
2023-12-26,126,96.67775793650796
2023-12-27,15,114.260248015873
2023-12-28,90,124.27445436507938
2023-12-29,91,105.35681547619052
2023-12-30,69,112.6854761904762
2023-12-31,81,121.43847222222225
2024-01-01,98,110.22965277777776
2024-01-02,83,108.28902777777778
2024-01-03,61,94.54002976190476
2024-01-04,105,89.07753968253971
2024-01-05,79,109.93348214285713
2024-01-06,55,104.22740079365079
2024-01-07,46,90.73454365079365
2024-01-08,90,77.98162698412699
2024-01-09,75,88.03375000000001
2024-01-10,131,94.70212632275131
2024-01-11,81,115.23374007936512
2024-01-12,181,102.72724206349206
2024-01-13,60,115.62479166666667
2024-01-14,185,113.99197089947091
2024-01-15,78,123.03316468253969
2024-01-16,184,116.15889880952383
2024-01-17,122,125.27777777777777
2024-01-18,62,136.91726521164023
2024-01-19,21,122.00613095238096
2024-01-20,29,114.2024404761905
2024-01-21,93,108.7675066137566
2024-01-22,106,107.64893187830688
2024-01-23,11,114.97846230158729
2024-01-24,86,43.77202380952381
2024-01-25,105,76.41575396825402
2024-01-26,99,91.07827380952381
2024-01-27,157,95.27166335978838
2024-01-28,92,110.64352182539683
2024-01-29,173,76.02510912698413
2024-01-30,80,108.8765806878307
2023-12-03,111,111.87672619047619
2023-12-04,37,107.96128968253967
2023-12-05,121,98.76129058441559
2023-12-06,61,106.73002976190476
2023-12-07,108,104.83963293650793
2023-12-08,103,105.78719246031748
2023-12-09,120,114.84696428571434
2023-12-10,74,108.02017857142859
2023-12-11,105,100.37801587301587
2023-12-12,165,100.26919973544975
2023-12-13,102,108.39527777777776
2023-12-14,86,99.43474206349207
2023-12-15,152,101.44433531746034
2023-12-16,99,106.52314814814814
2023-12-17,106,105.68046626984125
2023-12-18,47,108.72805555555554
2023-12-19,89,106.44175986050985
2023-12-20,141,111.33688492063496
2023-12-21,59,104.98729166666666
2023-12-22,111,111.76951388888891
2023-12-23,174,111.09060515873016
2023-12-24,190,113.38751322751322
2023-12-25,46,111.76864087301587
2023-12-26,142,116.3952182539682
2023-12-27,56,106.46171626984128
2023-12-28,34,115.20916666666669
2023-12-29,64,116.5579761904762
2023-12-30,26,107.95473214285718
2023-12-31,52,97.34675595238095
2024-01-01,27,78.51210317460321
2024-01-02,41,41.08171296296295
2024-01-03,69,42.74487103174604
2024-01-04,91,56.18186507936507
2024-01-05,69,55.63920304232803
2024-01-06,34,62.06680555555556
2024-01-07,56,60.9554365079365
2024-01-08,48,65.22406746031749
2024-01-09,134,66.42436327561329
2024-01-10,87,77.76318452380957
2024-01-11,165,73.46154761904764
2024-01-12,143,100.74903769841266
2024-01-13,80,114.49500992063493
2024-01-14,100,104.40261904761905
2024-01-15,96,129.3090277777778
2024-01-16,122,105.49969246031746
2024-01-17,88,104.94912698412695
2024-01-18,181,110.57970238095236
2024-01-19,83,116.98666666666666
2024-01-20,126,110.49269179894178
2024-01-21,141,119.74189153439153
2024-01-22,97,113.3650198412698
2024-01-23,83,121.76162698412693
2024-01-24,106,109.76326569264072
2024-01-25,110,116.2318849206349
2024-01-26,112,111.11884589947091
2024-01-27,102,105.23054563492065
2024-01-28,118,104.47972222222224
2024-01-29,109,94.72545634920635
2024-01-30,53,87.58551917989413
2023-12-03,162,129.29699404761905
2023-12-04,188,113.82087632275132
2023-12-05,181,107.96367063492063
2023-12-06,37,122.51222883597885
2023-12-07,188,122.6956547619048
2023-12-08,330,118.49893849206352
2023-12-09,125,126.832371031746
2023-12-10,220,120.82837632275131
2023-12-11,84,125.38920304232805
2023-12-12,285,127.75261904761906
2023-12-13,281,144.7597393578644
2023-12-14,102,116.60309523809524
2023-12-15,214,115.49625330687827
2023-12-16,177,114.51612103174605
2023-12-17,92,109.22626984126983
2023-12-18,136,131.95443452380954
2023-12-19,214,115.9937400793651
2023-12-20,174,112.1302876984127
2023-12-21,134,113.38851190476188
2023-12-22,143,105.55335317460317
2023-12-23,98,118.30374007936506
2023-12-24,113,129.37743055555555
2023-12-25,85,120.10471560846561
2023-12-26,189,130.78868055555552
2023-12-27,99,126.92032738095237
2023-12-28,85,127.02364087301586
2023-12-29,137,130.38636904761907
2023-12-30,89,127.77145833333333
2023-12-31,146,123.97958333333337
2024-01-01,76,142.68421626984127
2024-01-02,213,130.49264880952384
2024-01-03,93,136.16848875661375
2024-01-04,146,118.75810515873015
2024-01-05,50,132.09748015873015
2024-01-06,132,126.15945436507933
2024-01-07,153,128.0932572751323
2024-01-08,139,125.05170634920633
2024-01-09,140,137.83051587301588
2024-01-10,103,129.5684920634921
2024-01-11,201,124.21157076719578
2024-01-12,112,148.1414682539683
2024-01-13,145,123.55011904761905
2024-01-14,99,115.7866435185185
2024-01-15,97,115.90331740019245
2024-01-16,248,114.19444444444444
2024-01-17,184,131.11979497354494
2024-01-18,141,134.65923611111106
2024-01-19,100,130.09484126984128
2024-01-20,174,133.48500661375658
2024-01-21,169,135.10979853479856
2024-01-22,183,142.59051917989424
2024-01-23,95,142.40248015873013
2024-01-24,153,128.0634767316017
2024-01-25,210,124.17065476190474
2024-01-26,119,132.27831349206355
2024-01-27,198,133.4010912698413
2024-01-28,164,122.96345238095238
2024-01-29,133,107.90015873015872
2024-01-30,84,126.18427579365078
2023-12-03,111,93.11780092592592
2023-12-04,116,95.32955026455025
2023-12-05,95,103.14944775132274
2023-12-06,126,100.31253968253966
2023-12-07,47,101.24935846560848
2023-12-08,105,97.35102633477635
2023-12-09,61,103.68197420634917
2023-12-10,107,98.46721681096679
2023-12-11,103,99.20731481481481
2023-12-12,94,104.04277777777773
2023-12-13,92,98.87018849206346
2023-12-14,79,93.39271825396825
2023-12-15,111,106.1308234126984
2023-12-16,42,100.97057870370371
2023-12-17,105,107.76239417989422
2023-12-18,68,102.51196518759019
2023-12-19,85,105.53739087301584
2023-12-20,110,110.50181547619044
2023-12-21,104,101.82926256613756
2023-12-22,84,109.05560606060608
2023-12-23,60,103.40377976190476
2023-12-24,81,99.51927910052906
2023-12-25,82,100.53758267195764
2023-12-26,73,108.44062499999998
2023-12-27,45,110.66439814814814
2023-12-28,29,87.73983645983644
2023-12-29,20,75.92344396344399
2023-12-30,23,75.5023015873016
2023-12-31,58,73.99751984126985
2024-01-01,64,50.68718253968253
2024-01-02,34,57.89248346560846
2024-01-03,31,38.424613095238094
2024-01-04,37,35.735929232804224
2024-01-05,57,40.07059523809524
2024-01-06,24,39.64680555555554
2024-01-07,43,40.16485449735452
2024-01-08,24,35.93765873015873
2024-01-09,63,41.140426587301604
2024-01-10,59,44.37759920634921
2024-01-11,43,39.58628306878306
2024-01-12,76,38.44027777777777
2024-01-13,96,39.26829365079365
2024-01-14,46,63.54621362433863
2024-01-15,77,74.55692460317461
2024-01-16,66,82.18706349206347
2024-01-17,94,86.55011243386245
2024-01-18,71,84.0876157407407
2024-01-19,31,79.39379509379509
2024-01-20,92,73.65814153439155
2024-01-21,69,81.72272817460318
2024-01-22,89,83.17881613756613
2024-01-23,74,92.15369047619045
2024-01-24,149,81.66440476190472
2024-01-25,79,88.03936838624341
2024-01-26,91,87.22145833333329
2024-01-27,68,85.86585317460319
2024-01-28,82,79.20549603174604
2024-01-29,68,63.14109126984127
2024-01-30,69,64.90472222222222
2023-12-03,75,94.52677248677249
2023-12-04,124,100.64556547619051
2023-12-05,61,98.44680555555554
2023-12-06,136,94.84389550264554
2023-12-07,120,97.66809854497352
2023-12-08,51,98.77844246031744
2023-12-09,82,100.75920634920635
2023-12-10,79,89.61378306878306
2023-12-11,92,93.80214285714281
2023-12-12,85,86.35974206349208
2023-12-13,75,98.7030753968254
2023-12-14,44,96.39255952380952
2023-12-15,42,82.54034060846561
2023-12-16,66,75.53855489417988
2023-12-17,93,87.85659060846562
2023-12-18,85,87.01074074074076
2023-12-19,92,78.55914021164024
2023-12-20,71,79.50288029100531
2023-12-21,74,79.36559193121694
2023-12-22,116,93.60934854497356
2023-12-23,58,88.48647817460319
2023-12-24,75,85.2453273809524
2023-12-25,59,92.03468253968256
2023-12-26,71,88.88529761904763
2023-12-27,19,84.7380753968254
2023-12-28,66,78.16543650793652
2023-12-29,59,77.83242063492062
2023-12-30,28,87.31486111111111
2023-12-31,25,90.6026388888889
2024-01-01,31,48.8139880952381
2024-01-02,39,36.56094246031747
2024-01-03,23,39.86001984126984
2024-01-04,46,36.37711309523809
2024-01-05,63,40.298931878306874
2024-01-06,35,43.39385912698411
2024-01-07,18,46.9290939153439
2024-01-08,72,34.89862433862434
2024-01-09,84,37.1769642857143
2024-01-10,43,62.9612103174603
2024-01-11,128,47.12506283068782
2024-01-12,58,72.2673611111111
2024-01-13,183,83.98125
2024-01-14,81,113.5081259018759
2024-01-15,76,93.00462301587298
2024-01-16,50,87.4835119047619
2024-01-17,94,92.84446428571431
2024-01-18,86,98.23559523809519
2024-01-19,69,91.96835978835976
2024-01-20,114,92.67809523809521
2024-01-21,68,93.36887896825395
2024-01-22,100,86.50632936507937
2024-01-23,145,92.96988095238095
2024-01-24,40,98.52174603174605
2024-01-25,92,98.15801587301588
2024-01-26,106,96.11581349206345
2024-01-27,79,92.07328373015874
2024-01-28,95,81.87065806878307
2024-01-29,65,77.58605158730158
2024-01-30,44,71.24657738095239
2023-12-03,162,134.01892857142852
2023-12-04,146,127.10146825396826
2023-12-05,34,126.69037698412698
2023-12-06,118,131.45954034391536
2023-12-07,176,132.03690476190476
2023-12-08,153,127.28535714285717
2023-12-09,159,119.01768849206346
2023-12-10,169,112.32196428571426
2023-12-11,116,122.93482804232804
2023-12-12,89,124.66266414141413
2023-12-13,107,128.88657076719576
2023-12-14,94,125.54852843915344
2023-12-15,124,117.65825396825396
2023-12-16,112,129.73868055555556
2023-12-17,170,127.22063492063495
2023-12-18,170,121.35624338624335
2023-12-19,239,125.46605820105819
2023-12-20,98,115.21392857142857
2023-12-21,49,127.43192460317464
2023-12-22,141,127.42093915343922
2023-12-23,83,117.7148181216931
2023-12-24,140,107.61785714285718
2023-12-25,112,130.24288690476195
2023-12-26,109,125.47267857142862
2023-12-27,50,115.12927579365075
2023-12-28,111,122.61458333333329
2023-12-29,86,118.44352182539681
2023-12-30,28,114.80053571428572
2023-12-31,43,105.25037698412697
2024-01-01,15,81.81626984126989
2024-01-02,50,63.509613095238095
2024-01-03,113,57.806051587301596
2024-01-04,40,86.6422123015873
2024-01-05,63,34.755565476190476
2024-01-06,122,53.666646825396825
2024-01-07,108,80.87328673641174
2024-01-08,43,83.84051587301589
2024-01-09,185,80.86906746031747
2024-01-10,58,115.26357142857141
2024-01-11,133,101.1759027777778
2024-01-12,169,102.08749007936504
2024-01-13,117,117.40140873015868
2024-01-14,117,120.32545634920633
2024-01-15,54,114.09697751322751
2024-01-16,87,108.32660714285716
2024-01-17,127,123.97201388888894
2024-01-18,75,120.15982142857143
2024-01-19,100,110.75912037037037
2024-01-20,139,97.16006944444442
2024-01-21,154,106.92953703703702
2024-01-22,69,113.44960317460321
2024-01-23,121,118.39356481481472
2024-01-24,126,112.23082341269841
2024-01-25,112,107.5256051587302
2024-01-26,125,118.40068452380953
2024-01-27,159,108.36154761904767
2024-01-28,65,119.98456349206349
2024-01-29,174,108.32182539682536
2024-01-30,86,101.93475198412699
2023-12-03,115,101.25406746031744
2023-12-04,134,109.01720238095234
2023-12-05,45,109.58374007936507
2023-12-06,136,98.51972222222223
2023-12-07,83,105.64252134439636
2023-12-08,103,107.5925992063492
2023-12-09,45,98.61559523809525
2023-12-10,101,105.7757804232804
2023-12-11,100,111.9821593915344
2023-12-12,65,106.3490343915344
2023-12-13,77,102.96690476190474
2023-12-14,100,96.127542989418
2023-12-15,122,90.50239087301588
2023-12-16,65,100.15448412698416
2023-12-17,146,94.35153769841271
2023-12-18,83,86.37926917989418
2023-12-19,143,98.66271524771524
2023-12-20,128,93.01321428571427
2023-12-21,108,109.75030423280423
2023-12-22,123,102.70899140211641
2023-12-23,54,105.30704365079366
2023-12-24,161,114.26730158730152
2023-12-25,115,124.55520833333337
2023-12-26,75,105.53631944444447
2023-12-27,44,104.91131944444443
2023-12-28,30,102.58107142857143
2023-12-29,28,97.92125180375179
2023-12-30,13,75.86936177248676
2023-12-31,42,70.64256613756612
2024-01-01,21,38.455568783068806
2024-01-02,16,32.059404761904766
2024-01-03,47,31.57130952380953
2024-01-04,23,34.20516865079366
2024-01-05,16,29.762747113997104
2024-01-06,34,35.227787698412705
2024-01-07,28,32.906157407407406
2024-01-08,25,31.08674603174603
2024-01-09,129,36.568561507936494
2024-01-10,163,42.54430555555557
2024-01-11,74,107.07777777777777
2024-01-12,36,105.55069444444445
2024-01-13,138,62.521984126984144
2024-01-14,63,95.97458333333334
2024-01-15,77,98.70339285714286
2024-01-16,152,108.00676917989419
2024-01-17,135,110.75324404761903
2024-01-18,61,125.81676587301587
2024-01-19,105,101.41781415343914
2024-01-20,120,112.84873015873015
2024-01-21,132,117.3007142857143
2024-01-22,91,115.45772486772486
2024-01-23,99,118.08628968253969
2024-01-24,84,113.31313492063494
2024-01-25,174,99.15751984126987
2024-01-26,104,113.16519179894182
2024-01-27,69,128.9222354497354
2024-01-28,57,108.27727182539682
2024-01-29,109,84.97875992063496
2024-01-30,116,83.8150396825397
2023-12-03,113,121.16889550264547
2023-12-04,5,114.86081349206349
2023-12-05,85,115.07636904761902
2023-12-06,78,112.74630952380953
2023-12-07,59,104.73062830687829
2023-12-08,140,85.60625000000006
2023-12-09,123,105.95674603174602
2023-12-10,196,112.88623015873017
2023-12-11,91,122.8025760582011
2023-12-12,73,120.48841931216928
2023-12-13,139,117.55244047619054
2023-12-14,186,116.15678571428572
2023-12-15,100,129.78595238095238
2023-12-16,140,121.29278769841272
2023-12-17,104,115.71477513227514
2023-12-18,115,118.59887896825398
2023-12-19,148,115.61359126984127
2023-12-20,133,114.95345238095237
2023-12-21,175,120.32125000000006
2023-12-22,75,123.56364417989417
2023-12-23,133,120.25438492063489
2023-12-24,120,124.0439517195767
2023-12-25,77,113.98640873015871
2023-12-26,109,111.71612103174607
2023-12-27,45,121.00617216117217
2023-12-28,73,120.23828703703705
2023-12-29,127,111.77568452380952
2023-12-30,75,115.87783730158729
2023-12-31,78,110.30055164742667
2024-01-01,53,91.06503968253969
2024-01-02,104,84.09894841269845
2024-01-03,78,106.75339285714288
2024-01-04,39,88.4451785714286
2024-01-05,111,92.7319191919192
2024-01-06,65,104.34756944444445
2024-01-07,109,88.67945105820107
2024-01-08,98,106.86482142857145
2024-01-09,108,113.48639550264546
2024-01-10,134,109.95386574074078
2024-01-11,55,109.13154761904761
2024-01-12,171,102.36691468253967
2024-01-13,91,113.66851190476194
2024-01-14,119,102.4790873015873
2024-01-15,105,99.29287698412696
2024-01-16,76,103.62945436507934
2024-01-17,52,108.58847222222224
2024-01-18,169,105.34554563492064
2024-01-19,109,109.86575396825393
2024-01-20,186,105.22595238095238
2024-01-21,128,116.16424272486772
2024-01-22,193,102.98631944444443
2024-01-23,86,119.11539682539683
2024-01-24,172,117.92412698412704
2024-01-25,67,121.55317460317464
2024-01-26,116,124.83518668831165
2024-01-27,178,109.4247619047619
2024-01-28,59,114.93370039682542
2024-01-29,77,95.90777116402117
2024-01-30,86,104.30142195767198
2023-12-03,96,107.67647817460319
2023-12-04,131,112.0403273809524
2023-12-05,52,106.10772817460314
2023-12-06,73,103.90545634920635
2023-12-07,54,104.9767394179894
2023-12-08,73,113.39734126984126
2023-12-09,65,105.46595238095234
2023-12-10,69,86.99982804232806
2023-12-11,86,83.35650793650797
2023-12-12,95,86.71849206349205
2023-12-13,31,93.5905357142857
2023-12-14,99,78.37978174603174
2023-12-15,49,90.96625992063488
2023-12-16,135,83.99278108465612
2023-12-17,71,101.56159722222223
2023-12-18,114,99.60194444444446
2023-12-19,150,107.62141203703703
2023-12-20,35,108.7229365079365
2023-12-21,106,104.01980158730156
2023-12-22,132,108.8385669191919
2023-12-23,122,108.4292328042328
2023-12-24,91,110.43125000000002
2023-12-25,104,104.95545634920634
2023-12-26,104,113.65049603174602
2023-12-27,58,102.0473611111111
2023-12-28,32,94.0670634920635
2023-12-29,41,86.8760515873016
2023-12-30,38,80.07017857142858
2023-12-31,63,75.00161706349203
2024-01-01,12,81.3088425925926
2024-01-02,18,36.9894742063492
2024-01-03,33,36.519083994709
2024-01-04,10,35.06739087301587
2024-01-05,73,38.107321428571446
2024-01-06,46,42.37313492063493
2024-01-07,10,36.49174603174603
2024-01-08,16,38.65912698412697
2024-01-09,122,36.06273809523808
2024-01-10,89,43.385093795093816
2024-01-11,64,58.506230158730155
2024-01-12,138,64.26112103174604
2024-01-13,156,85.72194444444445
2024-01-14,108,102.84422619047619
2024-01-15,112,130.4067863155363
2024-01-16,97,121.18442129629628
2024-01-17,99,110.76638888888891
2024-01-18,74,122.36101190476191
2024-01-19,78,116.50903769841274
2024-01-20,181,103.14053571428569
2024-01-21,152,127.95257154882157
2024-01-22,83,122.36174603174608
2024-01-23,118,119.98580206830204
2024-01-24,90,121.56565145502647
2024-01-25,170,116.05891714766719
2024-01-26,148,112.93962962962966
2024-01-27,144,110.20861111111111
2024-01-28,80,118.88533730158731
2024-01-29,86,107.71891865079365
2024-01-30,83,104.5228968253968
2023-12-03,205,122.07113095238098
2023-12-04,103,124.62742063492063
2023-12-05,225,132.46720238095233
2023-12-06,100,125.3247619047619
2023-12-07,235,116.65004960317457
2023-12-08,88,113.41255952380949
2023-12-09,132,129.0701984126984
2023-12-10,68,116.61883928571426
2023-12-11,89,118.80968253968254
2023-12-12,132,129.1669585738336
2023-12-13,145,118.26230489417989
2023-12-14,171,111.02948502886002
2023-12-15,49,120.91814484126985
2023-12-16,86,117.95643849206348
2023-12-17,135,121.32222222222224
2023-12-18,129,128.17605820105823
2023-12-19,110,126.94714285714285
2023-12-20,68,120.21337632275134
2023-12-21,83,142.16544973544978
2023-12-22,157,109.58215608465608
2023-12-23,173,117.07333664021165
2023-12-24,126,126.93022486772485
2023-12-25,63,124.89039682539685
2023-12-26,114,120.62289351851851
2023-12-27,51,124.60274140211642
2023-12-28,99,113.34215608465607
2023-12-29,86,113.51999999999998
2023-12-30,56,109.02255291005287
2023-12-31,68,116.94297619047617
2024-01-01,79,83.52277777777782
2024-01-02,65,94.3790972222222
2024-01-03,85,89.25734126984129
2024-01-04,58,92.3428373015873
2024-01-05,57,77.70855158730157
2024-01-06,88,79.19773809523811
2024-01-07,112,85.04507335257335
2024-01-08,76,97.57007936507934
2024-01-09,96,86.57373346560843
2024-01-10,112,106.80112103174602
2024-01-11,88,111.6208035714286
2024-01-12,66,110.22298611111113
2024-01-13,166,102.01178571428572
2024-01-14,172,106.41905753968256
2024-01-15,236,106.13348214285712
2024-01-16,110,131.1996626984127
2024-01-17,110,124.9662433862433
2024-01-18,171,123.20198412698413
2024-01-19,115,127.31493055555558
2024-01-20,191,121.89011904761904
2024-01-21,130,132.9576713564213
2024-01-22,159,147.73040674603178
2024-01-23,115,134.96343253968257
2024-01-24,146,134.41367063492063
2024-01-25,156,142.23107142857143
2024-01-26,113,140.7681944444444
2024-01-27,62,147.4437956950457
2024-01-28,140,144.81117243867246
2024-01-29,99,97.99111111111111
2024-01-30,90,98.02605158730157
2023-12-03,126,103.05396825396821
2023-12-04,20,115.08767857142858
2023-12-05,86,108.54283730158728
2023-12-06,161,109.62393849206347
2023-12-07,73,105.5649074074074
2023-12-08,123,115.63377976190476
2023-12-09,77,106.84037698412702
2023-12-10,133,100.7518253968254
2023-12-11,136,104.21715277777778
2023-12-12,194,105.17629960317467
2023-12-13,96,118.37287037037039
2023-12-14,107,119.8396130952381
2023-12-15,111,117.14410714285714
2023-12-16,130,102.38132936507941
2023-12-17,114,113.72574735449734
2023-12-18,65,112.69928902116403
2023-12-19,122,110.1361309523809
2023-12-20,137,113.44159391534392
2023-12-21,84,108.75311177248678
2023-12-22,140,112.65241402116402
2023-12-23,82,111.82983465608467
2023-12-24,154,110.49353505291005
2023-12-25,86,114.32711970899464
2023-12-26,114,111.79696428571431
2023-12-27,18,104.68372023809523
2023-12-28,63,110.16933531746034
2023-12-29,34,111.95016865079366
2023-12-30,24,99.67438492063492
2023-12-31,34,77.67256613756612
2024-01-01,13,41.343888888888905
2024-01-02,31,32.5506283068783
2024-01-03,34,32.950119047619054
2024-01-04,5,32.790386002886
2024-01-05,9,39.53484126984128
2024-01-06,11,33.95345238095238
2024-01-07,18,39.15199404761904
2024-01-08,28,32.38855820105819
2024-01-09,99,29.030853174603187
2024-01-10,66,45.087322631072645
2024-01-11,56,47.47404761904762
2024-01-12,113,36.892738095238094
2024-01-13,167,59.11300595238096
2024-01-14,33,102.42712301587304
2024-01-15,100,91.29064814814814
2024-01-16,81,92.04684523809524
2024-01-17,123,94.2876984126984
2024-01-18,147,120.73753306878308
2024-01-19,80,140.09601190476187
2024-01-20,209,128.85402777777782
2024-01-21,103,116.51898809523813
2024-01-22,226,117.33825396825394
2024-01-23,100,121.12533008658014
2024-01-24,100,128.25791005291006
2024-01-25,100,128.53111772486773
2024-01-26,77,126.16105820105822
2024-01-27,131,118.52773809523809
2024-01-28,144,122.8737235449735
2024-01-29,108,100.40282738095239
2024-01-30,80,99.89240410052912
2023-12-03,157,121.07317460317458
2023-12-04,108,134.48932539682542
2023-12-05,145,125.66954365079368
2023-12-06,100,127.04396825396829
2023-12-07,143,136.0997817460317
2023-12-08,86,118.15792328042328
2023-12-09,152,126.98343253968252
2023-12-10,177,121.79574074074073
2023-12-11,55,120.79803571428569
2023-12-12,161,115.34829365079362
2023-12-13,142,116.95159722222223
2023-12-14,140,120.60414682539682
2023-12-15,128,120.58584325396824
2023-12-16,34,125.80886904761903
2023-12-17,94,131.1189484126984
2023-12-18,76,121.99750661375664
2023-12-19,134,124.07320767195766
2023-12-20,92,115.02819113756617
2023-12-21,112,129.30934523809523
2023-12-22,157,116.97496031746032
2023-12-23,181,131.81623015873018
2023-12-24,132,122.42711038961038
2023-12-25,52,119.61488095238094
2023-12-26,120,143.20573412698417
2023-12-27,62,126.38470238095238
2023-12-28,121,125.3638095238095
2023-12-29,73,110.94426587301587
2023-12-30,56,113.29862433862431
2023-12-31,55,117.54520833333332
2024-01-01,101,91.87473214285713
2024-01-02,97,97.91258928571429
2024-01-03,78,99.75759920634923
2024-01-04,41,98.85017195767198
2024-01-05,105,80.80204365079364
2024-01-06,70,89.35041666666669
2024-01-07,56,98.3281051587302
2024-01-08,76,100.65371031746031
2024-01-09,103,85.4595138888889
2024-01-10,70,91.12000000000002
2024-01-11,125,85.08794913419915
2024-01-12,100,117.27356150793649
2024-01-13,87,114.05996031746034
2024-01-14,69,103.42804563492061
2024-01-15,80,98.46520833333335
2024-01-16,103,104.0528814935065
2024-01-17,148,102.94235119047617
2024-01-18,151,101.64573412698414
2024-01-19,120,100.86875000000003
2024-01-20,167,104.11731150793649
2024-01-21,132,109.77882936507939
2024-01-22,132,129.28007936507936
2024-01-23,123,122.11068452380951
2024-01-24,145,130.4130886243386
2024-01-25,189,134.2454563492063
2024-01-26,116,137.44197751322747
2024-01-27,156,135.7336541005291
2024-01-28,245,131.5382936507937
2024-01-29,103,109.75948412698412
2024-01-30,70,119.25696097883596
2023-12-03,161,104.68026785714287
2023-12-04,60,103.93064153439154
2023-12-05,71,103.79781084656081
2023-12-06,93,102.09971560846562
2023-12-07,107,98.37846230158729
2023-12-08,71,96.06757275132279
2023-12-09,59,97.86034060846568
2023-12-10,108,109.73853835978835
2023-12-11,45,100.93805224867724
2023-12-12,100,91.59507936507936
2023-12-13,172,100.43569444444445
2023-12-14,63,98.29707010582007
2023-12-15,84,104.71837301587303
2023-12-16,41,101.54607142857142
2023-12-17,64,85.12593253968258
2023-12-18,95,99.19726190476187
2023-12-19,108,89.31983465608465
2023-12-20,62,101.52266534391532
2023-12-21,108,91.70137896825399
2023-12-22,17,103.26874007936505
2023-12-23,98,87.37742063492065
2023-12-24,76,90.59230158730158
2023-12-25,74,92.78543650793652
2023-12-26,58,97.09783730158725
2023-12-27,47,87.89440476190477
2023-12-28,28,79.99301587301585
2023-12-29,28,85.99210317460319
2023-12-30,49,93.79626984126983
2023-12-31,47,74.83269841269842
2024-01-01,6,51.1647718253968
2024-01-02,30,36.24982142857142
2024-01-03,29,37.56621031746032
2024-01-04,38,36.53175595238095
2024-01-05,41,39.77736111111111
2024-01-06,28,39.19443452380953
2024-01-07,36,39.166914682539705
2024-01-08,33,38.53362433862435
2024-01-09,51,40.66657467532466
2024-01-10,34,39.90621031746032
2024-01-11,56,39.1926884920635
2024-01-12,123,36.86035052910052
2024-01-13,120,62.32888227513228
2024-01-14,60,72.28400793650795
2024-01-15,35,85.24099717412216
2024-01-16,54,70.0149900793651
2024-01-17,100,81.745667989418
2024-01-18,96,84.38838624338626
2024-01-19,58,79.02381944444444
2024-01-20,72,77.50249007936507
2024-01-21,64,87.49143849206351
2024-01-22,71,91.48594907407409
2024-01-23,53,83.05540674603172
2024-01-24,153,75.57806547619046
2024-01-25,115,87.1432043650794
2024-01-26,153,90.68237103174603
2024-01-27,77,90.80236111111113
2024-01-28,80,93.91543650793655
2024-01-29,105,83.8497123015873
2024-01-30,61,86.94457341269842
2023-12-03,70,96.93450396825394
2023-12-04,72,78.81207461519962
2023-12-05,110,83.7375474987975
2023-12-06,68,86.32919973544978
2023-12-07,83,88.76448412698416
2023-12-08,68,81.66229828042329
2023-12-09,61,78.91923941798943
2023-12-10,52,82.16057539682542
2023-12-11,105,87.22438161375659
2023-12-12,65,82.2786408730159
2023-12-13,124,88.09537698412696
2023-12-14,72,78.67511243386244
2023-12-15,64,85.63212301587303
2023-12-16,123,84.55585317460313
2023-12-17,75,84.83388888888888
2023-12-18,67,79.9613888888889
2023-12-19,96,89.20818452380949
2023-12-20,79,85.75610119047619
2023-12-21,65,80.92736111111111
2023-12-22,110,80.91968253968257
2023-12-23,94,79.31767857142857
2023-12-24,61,86.76941468253966
2023-12-25,89,92.77998015873014
2023-12-26,74,84.6523611111111
2023-12-27,45,102.2726455026455
2023-12-28,26,83.6994642857143
2023-12-29,37,76.07565295815296
2023-12-30,15,76.4871130952381
2023-12-31,27,76.77222222222223
2024-01-01,25,51.578085317460335
2024-01-02,38,35.78296626984127
2024-01-03,28,40.06385912698412
2024-01-04,18,39.05583333333334
2024-01-05,65,36.192457010582004
2024-01-06,25,39.682969576719564
2024-01-07,15,37.592202380952386
2024-01-08,37,36.55965608465609
2024-01-09,59,39.799890873015876
2024-01-10,65,42.317320526695525
2024-01-11,109,39.4814880952381
2024-01-12,73,50.19650793650793
2024-01-13,47,55.99741071428571
2024-01-14,77,74.04685185185187
2024-01-15,64,73.50919312169313
2024-01-16,69,77.07837632275132
2024-01-17,71,86.70798821548824
2024-01-18,119,83.14276455026454
2024-01-19,65,81.04923611111113
2024-01-20,66,94.03583994708997
2024-01-21,104,79.51545634920633
2024-01-22,54,94.8605257936508
2024-01-23,83,80.89801587301585
2024-01-24,82,84.28150793650796
2024-01-25,48,86.56604166666664
2024-01-26,69,81.23208333333334
2024-01-27,79,81.40989087301588
2024-01-28,103,93.44546626984126
2024-01-29,72,79.7495601851852
2024-01-30,73,72.00458994708995
2023-12-03,116,134.75386574074074
2023-12-04,145,122.23201388888891
2023-12-05,113,124.27119047619048
2023-12-06,143,121.10458664021164
2023-12-07,161,133.11818121693125
2023-12-08,116,136.17896825396826
2023-12-09,113,131.20402777777778
2023-12-10,198,126.64115079365078
2023-12-11,69,128.28048761423761
2023-12-12,101,126.58486111111115
2023-12-13,158,119.14014880952378
2023-12-14,164,118.3950793650794
2023-12-15,182,132.05762235449737
2023-12-16,83,132.4604365079365
2023-12-17,53,126.90953373015873
2023-12-18,138,127.45164682539684
2023-12-19,67,125.56491071428572
2023-12-20,140,135.46884920634923
2023-12-21,145,116.652371031746
2023-12-22,127,123.41452050264547
2023-12-23,77,122.02327380952379
2023-12-24,108,127.03747023809521
2023-12-25,203,114.16366372053874
2023-12-26,119,117.60196428571425
2023-12-27,72,122.10357142857141
2023-12-28,116,124.18372685185186
2023-12-29,63,110.01490410052914
2023-12-30,58,117.20868386243389
2023-12-31,137,120.14544642857142
2024-01-01,51,130.8456944444444
2024-01-02,75,98.6594841269841
2024-01-03,113,98.9025
2024-01-04,67,91.60760582010585
2024-01-05,38,95.8741468253968
2024-01-06,104,94.55520833333334
2024-01-07,61,93.81179232804237
2024-01-08,94,88.60281746031748
2024-01-09,93,103.31529100529102
2024-01-10,78,108.9928802910053
2024-01-11,143,82.05049603174604
2024-01-12,63,110.55789682539687
2024-01-13,211,102.63540674603175
2024-01-14,78,134.57897156084658
2024-01-15,120,108.9980931337181
2024-01-16,129,115.59901785714284
2024-01-17,154,120.73916335978838
2024-01-18,139,120.38825396825399
2024-01-19,232,127.39832010582012
2024-01-20,155,129.80228174603172
2024-01-21,99,136.5507341269841
2024-01-22,51,145.9272916666666
2024-01-23,87,131.49409391534394
2024-01-24,89,119.87903439153442
2024-01-25,49,119.39392706830203
2024-01-26,102,125.28369227994229
2024-01-27,150,92.13536375661374
2024-01-28,151,99.54781746031749
2024-01-29,57,95.00165674603177
2024-01-30,87,87.70690476190477
2023-12-03,90,116.20114748677248
2023-12-04,194,118.25487103174608
2023-12-05,102,113.8536739417989
2023-12-06,85,107.06909391534393
2023-12-07,69,117.55251984126981
2023-12-08,80,102.50041666666668
2023-12-09,106,117.95775793650792
2023-12-10,96,106.8200297619048
2023-12-11,115,107.60754779942279
2023-12-12,65,115.30056547619047
2023-12-13,99,115.99115079365082
2023-12-14,168,108.2575811688312
2023-12-15,147,116.62000661375664
2023-12-16,108,103.62595568783065
2023-12-17,122,108.83001984126982
2023-12-18,139,113.0998214285714
2023-12-19,115,109.02131944444442
2023-12-20,130,111.2526190476191
2023-12-21,108,111.30039682539686
2023-12-22,200,118.79198412698419
2023-12-23,155,105.61091089466089
2023-12-24,142,119.9350974025974
2023-12-25,78,128.80386904761906
2023-12-26,75,114.72801256613758
2023-12-27,58,117.06027777777778
2023-12-28,29,130.30763888888887
2023-12-29,33,109.06371031746035
2023-12-30,41,98.01740079365074
2023-12-31,39,73.2329365079365
2024-01-01,48,46.2312003968254
2024-01-02,52,55.761369047619056
2024-01-03,7,43.80397817460317
2024-01-04,29,32.12337301587302
2024-01-05,30,33.72657738095238
2024-01-06,38,34.43646825396825
2024-01-07,25,35.42414682539681
2024-01-08,20,34.93103174603174
2024-01-09,69,34.15435515873016
2024-01-10,134,37.999960317460285
2024-01-11,110,53.61966931216932
2024-01-12,117,76.36727843915342
2024-01-13,115,83.85381613756616
2024-01-14,145,89.85842261904759
2024-01-15,98,122.13436507936505
2024-01-16,127,117.85258928571429
2024-01-17,52,129.7622321428572
2024-01-18,73,113.25312500000001
2024-01-19,26,108.70873015873016
2024-01-20,60,91.00055886243389
2024-01-21,47,86.20970238095236
2024-01-22,56,76.93691798941796
2024-01-23,57,74.03029761904762
2024-01-24,80,54.58503968253968
2024-01-25,54,68.83600859788362
2024-01-26,111,54.9293650793651
2024-01-27,196,84.4399007936508
2024-01-28,104,115.18248286435787
2024-01-29,69,85.09728174603177
2024-01-30,78,94.92428571428573
2023-12-03,72,131.69716269841268
2023-12-04,135,129.08173611111113
2023-12-05,82,126.33690476190473
2023-12-06,193,112.20753968253969
2023-12-07,99,124.01450396825395
2023-12-08,117,127.85687830687829
2023-12-09,146,119.86815476190478
2023-12-10,154,131.36171626984128
2023-12-11,95,115.15352513227512
2023-12-12,104,119.39554232804228
2023-12-13,62,126.72267857142857
2023-12-14,102,118.91672619047618
2023-12-15,91,129.91069444444446
2023-12-16,145,126.24801587301586
2023-12-17,66,122.2583531746032
2023-12-18,154,113.59814153439152
2023-12-19,116,118.16592923280423
2023-12-20,118,138.32296957671957
2023-12-21,147,115.08678571428571
2023-12-22,91,124.18439153439152
2023-12-23,144,124.87945436507935
2023-12-24,69,131.79064814814814
2023-12-25,95,113.06100198412697
2023-12-26,50,115.37452380952378
2023-12-27,74,120.17680555555557
2023-12-28,69,114.90549603174604
2023-12-29,89,106.84977182539679
2023-12-30,14,106.9288888888889
2023-12-31,34,76.28739898989899
2024-01-01,91,72.61565476190476
2024-01-02,127,75.94396825396827
2024-01-03,119,100.34724206349208
2024-01-04,93,101.36526455026457
2024-01-05,89,109.6664781746032
2024-01-06,94,102.90258597883599
2024-01-07,72,112.95977513227515
2024-01-08,66,94.30640873015872
2024-01-09,50,100.79625000000004
2024-01-10,148,95.61334776334779
2024-01-11,193,106.77250992063486
2024-01-12,47,106.27600198412696
2024-01-13,72,102.54404761904762
2024-01-14,76,117.75526785714287
2024-01-15,62,107.75870701058197
2024-01-16,95,109.73494378306876
2024-01-17,77,104.68563822751327
2024-01-18,101,83.12402116402116
2024-01-19,100,92.2182671957672
2024-01-20,38,91.32650072150074
2024-01-21,82,84.65196428571434
2024-01-22,168,87.87644841269842
2024-01-23,110,99.31164682539683
2024-01-24,60,94.05147486772488
2024-01-25,78,95.86289682539683
2024-01-26,159,86.7293154761905
2024-01-27,143,99.07424603174603
2024-01-28,170,102.94696428571434
2024-01-29,102,110.45643849206354
2024-01-30,79,96.96969426406926
2023-12-03,114,111.27786706349208
2023-12-04,102,118.3347222222222
2023-12-05,208,123.6773908730159
2023-12-06,125,128.58200066137567
2023-12-07,137,134.16953373015875
2023-12-08,74,119.745291005291
2023-12-09,168,118.76517857142858
2023-12-10,154,115.55097222222226
2023-12-11,136,120.08430555555553
2023-12-12,131,124.96612433862438
2023-12-13,114,115.59273148148148
2023-12-14,110,120.31505952380955
2023-12-15,116,135.75083333333333
2023-12-16,141,131.73753968253968
2023-12-17,146,124.70270833333333
2023-12-18,92,119.17612103174602
2023-12-19,54,123.99428571428572
2023-12-20,93,123.77196428571432
2023-12-21,150,132.19831349206348
2023-12-22,178,133.6098749398749
2023-12-23,135,121.10213293650794
2023-12-24,205,113.40518849206346
2023-12-25,112,121.56222222222227
2023-12-26,99,116.08740079365076
2023-12-27,79,113.73809523809523
2023-12-28,58,122.62144841269838
2023-12-29,73,120.40470238095239
2023-12-30,90,119.94115079365075
2023-12-31,69,118.39272156084658
2024-01-01,75,108.71559523809523
2024-01-02,94,92.90083333333335
2024-01-03,86,86.44739087301585
2024-01-04,52,89.01571428571425
2024-01-05,72,91.407123015873
2024-01-06,32,88.85823232323233
2024-01-07,105,76.82932539682541
2024-01-08,45,86.8120634920635
2024-01-09,142,74.73386904761905
2024-01-10,150,98.28559523809525
2024-01-11,111,115.25407738095235
2024-01-12,98,105.36634920634923
2024-01-13,72,101.06835648148147
2024-01-14,111,104.50610119047616
2024-01-15,139,103.04016233766232
2024-01-16,208,116.18778769841272
2024-01-17,87,118.8167640692641
2024-01-18,188,112.45
2024-01-19,152,119.3441335978836
2024-01-20,235,113.34190476190479
2024-01-21,181,136.10863095238093
2024-01-22,108,136.0992162698413
2024-01-23,123,141.8533697089947
2024-01-24,128,142.40322420634917
2024-01-25,109,135.3906845238095
2024-01-26,122,128.97927910052906
2024-01-27,111,136.71246031746028
2024-01-28,124,123.2599900793651
2024-01-29,139,108.53121031746032
2024-01-30,73,107.77618055555558
2023-12-03,61,113.52253968253967
2023-12-04,114,115.15287698412702
2023-12-05,163,126.75829695767197
2023-12-06,145,107.05334325396827
2023-12-07,63,104.74000661375662
2023-12-08,86,113.69737103174607
2023-12-09,75,119.35016203703705
2023-12-10,97,104.50141865079364
2023-12-11,63,108.72738095238093
2023-12-12,86,108.87641865079368
2023-12-13,103,109.87572420634923
2023-12-14,184,106.47051046176048
2023-12-15,147,108.53898809523811
2023-12-16,82,98.82555224867724
2023-12-17,84,104.58192460317456
2023-12-18,137,111.44789021164024
2023-12-19,101,108.21381944444447
2023-12-20,122,98.16319444444444
2023-12-21,110,104.17815806878306
2023-12-22,157,105.72436177248677
2023-12-23,99,121.55540674603171
2023-12-24,139,115.07049603174609
2023-12-25,91,114.1844477513228
2023-12-26,63,116.13856631794134
2023-12-27,54,109.24176587301585
2023-12-28,72,125.11872354497355
2023-12-29,71,103.6867857142857
2023-12-30,47,109.11388227513228
2023-12-31,44,82.29398809523808
2024-01-01,55,73.43259920634922
2024-01-02,54,62.88958333333335
2024-01-03,97,57.39653108465609
2024-01-04,39,80.89909722222224
2024-01-05,75,61.54772817460317
2024-01-06,42,63.20238095238095
2024-01-07,57,69.67521164021164
2024-01-08,93,64.828458994709
2024-01-09,115,68.45265542328043
2024-01-10,74,76.53473214285712
2024-01-11,81,78.41037698412698
2024-01-12,103,70.64340277777778
2024-01-13,30,81.66913690476191
2024-01-14,99,81.84714195526696
2024-01-15,63,87.73529761904764
2024-01-16,115,77.76067460317459
2024-01-17,113,78.80041666666665
2024-01-18,37,87.23799603174604
2024-01-19,115,79.08472552910054
2024-01-20,199,80.83509920634921
2024-01-21,88,115.89300264550266
2024-01-22,79,109.27807539682536
2024-01-23,95,112.60947420634923
2024-01-24,77,111.61900793650791
2024-01-25,133,104.12924603174602
2024-01-26,175,114.16755952380952
2024-01-27,132,116.81265542328043
2024-01-28,101,110.37473875661377
2024-01-29,68,95.8638293650794
2024-01-30,138,98.55918650793654
2023-12-03,137,109.47709656084656
2023-12-04,80,105.99314814814817
2023-12-05,158,116.22160714285717
2023-12-06,86,102.828416005291
2023-12-07,161,107.04202380952377
2023-12-08,176,119.10540343915343
2023-12-09,146,113.44879148629151
2023-12-10,115,115.63988095238093
2023-12-11,125,129.44160714285712
2023-12-12,100,119.16590608465609
2023-12-13,140,123.14537698412701
2023-12-14,203,120.96648809523806
2023-12-15,255,124.58269179894177
2023-12-16,36,126.04277116402116
2023-12-17,148,131.63488095238097
2023-12-18,214,123.96530423280423
2023-12-19,121,136.5401091269841
2023-12-20,107,127.31813492063493
2023-12-21,106,124.3657341269841
2023-12-22,40,127.0713955026455
2023-12-23,94,116.06902777777782
2023-12-24,90,115.36106481481482
2023-12-25,142,128.13945707070704
2023-12-26,97,117.1841468253968
2023-12-27,139,123.28074074074067
2023-12-28,81,127.87613095238095
2023-12-29,76,120.832123015873
2023-12-30,157,118.63777777777774
2023-12-31,121,118.410291005291
2024-01-01,83,121.62790674603171
2024-01-02,201,123.09951388888895
2024-01-03,128,128.1625595238096
2024-01-04,205,135.09905423280424
2024-01-05,136,131.15688492063495
2024-01-06,102,126.99801587301589
2024-01-07,103,126.51593253968252
2024-01-08,195,138.39604828042323
2024-01-09,138,124.83888888888889
2024-01-10,113,136.3524007936508
2024-01-11,90,130.59939814814814
2024-01-12,117,120.53692791005288
2024-01-13,85,130.34721861471857
2024-01-14,113,135.9933333333333
2024-01-15,103,120.71982142857142
2024-01-16,91,129.25236441798944
2024-01-17,21,129.37538359788357
2024-01-18,72,104.18055555555556
2024-01-19,87,100.5213095238095
2024-01-20,96,99.70210317460318
2024-01-21,84,97.94401785714288
2024-01-22,88,97.37011904761903
2024-01-23,80,93.20341269841272
2024-01-24,165,93.8278207671958
2024-01-25,226,109.77443452380955
2024-01-26,121,118.68583994708993
2024-01-27,167,115.49392195767196
2024-01-28,167,122.29146825396823
2024-01-29,100,115.93710317460321
2024-01-30,118,116.00434523809524
2023-12-03,58,115.25121031746036
2023-12-04,151,110.06284391534388
2023-12-05,44,111.67006944444444
2023-12-06,135,109.48675595238096
2023-12-07,112,116.16630952380955
2023-12-08,105,117.77997354497356
2023-12-09,53,110.3795238095238
2023-12-10,132,109.1471164021164
2023-12-11,131,102.59744137806636
2023-12-12,59,102.00699735449736
2023-12-13,113,108.16931547619046
2023-12-14,38,111.06861111111112
2023-12-15,105,107.42603174603174
2023-12-16,105,100.49869047619048
2023-12-17,100,108.42301587301591
2023-12-18,173,120.0597023809524
2023-12-19,75,120.63862433862434
2023-12-20,57,112.59871031746032
2023-12-21,63,99.68241402116404
2023-12-22,42,110.23878968253965
2023-12-23,133,102.03412337662331
2023-12-24,126,112.69633928571427
2023-12-25,92,115.22996031746028
2023-12-26,76,110.01529190716694
2023-12-27,20,108.28220869408372
2023-12-28,19,101.32991071428575
2023-12-29,16,83.26684523809523
2023-12-30,9,69.41810185185186
2023-12-31,30,82.50184193121693
2024-01-01,36,31.72751984126985
2024-01-02,32,36.286514550264556
2024-01-03,61,31.720932539682543
2024-01-04,62,37.5245256132756
2024-01-05,9,38.54146825396823
2024-01-06,67,35.003191137566134
2024-01-07,49,35.98968253968254
2024-01-08,30,39.08026785714285
2024-01-09,67,45.67640873015872
2024-01-10,137,42.461388888888884
2024-01-11,50,81.12664682539683
2024-01-12,43,73.0357738095238
2024-01-13,56,78.23131613756617
2024-01-14,120,70.30548611111112
2024-01-15,115,84.3299007936508
2024-01-16,134,94.00298611111113
2024-01-17,99,106.30095238095235
2024-01-18,49,88.45817460317461
2024-01-19,61,93.02859126984126
2024-01-20,101,83.07496031746031
2024-01-21,47,86.51480158730159
2024-01-22,68,84.67240079365075
2024-01-23,104,84.26383928571431
2024-01-24,99,86.26782738095238
2024-01-25,155,82.58325396825397
2024-01-26,75,101.23451388888887
2024-01-27,174,86.30515873015875
2024-01-28,60,110.57885912698413
2024-01-29,129,100.06687830687832
2024-01-30,109,100.72850889850892
2023-12-03,119,128.86488275613274
2023-12-04,97,123.22855158730161
2023-12-05,235,131.1632142857143
2023-12-06,181,129.92782738095238
2023-12-07,153,128.1330291005291
2023-12-08,95,145.24599206349203
2023-12-09,76,139.53194444444446
2023-12-10,106,120.89907738095236
2023-12-11,71,116.32500330687832
2023-12-12,64,113.84981150793652
2023-12-13,159,117.06671626984127
2023-12-14,215,115.22930555555556
2023-12-15,211,125.61646825396824
2023-12-16,104,116.79341269841271
2023-12-17,105,115.47027777777777
2023-12-18,119,126.80035714285717
2023-12-19,73,129.4999206349206
2023-12-20,68,138.6721428571429
2023-12-21,126,129.7893253968254
2023-12-22,178,120.0220138888889
2023-12-23,127,124.64135251322753
2023-12-24,146,127.62330026455024
2023-12-25,122,116.00626533189032
2023-12-26,223,125.44560365560369
2023-12-27,97,129.43101521164024
2023-12-28,105,128.04623015873017
2023-12-29,115,126.28482142857143
2023-12-30,76,105.61119047619049
2023-12-31,47,113.49726190476193
2024-01-01,52,136.52515873015872
2024-01-02,58,116.98029761904768
2024-01-03,81,101.070128968254
2024-01-04,64,89.27757275132275
2024-01-05,114,85.78722222222223
2024-01-06,68,86.01780753968252
2024-01-07,104,84.73238095238094
2024-01-08,73,92.65603174603174
2024-01-09,145,99.22904761904763
2024-01-10,73,124.89021825396823
2024-01-11,189,109.38270833333331
2024-01-12,106,116.38005291005291
2024-01-13,85,113.27901455026453
2024-01-14,142,112.26999007936507
2024-01-15,72,105.55368055555556
2024-01-16,110,109.16580687830688
2024-01-17,92,104.27484126984129
2024-01-18,127,111.40432539682534
2024-01-19,105,105.75289682539686
2024-01-20,118,112.30251202501204
2024-01-21,132,120.89883928571432
2024-01-22,66,107.84913029100525
2024-01-23,157,118.42479497354496
2024-01-24,130,108.49033730158732
2024-01-25,120,110.42681547619047
2024-01-26,104,103.65859126984128
2024-01-27,173,103.71727513227516
2024-01-28,124,113.40974206349206
2024-01-29,111,94.98750992063492
2024-01-30,96,96.02338293650793
2023-12-03,67,123.51551587301587
2023-12-04,181,130.0941369047619
2023-12-05,89,132.50425595238096
2023-12-06,91,121.09904761904762
2023-12-07,186,117.99253968253966
2023-12-08,166,129.09822420634913
2023-12-09,159,119.40613756613756
2023-12-10,92,126.1407738095238
2023-12-11,152,113.21864087301593
2023-12-12,244,111.22414682539683
2023-12-13,182,122.44109457671958
2023-12-14,193,127.1759821428571
2023-12-15,130,129.1667724867725
2023-12-16,88,134.174623015873
2023-12-17,127,130.48805555555558
2023-12-18,194,118.73560515873015
2023-12-19,83,132.7335945767196
2023-12-20,124,123.87675595238096
2023-12-21,174,124.30228174603172
2023-12-22,81,129.69983345358347
2023-12-23,160,118.40637445887447
2023-12-24,85,122.93277447089947
2023-12-25,110,116.1408134920635
2023-12-26,249,120.4678327922078
2023-12-27,105,137.90687499999999
2023-12-28,66,125.62549603174608
2023-12-29,128,111.15954365079368
2023-12-30,74,107.24077050264549
2023-12-31,35,109.4565575396825
2024-01-01,89,136.74419642857143
2024-01-02,116,128.21944444444443
2024-01-03,80,124.45675264550259
2024-01-04,44,101.55958333333335
2024-01-05,66,92.92545634920637
2024-01-06,92,85.97522156084656
2024-01-07,120,95.55146164021161
2024-01-08,91,126.32970238095234
2024-01-09,150,116.10507936507932
2024-01-10,106,124.3320734126984
2024-01-11,109,118.33439484126987
2024-01-12,116,114.62056547619049
2024-01-13,138,126.45540674603174
2024-01-14,111,119.12589285714284
2024-01-15,71,111.1507341269841
2024-01-16,123,112.57739087301589
2024-01-17,184,116.14276124338627
2024-01-18,150,112.83434523809525
2024-01-19,80,124.13176587301588
2024-01-20,139,121.1250396825397
2024-01-21,157,121.2538855820106
2024-01-22,116,130.78057539682538
2024-01-23,61,124.90145833333334
2024-01-24,284,114.76104166666666
2024-01-25,135,130.43509589947087
2024-01-26,135,129.9306349206349
2024-01-27,148,134.7187962962963
2024-01-28,131,125.756541005291
2024-01-29,85,113.44576388888889
2024-01-30,108,110.50341931216927
2023-12-03,133,114.37073412698415
2023-12-04,201,124.49321428571429
2023-12-05,67,118.62507936507933
2023-12-06,110,126.69006613756619
2023-12-07,133,137.58464285714288
2023-12-08,122,123.77894841269841
2023-12-09,193,122.68557539682534
2023-12-10,188,115.8429861111112
2023-12-11,135,121.66072089947095
2023-12-12,140,119.92619708994712
2023-12-13,167,137.0542352092352
2023-12-14,149,132.7932142857143
2023-12-15,94,130.7921031746032
2023-12-16,53,133.70153769841275
2023-12-17,150,125.96304894179893
2023-12-18,143,125.94419642857142
2023-12-19,162,115.25588293650793
2023-12-20,178,118.48617063492067
2023-12-21,143,122.99984126984124
2023-12-22,98,123.76446428571427
2023-12-23,95,120.0707738095238
2023-12-24,99,134.54286706349208
2023-12-25,102,126.19160383597882
2023-12-26,109,132.180873015873
2023-12-27,167,140.19757936507938
2023-12-28,83,133.7903273809524
2023-12-29,116,121.17041666666667
2023-12-30,74,120.56657076719578
2023-12-31,94,117.901121031746
2024-01-01,90,121.97022486772487
2024-01-02,93,111.75549603174606
2024-01-03,62,108.67391865079367
2024-01-04,89,106.65736111111111
2024-01-05,130,109.67187830687827
2024-01-06,81,121.99409722222222
2024-01-07,189,112.22191798941799
2024-01-08,134,121.66458333333331
2024-01-09,147,113.00602182539686
2024-01-10,74,119.37425595238099
2024-01-11,118,116.79446428571434
2024-01-12,174,117.73750000000003
2024-01-13,124,129.6447222222222
2024-01-14,152,125.2897619047619
2024-01-15,140,122.28400132275137
2024-01-16,103,119.00829365079365
2024-01-17,182,128.49853835978834
2024-01-18,164,122.16771825396829
2024-01-19,86,112.97818783068782
2024-01-20,86,122.92846230158734
2024-01-21,156,138.50891865079367
2024-01-22,180,129.9489682539683
2024-01-23,98,132.58724837662336
2024-01-24,169,131.12910714285715
2024-01-25,115,127.55043650793648
2024-01-26,120,115.34893187830683
2024-01-27,159,124.8481448412699
2024-01-28,112,118.01369708994706
2024-01-29,120,100.61279761904764
2024-01-30,107,98.28201388888891
2023-12-03,94,118.67057539682538
2023-12-04,164,123.73394841269841
2023-12-05,135,107.66451388888889
2023-12-06,47,110.73097763347768
2023-12-07,159,115.53470568783068
2023-12-08,139,116.6791369047619
2023-12-09,163,121.62246121933622
2023-12-10,124,129.05619047619047
2023-12-11,82,117.42615079365079
2023-12-12,108,111.5071130952381
2023-12-13,141,121.94846230158728
2023-12-14,123,116.99587301587302
2023-12-15,135,122.58051587301586
2023-12-16,159,130.44887896825395
2023-12-17,79,126.23103174603173
2023-12-18,205,131.16442129629633
2023-12-19,130,127.39983134920632
2023-12-20,119,140.1612830687831
2023-12-21,63,122.25826388888892
2023-12-22,25,128.19319444444446
2023-12-23,98,130.91194444444446
2023-12-24,124,111.18871031746032
2023-12-25,42,116.68231150793653
2023-12-26,192,108.86731812169309
2023-12-27,108,121.24839285714287
2023-12-28,82,110.22535714285719
2023-12-29,84,113.97888888888889
2023-12-30,65,116.57950396825395
2023-12-31,75,111.22266865079365
2024-01-01,129,122.71420634920631
2024-01-02,77,114.40688822751324
2024-01-03,135,97.79874007936509
2024-01-04,44,126.2252777777778
2024-01-05,106,93.27734126984129
2024-01-06,99,114.76434523809525
2024-01-07,99,111.80498015873015
2024-01-08,79,119.44976521164024
2024-01-09,165,121.76103505291003
2024-01-10,123,103.61670304232803
2024-01-11,201,99.42570436507937
2024-01-12,61,120.26841269841273
2024-01-13,155,114.02047619047622
2024-01-14,97,118.43438492063494
2024-01-15,225,123.31729166666663
2024-01-16,105,123.85092923280425
2024-01-17,96,133.55662698412698
2024-01-18,130,115.43475529100529
2024-01-19,103,122.58481812169312
2024-01-20,136,119.75748827561328
2024-01-21,118,119.05526785714288
2024-01-22,146,114.96656746031748
2024-01-23,69,129.07516865079364
2024-01-24,119,114.79744047619049
2024-01-25,80,117.58588293650801
2024-01-26,78,118.6907936507937
2024-01-27,66,107.22573262385764
2024-01-28,121,101.88466269841268
2024-01-29,152,94.01609126984128
2024-01-30,62,89.0962003968254
2023-12-03,102,109.70015873015869
2023-12-04,114,115.76678571428575
2023-12-05,75,118.32884589947089
2023-12-06,85,114.85826719576718
2023-12-07,110,110.58684193121692
2023-12-08,71,118.14664682539683
2023-12-09,109,116.08022817460318
2023-12-10,128,100.51745039682537
2023-12-11,142,110.21188492063493
2023-12-12,96,114.20231150793647
2023-12-13,98,104.28247023809521
2023-12-14,130,112.40593253968255
2023-12-15,110,101.91078373015873
2023-12-16,104,101.63003306878304
2023-12-17,122,103.49067460317464
2023-12-18,106,109.59887566137569
2023-12-19,119,101.65568452380953
2023-12-20,108,99.27895171957672
2023-12-21,118,116.75214285714287
2023-12-22,108,119.79603174603176
2023-12-23,89,121.5687037037037
2023-12-24,79,109.22442460317461
2023-12-25,32,111.48658730158728
2023-12-26,76,111.5817956349206
2023-12-27,47,107.44984788359791
2023-12-28,51,100.28977843915344
2023-12-29,46,93.19741071428571
2023-12-30,50,87.10916335978837
2023-12-31,30,76.87289682539684
2024-01-01,31,62.356917989417994
2024-01-02,76,50.4974603174603
2024-01-03,59,48.04345238095237
2024-01-04,26,50.27590277777778
2024-01-05,51,46.83934523809523
2024-01-06,75,48.23440476190477
2024-01-07,18,55.53741071428572
2024-01-08,58,57.51124007936507
2024-01-09,93,54.28483134920636
2024-01-10,118,56.99782407407409
2024-01-11,65,70.66914682539685
2024-01-12,122,69.30679563492062
2024-01-13,162,78.37589285714286
2024-01-14,79,99.31406746031747
2024-01-15,124,91.42382936507936
2024-01-16,89,103.50239087301586
2024-01-17,72,103.3198015873016
2024-01-18,105,92.66385912698415
2024-01-19,68,95.60665674603176
2024-01-20,115,97.76464285714289
2024-01-21,45,90.74146164021165
2024-01-22,94,82.97596230158732
2024-01-23,91,84.40224206349208
2024-01-24,119,91.23589285714289
2024-01-25,86,85.08447751322753
2024-01-26,49,88.00494047619048
2024-01-27,81,88.44077380952379
2024-01-28,87,80.97702380952379
2024-01-29,77,68.16619047619047
2024-01-30,96,60.651021825396796
2023-12-03,82,117.42472222222226
2023-12-04,227,118.09760912698411
2023-12-05,91,129.43560846560848
2023-12-06,111,134.2272685185185
2023-12-07,96,128.82749007936508
2023-12-08,61,127.23192460317456
2023-12-09,94,114.65091600529101
2023-12-10,68,116.30061507936509
2023-12-11,144,103.3906845238095
2023-12-12,61,118.56800505050508
2023-12-13,183,119.9347023809524
2023-12-14,73,111.5237896825397
2023-12-15,173,112.0462599206349
2023-12-16,123,116.78688492063492
2023-12-17,92,117.92519841269842
2023-12-18,207,113.57382605820108
2023-12-19,125,121.48112433862435
2023-12-20,150,119.30014550264553
2023-12-21,71,125.98344907407409
2023-12-22,40,125.09776455026456
2023-12-23,138,123.12758597883597
2023-12-24,111,120.12319234006738
2023-12-25,87,125.81169642857148
2023-12-26,100,113.70227843915339
2023-12-27,80,122.11689484126983
2023-12-28,64,115.05036706349208
2023-12-29,124,113.31296626984123
2023-12-30,50,120.05023809523813
2023-12-31,39,118.44841269841268
2024-01-01,99,87.03523809523811
2024-01-02,63,98.154880952381
2024-01-03,72,84.68871693121693
2024-01-04,109,84.03941798941801
2024-01-05,84,111.53653108465612
2024-01-06,80,85.50984848484849
2024-01-07,123,93.75113756613754
2024-01-08,34,117.02374999999998
2024-01-09,151,93.85096230158733
2024-01-10,63,110.49285714285712
2024-01-11,4,107.95521494708993
2024-01-12,152,66.84555555555553
2024-01-13,146,114.38743055555555
2024-01-14,146,102.14050595238096
2024-01-15,111,112.52269841269845
2024-01-16,128,109.46502976190474
2024-01-17,118,120.9977414021164
2024-01-18,107,110.56096230158731
2024-01-19,168,118.32860119047618
2024-01-20,131,120.7655456349206
2024-01-21,82,120.93914682539686
2024-01-22,114,116.66677910052911
2024-01-23,138,107.60962301587304
2024-01-24,134,109.21737103174603
2024-01-25,114,112.92312499999998
2024-01-26,120,117.097876984127
2024-01-27,117,121.18600198412699
2024-01-28,130,121.9014384920635
2024-01-29,80,106.86219246031746
2024-01-30,129,105.20115079365081
2023-12-03,97,70.35030753968253
2023-12-04,118,78.27696428571429
2023-12-05,97,76.5620634920635
2023-12-06,109,73.41007275132276
2023-12-07,46,88.1315277777778
2023-12-08,106,63.09253306878308
2023-12-09,117,86.75978114478116
2023-12-10,135,88.28986111111111
2023-12-11,80,95.5807242063492
2023-12-12,93,81.87107142857145
2023-12-13,86,87.23485119047622
2023-12-14,129,85.4805753968254
2023-12-15,97,89.72569444444447
2023-12-16,113,89.12902777777775
2023-12-17,86,91.83763227513228
2023-12-18,102,85.53882936507942
2023-12-19,133,88.64712301587302
2023-12-20,99,94.3547123015873
2023-12-21,103,98.85697420634921
2023-12-22,74,91.61426917989421
2023-12-23,96,92.5192643698894
2023-12-24,130,96.31523148148149
2023-12-25,54,100.20905092592592
2023-12-26,168,92.31538029100531
2023-12-27,58,121.1286904761905
2023-12-28,11,111.7773214285714
2023-12-29,57,106.15950396825393
2023-12-30,29,107.23312499999999
2023-12-31,80,85.73263888888886
2024-01-01,61,84.92484788359788
2024-01-02,43,74.0929761904762
2024-01-03,47,46.449573412698406
2024-01-04,51,57.43880952380952
2024-01-05,38,51.35294973544972
2024-01-06,49,55.023035714285705
2024-01-07,53,49.583382936507945
2024-01-08,37,52.57283730158732
2024-01-09,81,55.23212301587301
2024-01-10,51,52.96560846560846
2024-01-11,117,51.5629265873016
2024-01-12,98,78.32133928571429
2024-01-13,122,64.61624007936507
2024-01-14,72,92.13859126984127
2024-01-15,72,77.85689814814815
2024-01-16,90,82.80572420634924
2024-01-17,77,85.3274206349206
2024-01-18,184,85.54235449735448
2024-01-19,108,107.38873015873014
2024-01-20,161,102.88587962962963
2024-01-21,135,117.0663095238095
2024-01-22,80,117.3378869047619
2024-01-23,95,117.0460714285714
2024-01-24,87,109.49672619047621
2024-01-25,87,108.37303571428573
2024-01-26,121,101.57032076719575
2024-01-27,148,111.8514583333333
2024-01-28,37,109.9436838624339
2024-01-29,90,74.51195767195766
2024-01-30,101,69.4011111111111
2023-12-03,172,116.35840277777774
2023-12-04,123,121.27601911976917
2023-12-05,118,127.6295238095238
2023-12-06,132,118.56180555555554
2023-12-07,101,122.79733134920635
2023-12-08,96,123.52485119047614
2023-12-09,106,129.0918915343915
2023-12-10,70,111.15567279942282
2023-12-11,62,112.96049603174596
2023-12-12,116,109.07611111111115
2023-12-13,97,114.15555555555557
2023-12-14,118,115.295753968254
2023-12-15,83,114.55183531746032
2023-12-16,149,102.35503968253971
2023-12-17,127,118.18489417989416
2023-12-18,162,111.18718253968252
2023-12-19,78,104.10658730158731
2023-12-20,64,108.30875
2023-12-21,93,110.29561507936504
2023-12-22,117,115.02725198412696
2023-12-23,61,113.16205357142859
2023-12-24,80,115.69169642857142
2023-12-25,133,117.09078373015872
2023-12-26,82,122.59200396825396
2023-12-27,221,114.83432539682535
2023-12-28,106,120.85890873015872
2023-12-29,153,107.12363095238098
2023-12-30,125,112.92500000000004
2023-12-31,165,104.20291666666667
2024-01-01,121,136.3903499278499
2024-01-02,185,139.59419642857137
2024-01-03,139,139.58678571428572
2024-01-04,154,129.9067261904762
2024-01-05,133,129.74216089466094
2024-01-06,31,134.42177579365074
2024-01-07,230,129.15583333333333
2024-01-08,100,137.0679861111111
2024-01-09,135,128.42704365079365
2024-01-10,96,129.16790674603175
2024-01-11,90,131.2049074074074
2024-01-12,130,121.4769246031746
2024-01-13,162,130.63227182539683
2024-01-14,137,131.2876388888889
2024-01-15,170,136.4570138888889
2024-01-16,92,120.94307900432904
2024-01-17,99,136.03835317460317
2024-01-18,125,126.14955357142854
2024-01-19,123,125.04064484126984
2024-01-20,202,129.8429166666666
2024-01-21,139,125.9187400793651
2024-01-22,111,127.94506944444443
2024-01-23,108,132.24050595238094
2024-01-24,79,122.97367063492067
2024-01-25,121,121.35304232804232
2024-01-26,206,119.77066137566138
2024-01-27,179,121.24221951659449
2024-01-28,58,112.84554563492064
2024-01-29,122,112.34696428571425
2024-01-30,67,92.95438492063491
2023-12-03,205,121.69748015873016
2023-12-04,144,107.19064484126989
2023-12-05,189,118.51704365079367
2023-12-06,81,124.98396164021166
2023-12-07,187,130.72765873015874
2023-12-08,131,117.68712301587301
2023-12-09,143,119.64344246031746
2023-12-10,105,140.88639880952385
2023-12-11,67,121.64503968253972
2023-12-12,98,113.90770833333333
2023-12-13,84,117.86220238095237
2023-12-14,86,109.55170634920636
2023-12-15,182,123.14132275132276
2023-12-16,82,115.60179563492063
2023-12-17,102,130.5502876984127
2023-12-18,101,121.57007936507937
2023-12-19,118,122.26754629629623
2023-12-20,95,114.46065476190479
2023-12-21,159,123.77623015873019
2023-12-22,119,118.07279761904763
2023-12-23,128,122.38748346560848
2023-12-24,150,125.52941017316013
2023-12-25,132,114.00152777777777
2023-12-26,154,125.71235653235654
2023-12-27,130,120.87452915140418
2023-12-28,116,139.2514451058201
2023-12-29,114,112.45746693121693
2023-12-30,125,120.155916005291
2023-12-31,62,118.7533531746032
2024-01-01,134,125.51888888888884
2024-01-02,127,132.1690376984127
2024-01-03,92,122.05136904761903
2024-01-04,107,123.53506944444442
2024-01-05,117,112.84702380952382
2024-01-06,129,117.09030423280423
2024-01-07,134,117.96184523809522
2024-01-08,184,119.08145833333333
2024-01-09,237,130.29074404761909
2024-01-10,102,135.8004265873016
2024-01-11,132,129.7325
2024-01-12,113,137.3411772486773
2024-01-13,173,128.63963293650795
2024-01-14,155,124.30777777777782
2024-01-15,88,129.78808531746034
2024-01-16,159,134.09882936507935
2024-01-17,88,105.92406084656082
2024-01-18,173,123.96845238095236
2024-01-19,32,133.54839285714286
2024-01-20,224,116.74641865079366
2024-01-21,103,124.787791005291
2024-01-22,49,122.60670304232805
2024-01-23,106,124.0679265873016
2024-01-24,72,132.76438492063488
2024-01-25,132,118.01548611111113
2024-01-26,101,128.66063492063486
2024-01-27,110,123.78458333333332
2024-01-28,61,102.52197420634919
2024-01-29,137,60.28028439153435
2024-01-30,105,101.59296626984126
2023-12-03,108,118.22523809523804
2023-12-04,110,110.25224206349206
2023-12-05,39,111.87246031746032
2023-12-06,120,111.53441468253969
2023-12-07,108,113.39492063492064
2023-12-08,69,108.92905092592592
2023-12-09,66,105.65357804232804
2023-12-10,113,109.30902777777777
2023-12-11,132,104.97707431457431
2023-12-12,103,89.78753968253967
2023-12-13,132,94.4855059523809
2023-12-14,65,99.37299603174604
2023-12-15,129,103.17655753968255
2023-12-16,54,108.91737103174606
2023-12-17,101,105.90192460317462
2023-12-18,93,103.60938492063494
2023-12-19,56,110.61452380952385
2023-12-20,129,106.64298611111111
2023-12-21,92,115.8865476190476
2023-12-22,209,116.89565476190474
2023-12-23,118,117.58444444444446
2023-12-24,51,116.815291005291
2023-12-25,97,112.29647817460315
2023-12-26,144,117.68059523809525
2023-12-27,39,106.02143849206347
2023-12-28,26,111.67129960317462
2023-12-29,22,104.16364087301586
2023-12-30,22,81.95358465608464
2023-12-31,27,77.77008928571428
2024-01-01,13,32.53670634920635
2024-01-02,17,31.95700727513228
2024-01-03,12,34.90867063492065
2024-01-04,15,39.47257846320347
2024-01-05,17,37.74084325396826
2024-01-06,26,31.64295634920635
2024-01-07,21,33.19980158730159
2024-01-08,66,31.50538690476191
2024-01-09,50,30.470098304473307
2024-01-10,43,33.74396825396825
2024-01-11,79,34.54900132275134
2024-01-12,132,37.37780753968254
2024-01-13,99,75.39358465608466
2024-01-14,90,84.92890873015877
2024-01-15,100,95.23047949735452
2024-01-16,100,90.43585317460321
2024-01-17,108,95.50220238095235
2024-01-18,96,105.07948412698413
2024-01-19,76,116.63777116402113
2024-01-20,156,101.74105158730156
2024-01-21,148,122.6506878306878
2024-01-22,136,111.66679563492063
2024-01-23,68,110.81017857142855
2024-01-24,99,115.70371031746029
2024-01-25,98,116.18364087301593
2024-01-26,81,115.40328042328044
2024-01-27,99,103.99943452380951
2024-01-28,124,93.48796626984127
2024-01-29,79,92.85881944444444
2024-01-30,72,67.98136243386244
2023-12-03,84,104.05852843915343
2023-12-04,61,99.03831349206347
2023-12-05,107,104.954375
2023-12-06,163,98.60317460317461
2023-12-07,102,113.52663690476193
2023-12-08,70,110.09419642857142
2023-12-09,120,108.35193121693123
2023-12-10,130,95.1145171957672
2023-12-11,103,110.67549603174602
2023-12-12,76,98.73791666666668
2023-12-13,148,105.2248412698413
2023-12-14,175,104.05864087301588
2023-12-15,213,121.89347883597881
2023-12-16,102,119.55240079365075
2023-12-17,74,106.5155787037037
2023-12-18,78,116.76930224867725
2023-12-19,102,114.02423280423278
2023-12-20,152,110.2759523809524
2023-12-21,141,114.02379960317461
2023-12-22,140,112.09510912698414
2023-12-23,159,118.51017857142855
2023-12-24,45,113.37238095238088
2023-12-25,129,127.13805224867728
2023-12-26,125,115.047294973545
2023-12-27,136,119.75248647186146
2023-12-28,119,125.47641865079362
2023-12-29,126,108.53558201058202
2023-12-30,136,97.39208333333333
2023-12-31,48,113.48025793650793
2024-01-01,138,122.66821428571424
2024-01-02,205,128.23615079365075
2024-01-03,150,127.62691047378547
2024-01-04,47,129.53815476190474
2024-01-05,99,118.53088293650792
2024-01-06,180,118.02553571428565
2024-01-07,100,128.68650793650795
2024-01-08,107,129.29311177248678
2024-01-09,86,121.46895502645505
2024-01-10,82,110.18272005772009
2024-01-11,98,123.69960046897549
2024-01-12,175,127.80761574074073
2024-01-13,84,124.68411375661375
2024-01-14,113,114.91242063492065
2024-01-15,67,118.23095238095237
2024-01-16,23,114.66869047619046
2024-01-17,95,109.56154761904766
2024-01-18,65,104.84296176046175
2024-01-19,112,95.12741071428573
2024-01-20,73,96.79730339105339
2024-01-21,99,97.58388888888886
2024-01-22,16,95.85736111111109
2024-01-23,67,81.95081349206352
2024-01-24,103,90.80242063492065
2024-01-25,120,96.17363425925927
2024-01-26,179,99.95610119047616
2024-01-27,218,109.20071428571427
2024-01-28,147,119.32928571428572
2024-01-29,85,113.72336309523808
2024-01-30,149,117.57714285714286
2023-12-03,104,108.21116732804232
2023-12-04,117,101.44401124338624
2023-12-05,170,115.21835317460315
2023-12-06,155,114.22674933862437
2023-12-07,110,125.77250992063483
2023-12-08,142,122.0970238095238
2023-12-09,161,114.7174107142857
2023-12-10,120,114.7082142857143
2023-12-11,84,120.28862103174603
2023-12-12,174,114.5519642857143
2023-12-13,205,126.35738095238098
2023-12-14,43,133.13231812169315
2023-12-15,129,129.70724206349212
2023-12-16,79,124.01744047619046
2023-12-17,119,114.11350859788361
2023-12-18,153,125.97262626262626
2023-12-19,81,126.53934193121697
2023-12-20,43,131.29357142857145
2023-12-21,129,100.50886904761904
2023-12-22,117,128.39200727513233
2023-12-23,143,122.52408730158727
2023-12-24,87,122.74485449735447
2023-12-25,126,117.72213293650792
2023-12-26,120,123.25174603174605
2023-12-27,243,124.54555555555561
2023-12-28,96,113.3423611111111
2023-12-29,149,112.83605158730158
2023-12-30,97,110.6187566137566
2023-12-31,109,112.32795634920636
2024-01-01,151,124.01059523809522
2024-01-02,127,138.0315343915344
2024-01-03,105,136.19043650793654
2024-01-04,164,136.62110209235203
2024-01-05,130,113.007371031746
2024-01-06,88,134.37358796296292
2024-01-07,75,129.79118055555557
2024-01-08,92,132.5472685185185
2024-01-09,110,113.36953703703703
2024-01-10,121,128.1975132275132
2024-01-11,88,131.1054894179894
2024-01-12,182,120.60330026455026
2024-01-13,172,128.2215671596921
2024-01-14,110,125.32190806878309
2024-01-15,98,116.97504960317461
2024-01-16,82,120.06640873015871
2024-01-17,89,123.6544642857143
2024-01-18,137,117.37246362433864
2024-01-19,57,129.90552579365078
2024-01-20,158,108.31305555555556
2024-01-21,57,126.74281746031744
2024-01-22,173,112.97482142857145
2024-01-23,125,119.86619047619047
2024-01-24,176,121.88961640211639
2024-01-25,131,120.89787037037036
2024-01-26,146,125.80944444444441
2024-01-27,79,125.84821428571425
2024-01-28,117,121.93519841269843
2024-01-29,118,97.93815476190477
2024-01-30,118,88.92057539682544
2023-12-03,43,88.98419973544976
2023-12-04,62,75.78361772486774
2023-12-05,54,74.88278769841271
2023-12-06,52,76.04896825396827
2023-12-07,36,80.26039682539687
2023-12-08,92,82.38065476190475
2023-12-09,88,87.01040674603172
2023-12-10,48,85.88766534391534
2023-12-11,140,83.54720238095238
2023-12-12,71,88.32983465608461
2023-12-13,73,81.91697420634924
2023-12-14,76,92.7882242063492
2023-12-15,76,82.48948412698414
2023-12-16,34,87.5302182539683
2023-12-17,51,75.83356150793651
2023-12-18,129,80.99906746031749
2023-12-19,47,83.2226951058201
2023-12-20,87,81.41880291005289
2023-12-21,82,78.03986772486769
2023-12-22,134,79.68791005291001
2023-12-23,110,87.5245734126984
2023-12-24,82,91.03772817460319
2023-12-25,110,86.81587632275131
2023-12-26,130,85.11396825396827
2023-12-27,34,88.8524007936508
2023-12-28,33,102.4929861111111
2023-12-29,44,73.4062433862434
2023-12-30,50,80.07085317460319
2023-12-31,26,77.47166005291005
2024-01-01,55,46.45048611111111
2024-01-02,44,39.88568452380954
2024-01-03,40,39.86488095238094
2024-01-04,37,36.48783730158729
2024-01-05,33,34.60839285714285
2024-01-06,49,40.16099206349205
2024-01-07,31,35.65728174603175
2024-01-08,42,35.10355158730158
2024-01-09,90,35.370595238095234
2024-01-10,49,44.887827380952395
2024-01-11,90,37.37637896825397
2024-01-12,77,53.152123015873016
2024-01-13,88,65.15483134920636
2024-01-14,89,71.87268849206352
2024-01-15,59,79.23761904761908
2024-01-16,66,79.74412367724867
2024-01-17,63,78.62009259259258
2024-01-18,85,74.5984689153439
2024-01-19,44,81.49122023809522
2024-01-20,92,77.91034722222227
2024-01-21,20,81.78745701058202
2024-01-22,106,70.07638888888891
2024-01-23,39,87.91837301587302
2024-01-24,49,71.12980158730157
2024-01-25,56,65.25277777777778
2024-01-26,119,75.8755853174603
2024-01-27,72,87.59541666666665
2024-01-28,134,86.23209325396826
2024-01-29,43,81.47390873015871
2024-01-30,82,58.040783730158736
2023-12-03,131,113.89239087301583
2023-12-04,126,114.08570436507934
2023-12-05,88,121.72506944444447
2023-12-06,64,116.01739087301586
2023-12-07,51,112.65458333333336
2023-12-08,127,111.74666666666674
2023-12-09,95,119.92
2023-12-10,105,116.63178571428571
2023-12-11,103,120.30045634920637
2023-12-12,147,116.16845238095242
2023-12-13,57,117.26197420634925
2023-12-14,74,112.15787698412699
2023-12-15,137,109.36643518518521
2023-12-16,108,114.55473214285716
2023-12-17,53,109.3511507936508
2023-12-18,68,108.67279761904761
2023-12-19,112,100.72064484126987
2023-12-20,117,100.15751984126983
2023-12-21,151,115.13159060846561
2023-12-22,55,103.68632936507939
2023-12-23,115,110.40133267195766
2023-12-24,163,121.43440806878306
2023-12-25,103,115.17650793650795
2023-12-26,175,108.24264880952383
2023-12-27,11,105.8169146825397
2023-12-28,41,116.28870039682542
2023-12-29,30,106.78180555555555
2023-12-30,47,108.66223544973546
2023-12-31,11,111.3985317460317
2024-01-01,31,37.73484788359788
2024-01-02,42,31.635085978835967
2024-01-03,22,29.62058531746033
2024-01-04,36,34.951362433862435
2024-01-05,34,37.48235119047619
2024-01-06,95,31.474593253968262
2024-01-07,8,46.63688492063492
2024-01-08,23,35.95891865079365
2024-01-09,109,33.68141865079365
2024-01-10,88,48.569054232804234
2024-01-11,164,60.77537037037039
2024-01-12,161,106.49669312169313
2024-01-13,151,108.44816468253967
2024-01-14,126,128.9632837301587
2024-01-15,101,117.95716931216933
2024-01-16,91,111.38480158730162
2024-01-17,94,107.10432208994709
2024-01-18,66,119.87745370370368
2024-01-19,115,114.32341269841268
2024-01-20,45,123.56716269841273
2024-01-21,52,99.25037698412699
2024-01-22,119,106.57689484126985
2024-01-23,89,100.88978174603177
2024-01-24,64,105.69975559163063
2024-01-25,73,88.33082010582011
2024-01-26,81,92.39920634920637
2024-01-27,125,94.32109126984129
2024-01-28,103,90.08089285714284
2024-01-29,55,91.59198412698416
2024-01-30,58,75.88623015873019
2023-12-03,129,118.35348544973544
2023-12-04,162,128.9614616402116
2023-12-05,120,130.84303571428572
2023-12-06,128,135.60777777777778
2023-12-07,105,134.99558531746032
2023-12-08,20,131.11658730158737
2023-12-09,102,125.9658664021164
2023-12-10,125,110.55666666666667
2023-12-11,96,120.45608465608461
2023-12-12,242,118.12010582010582
2023-12-13,210,130.19949404761903
2023-12-14,79,109.75649801587305
2023-12-15,118,132.73613425925927
2023-12-16,138,128.00146494708994
2023-12-17,154,117.09575937950946
2023-12-18,184,124.19587301587299
2023-12-19,107,122.73918320105824
2023-12-20,167,128.01773148148152
2023-12-21,221,132.8092724867725
2023-12-22,119,138.27930555555557
2023-12-23,74,139.00021164021166
2023-12-24,138,130.54787698412696
2023-12-25,26,124.89272005772006
2023-12-26,48,118.11415674603171
2023-12-27,157,131.50026064213563
2023-12-28,88,138.2820854377104
2023-12-29,69,118.54823412698414
2023-12-30,101,114.43982142857142
2023-12-31,53,113.03858134920635
2024-01-01,115,96.82710648148151
2024-01-02,68,124.42591931216927
2024-01-03,141,123.1551124338624
2024-01-04,69,125.59089285714282
2024-01-05,60,97.29142195767194
2024-01-06,83,103.00598875661382
2024-01-07,39,106.9175661375662
2024-01-08,96,104.78127976190474
2024-01-09,90,106.30099537037039
2024-01-10,92,103.80182539682535
2024-01-11,130,87.58741071428568
2024-01-12,140,120.89938492063496
2024-01-13,108,104.29500992063495
2024-01-14,153,105.74278108465609
2024-01-15,75,117.58519841269843
2024-01-16,151,116.00966269841271
2024-01-17,63,113.06273809523807
2024-01-18,80,104.14013888888884
2024-01-19,61,111.971378968254
2024-01-20,118,97.6538558201058
2024-01-21,62,102.93499007936511
2024-01-22,100,87.07821097883598
2024-01-23,94,95.22174272486774
2024-01-24,126,99.433998015873
2024-01-25,73,98.38770833333338
2024-01-26,57,90.76123015873016
2024-01-27,112,89.20312169312169
2024-01-28,111,82.06548941798944
2024-01-29,116,61.52546626984127
2024-01-30,112,60.56119047619047
2023-12-03,100,113.6555717893218
2023-12-04,103,125.61606150793651
2023-12-05,90,126.31442129629632
2023-12-06,148,122.71105158730155
2023-12-07,178,117.35210317460322
2023-12-08,66,121.64764880952377
2023-12-09,124,116.63321428571426
2023-12-10,134,126.99538690476192
2023-12-11,126,128.00280753968252
2023-12-12,100,118.85940476190476
2023-12-13,153,123.66311507936511
2023-12-14,146,111.49598214285716
2023-12-15,50,122.93279761904768
2023-12-16,161,124.11554563492062
2023-12-17,118,117.6276488095238
2023-12-18,144,120.14069113756614
2023-12-19,119,117.51960317460316
2023-12-20,108,122.98789682539685
2023-12-21,144,120.60210978835975
2023-12-22,71,136.25356481481484
2023-12-23,100,131.7643452380952
2023-12-24,111,131.53216269841272
2023-12-25,82,139.25208333333336
2023-12-26,123,129.20440476190478
2023-12-27,68,131.99897486772483
2023-12-28,76,119.91858796296296
2023-12-29,82,111.3007738095238
2023-12-30,59,105.31492063492064
2023-12-31,66,114.11597222222223
2024-01-01,62,99.36376984126984
2024-01-02,34,84.10335317460317
2024-01-03,82,73.2387400793651
2024-01-04,28,74.58902777777779
2024-01-05,56,71.86910714285715
2024-01-06,93,57.477559523809504
2024-01-07,34,70.34458333333333
2024-01-08,79,50.05355158730159
2024-01-09,94,62.00351190476188
2024-01-10,131,69.09136904761903
2024-01-11,136,90.3699206349206
2024-01-12,102,109.4498511904762
2024-01-13,25,91.53801316738817
2024-01-14,23,96.00544642857146
2024-01-15,75,83.36667989417992
2024-01-16,127,78.6466765873016
2024-01-17,44,89.39668650793648
2024-01-18,68,59.45625992063494
2024-01-19,71,69.31941468253969
2024-01-20,60,82.58730158730158
2024-01-21,30,88.59645833333329
2024-01-22,105,66.0126884920635
2024-01-23,150,83.8760251322751
2024-01-24,167,94.63970238095234
2024-01-25,100,94.20094246031745
2024-01-26,110,95.79985119047619
2024-01-27,84,110.95267857142858
2024-01-28,164,113.65515873015875
2024-01-29,87,106.58349537037039
2024-01-30,103,103.84501984126986
2023-12-03,171,121.54663359788361
2023-12-04,78,123.45402116402116
2023-12-05,159,122.23859126984131
2023-12-06,222,112.98537698412702
2023-12-07,102,116.02509920634922
2023-12-08,73,127.36276064213567
2023-12-09,141,126.12539682539682
2023-12-10,71,118.2708134920635
2023-12-11,157,123.93488756613755
2023-12-12,91,110.17664682539683
2023-12-13,170,125.55817009379508
2023-12-14,127,124.14898538961037
2023-12-15,143,123.71171626984126
2023-12-16,107,129.72492334054834
2023-12-17,122,124.35001984126986
2023-12-18,114,145.34048611111115
2023-12-19,148,124.1379067460317
2023-12-20,87,131.20791997354493
2023-12-21,150,119.09750661375661
2023-12-22,198,120.59143849206353
2023-12-23,130,122.07269841269844
2023-12-24,176,126.61083333333332
2023-12-25,134,132.69314814814814
2023-12-26,160,140.8992658730159
2023-12-27,48,128.45288389850887
2023-12-28,86,142.45839285714283
2023-12-29,57,119.66837301587302
2023-12-30,72,122.55517195767192
2023-12-31,67,118.13094246031748
2024-01-01,59,101.90440476190477
2024-01-02,112,99.22018849206349
2024-01-03,85,93.71475198412703
2024-01-04,31,90.7262466931217
2024-01-05,96,87.50739718614719
2024-01-06,110,83.6156349206349
2024-01-07,114,94.38906746031746
2024-01-08,90,109.99828373015872
2024-01-09,63,105.31699404761905
2024-01-10,68,105.14181547619049
2024-01-11,224,107.47246031746036
2024-01-12,173,123.53246031746036
2024-01-13,217,124.30801587301589
2024-01-14,187,136.55910714285716
2024-01-15,168,137.35466269841268
2024-01-16,96,134.47378968253963
2024-01-17,85,133.9025992063492
2024-01-18,185,135.21424603174603
2024-01-19,91,136.68218253968251
2024-01-20,174,152.31375992063496
2024-01-21,88,143.05467742905242
2024-01-22,162,129.7929761904762
2024-01-23,93,128.10146825396825
2024-01-24,92,141.8972023809524
2024-01-25,162,137.53708333333333
2024-01-26,189,135.23425264550266
2024-01-27,134,140.33408730158732
2024-01-28,175,122.03617063492062
2024-01-29,100,117.55847222222225
2024-01-30,84,111.91974206349205
2023-12-03,125,112.3598908730159
2023-12-04,153,121.78125992063495
2023-12-05,163,132.58415674603174
2023-12-06,68,139.61442460317463
2023-12-07,83,133.2002976190476
2023-12-08,132,130.3013095238095
2023-12-09,89,117.23694444444439
2023-12-10,99,112.97156746031743
2023-12-11,74,104.60239087301592
2023-12-12,119,106.61215608465608
2023-12-13,63,110.60690145502649
2023-12-14,115,109.88534722222221
2023-12-15,110,107.0154761904762
2023-12-16,52,117.71587301587299
2023-12-17,123,114.70758928571429
2023-12-18,68,116.73484126984123
2023-12-19,110,114.12195436507936
2023-12-20,55,112.53544642857143
2023-12-21,68,108.0968849206349
2023-12-22,98,103.17416666666668
2023-12-23,84,107.51603174603174
2023-12-24,87,117.13540674603178
2023-12-25,93,106.59854166666668
2023-12-26,163,107.13292658730161
2023-12-27,17,106.06476190476194
2023-12-28,21,123.25548611111111
2023-12-29,29,112.66195436507942
2023-12-30,28,87.84478835978835
2023-12-31,17,75.21458994708996
2024-01-01,26,33.34099206349207
2024-01-02,19,32.6882242063492
2024-01-03,57,38.88016865079366
2024-01-04,50,34.37113095238096
2024-01-05,30,33.40318452380952
2024-01-06,38,36.88391865079366
2024-01-07,7,40.34158068783068
2024-01-08,35,36.50190476190476
2024-01-09,12,38.081269841269844
2024-01-10,130,35.907979497354496
2024-01-11,141,52.14160714285716
2024-01-12,140,74.18071428571429
2024-01-13,107,116.44402447089945
2024-01-14,122,106.6233630952381
2024-01-15,140,116.68448472823474
2024-01-16,124,118.47340277777779
2024-01-17,84,119.57667658730152
2024-01-18,113,114.96400793650791
2024-01-19,145,118.21244047619048
2024-01-20,111,120.45381944444443
2024-01-21,42,121.96910263347765
2024-01-22,128,111.05698743386243
2024-01-23,74,109.64089285714286
2024-01-24,85,108.2509722222222
2024-01-25,147,111.10101190476193
2024-01-26,86,111.69369047619051
2024-01-27,109,94.03761574074075
2024-01-28,29,96.9366865079365
2024-01-29,66,89.39971560846563
2024-01-30,130,69.2768452380952
2023-12-03,110,121.33793650793652
2023-12-04,128,112.08721230158731
2023-12-05,59,107.20149801587301
2023-12-06,191,116.93884920634922
2023-12-07,111,101.47321428571426
2023-12-08,116,108.55829365079369
2023-12-09,155,105.60234126984126
2023-12-10,110,114.23153769841271
2023-12-11,119,120.58215277777778
2023-12-12,136,122.82633928571433
2023-12-13,123,127.23464947089947
2023-12-14,65,122.65817460317454
2023-12-15,97,128.34891865079362
2023-12-16,87,120.08876984126984
2023-12-17,138,119.40501984126983
2023-12-18,94,123.05669973544971
2023-12-19,55,111.74350529100526
2023-12-20,132,108.37475198412699
2023-12-21,173,124.67139880952381
2023-12-22,90,111.89137235449736
2023-12-23,57,111.13451719576719
2023-12-24,127,105.90978505291008
2023-12-25,75,114.22542989417987
2023-12-26,102,116.84565476190474
2023-12-27,5,116.79194444444447
2023-12-28,30,119.13381944444447
2023-12-29,33,78.45809193121694
2023-12-30,26,70.5161970899471
2023-12-31,49,84.7937996031746
2024-01-01,57,40.282797619047635
2024-01-02,41,36.54832671957672
2024-01-03,27,42.24817460317461
2024-01-04,42,36.234057539682524
2024-01-05,26,35.52493055555554
2024-01-06,7,37.253015873015876
2024-01-07,34,36.4883630952381
2024-01-08,10,33.53432539682539
2024-01-09,91,35.115476190476194
2024-01-10,100,47.087960858585866
2024-01-11,140,50.527162698412695
2024-01-12,85,86.07235119047618
2024-01-13,90,92.9760615079365
2024-01-14,46,93.56463624338625
2024-01-15,80,100.4098148148148
2024-01-16,66,84.5453373015873
2024-01-17,84,83.39482142857145
2024-01-18,85,85.41033730158729
2024-01-19,72,83.65553240740743
2024-01-20,79,85.04292658730161
2024-01-21,63,82.63708333333334
2024-01-22,114,86.36285714285714
2024-01-23,179,81.41069444444445
2024-01-24,105,95.91819444444447
2024-01-25,103,94.82893849206347
2024-01-26,120,96.20877976190474
2024-01-27,122,101.84546626984125
2024-01-28,111,105.17626984126984
2024-01-29,88,96.54985119047618
2024-01-30,147,88.89638888888888
2023-12-03,142,118.77880952380951
2023-12-04,75,122.67529761904761
2023-12-05,102,120.45262896825399
2023-12-06,98,132.22171626984127
2023-12-07,152,131.59306547619047
2023-12-08,143,128.26004298941805
2023-12-09,110,127.39404100529102
2023-12-10,174,119.8688029100529
2023-12-11,167,128.41426256613755
2023-12-12,121,121.43224537037037
2023-12-13,115,129.56756613756613
2023-12-14,109,130.91937500000003
2023-12-15,164,120.0947537878788
2023-12-16,20,123.24125000000001
2023-12-17,106,128.77692460317462
2023-12-18,141,121.85236441798943
2023-12-19,53,124.42096891534393
2023-12-20,71,119.30207671957672
2023-12-21,166,118.23792658730163
2023-12-22,114,120.76739417989417
2023-12-23,109,122.08976190476191
2023-12-24,199,127.54416005291003
2023-12-25,130,118.70697089947092
2023-12-26,91,122.72510582010584
2023-12-27,74,118.24954034391536
2023-12-28,86,122.95331679894184
2023-12-29,76,117.08726190476192
2023-12-30,59,117.3533531746032
2023-12-31,25,108.81614087301588
2024-01-01,78,84.370873015873
2024-01-02,80,87.12555555555556
2024-01-03,48,88.71826058201057
2024-01-04,28,79.64534722222221
2024-01-05,64,58.09321428571429
2024-01-06,92,54.66726851851852
2024-01-07,79,81.92492063492061
2024-01-08,67,74.65591269841269
2024-01-09,105,79.94549603174602
2024-01-10,166,77.52277116402117
2024-01-11,76,114.06589285714284
2024-01-12,152,100.8837996031746
2024-01-13,158,107.30873346560847
2024-01-14,128,117.34035714285714
2024-01-15,143,114.16877886002888
2024-01-16,131,124.54510912698416
2024-01-17,75,125.33667328042328
2024-01-18,99,111.51154761904762
2024-01-19,81,117.2161607142857
2024-01-20,162,118.11599537037033
2024-01-21,87,113.55684523809524
2024-01-22,65,115.62857142857142
2024-01-23,65,116.80683531746034
2024-01-24,56,97.06462301587297
2024-01-25,145,95.74715939153435
2024-01-26,83,100.38531746031747
2024-01-27,162,94.91799603174601
2024-01-28,123,94.4127380952381
2024-01-29,113,72.60294973544976
2024-01-30,114,87.70360449735448
2023-12-03,106,110.42803571428571
2023-12-04,197,114.03343253968255
2023-12-05,83,100.21060034872532
2023-12-06,108,113.77150462962962
2023-12-07,124,107.66713293650791
2023-12-08,54,106.40333513708514
2023-12-09,102,105.29842261904763
2023-12-10,114,108.754375
2023-12-11,72,102.32616071428566
2023-12-12,151,121.50148809523812
2023-12-13,85,111.56083333333335
2023-12-14,166,109.32767857142859
2023-12-15,192,113.91837301587303
2023-12-16,64,118.79556216931216
2023-12-17,104,101.27335978835971
2023-12-18,106,110.01946097883594
2023-12-19,135,105.46717592592594
2023-12-20,224,106.3435119047619
2023-12-21,150,126.64406084656083
2023-12-22,135,118.77813161375661
2023-12-23,159,123.08538029100528
2023-12-24,133,125.56410714285715
2023-12-25,103,121.04090277777775
2023-12-26,112,121.1362103174603
2023-12-27,53,128.4886044973545
2023-12-28,77,126.86576719576718
2023-12-29,103,121.89304563492061
2023-12-30,128,115.03914682539683
2023-12-31,178,116.38459325396826
2024-01-01,38,128.6918419312169
2024-01-02,120,120.96964285714284
2024-01-03,115,135.04170634920635
2024-01-04,121,127.3438095238095
2024-01-05,212,130.69210978835977
2024-01-06,189,115.2974437830688
2024-01-07,93,123.26533730158731
2024-01-08,191,124.63691468253964
2024-01-09,93,127.56889219576719
2024-01-10,118,132.46775793650792
2024-01-11,107,127.26619047619049
2024-01-12,75,129.30703373015874
2024-01-13,168,124.28936838624341
2024-01-14,111,141.53426917989418
2024-01-15,129,119.32525613275617
2024-01-16,120,124.29663690476193
2024-01-17,155,123.22368386243387
2024-01-18,50,124.03492063492062
2024-01-19,106,133.9096626984127
2024-01-20,116,123.79993055555555
2024-01-21,107,123.34868055555557
2024-01-22,122,112.2587698412698
2024-01-23,88,123.43047619047616
2024-01-24,187,118.63304563492062
2024-01-25,109,126.46509920634922
2024-01-26,135,121.28189814814813
2024-01-27,149,108.73969246031749
2024-01-28,74,126.85067460317461
2024-01-29,166,104.09282738095239
2024-01-30,114,112.61523809523813
2023-12-03,169,125.86334325396825
2023-12-04,162,117.72275793650792
2023-12-05,118,129.59101851851852
2023-12-06,265,120.50094246031748
2023-12-07,179,122.0554861111111
2023-12-08,183,127.84298611111113
2023-12-09,140,131.41302579365083
2023-12-10,165,135.12719246031745
2023-12-11,167,135.88165674603175
2023-12-12,150,137.34361111111113
2023-12-13,239,124.8274525012025
2023-12-14,130,119.8561970899471
2023-12-15,97,120.69358465608464
2023-12-16,69,123.07231150793649
2023-12-17,172,136.88487103174606
2023-12-18,152,118.73936177248676
2023-12-19,106,113.89054563492063
2023-12-20,113,119.6589351851852
2023-12-21,116,115.35347763347765
2023-12-22,70,123.14731691919188
2023-12-23,126,122.09420634920635
2023-12-24,125,116.59631283068782
2023-12-25,60,124.44111652236651
2023-12-26,203,135.61698412698414
2023-12-27,39,130.66677579365077
2023-12-28,59,133.27962632275134
2023-12-29,92,108.99312499999999
2023-12-30,76,114.76504960317462
2023-12-31,68,117.84942460317463
2024-01-01,86,100.64988095238095
2024-01-02,59,101.89207341269841
2024-01-03,73,79.71739087301587
2024-01-04,49,80.15491402116406
2024-01-05,69,91.30210858585865
2024-01-06,57,83.05750661375662
2024-01-07,40,86.92942129629633
2024-01-08,47,80.82555555555558
2024-01-09,138,61.559236111111105
2024-01-10,88,84.74214826839827
2024-01-11,175,80.33136904761906
2024-01-12,106,115.0793154761905
2024-01-13,102,118.99398809523811
2024-01-14,81,97.15784060846563
2024-01-15,131,110.57444113756613
2024-01-16,110,110.14960648148151
2024-01-17,161,105.29058201058203
2024-01-18,24,122.72049603174608
2024-01-19,128,98.5383234126984
2024-01-20,106,111.24902777777778
2024-01-21,133,111.98960317460319
2024-01-22,106,118.78222222222226
2024-01-23,121,111.23428571428569
2024-01-24,193,117.1508597883598
2024-01-25,180,120.84930555555553
2024-01-26,94,123.90514880952384
2024-01-27,164,120.51672288359785
2024-01-28,103,119.15254960317458
2024-01-29,138,101.45015873015876
2024-01-30,151,120.06649801587302
2023-12-03,118,122.30918650793652
2023-12-04,131,126.09765873015871
2023-12-05,97,132.64343253968252
2023-12-06,182,129.66775132275131
2023-12-07,109,128.98847222222224
2023-12-08,176,121.99459986772486
2023-12-09,108,115.61694444444444
2023-12-10,146,132.34668831168833
2023-12-11,77,125.22915343915348
2023-12-12,129,127.0366005291005
2023-12-13,144,124.25696428571429
2023-12-14,79,119.17060515873023
2023-12-15,51,128.1943650793651
2023-12-16,52,122.97112103174608
2023-12-17,106,123.44824404761903
2023-12-18,100,113.55708333333334
2023-12-19,38,118.13477182539684
2023-12-20,224,95.87179563492064
2023-12-21,181,101.47794973544974
2023-12-22,104,135.52032738095235
2023-12-23,84,123.75615079365079
2023-12-24,207,133.6796726190476
2023-12-25,4,126.14086309523807
2023-12-26,172,123.4883134920635
2023-12-27,96,130.99811177248677
2023-12-28,123,136.52539682539685
2023-12-29,66,116.31398809523809
2023-12-30,86,109.89223214285714
2023-12-31,95,114.8515527065527
2024-01-01,94,127.13335317460317
2024-01-02,52,116.69717592592593
2024-01-03,58,108.04138888888887
2024-01-04,45,92.96954365079368
2024-01-05,193,79.45107804232806
2024-01-06,75,125.31890873015873
2024-01-07,68,114.58087301587304
2024-01-08,56,110.39341269841267
2024-01-09,161,102.75162698412694
2024-01-10,186,125.34579034391533
2024-01-11,124,126.52132936507935
2024-01-12,116,113.27335978835976
2024-01-13,107,112.46985119047619
2024-01-14,114,114.84435846560844
2024-01-15,119,118.54795634920634
2024-01-16,142,123.70054894179897
2024-01-17,98,117.20439484126986
2024-01-18,122,118.46191798941804
2024-01-19,116,122.97992724867726
2024-01-20,58,120.95821428571429
2024-01-21,77,115.10518849206348
2024-01-22,94,109.84156084656088
2024-01-23,96,109.18807539682535
2024-01-24,228,109.96517857142855
2024-01-25,90,116.5048015873016
2024-01-26,18,105.91487283549787
2024-01-27,137,92.94466269841266
2024-01-28,104,119.23854166666669
2024-01-29,94,105.64342592592592
2024-01-30,132,106.58162037037037
2023-12-03,156,123.30207341269839
2023-12-04,94,123.45959325396822
2023-12-05,59,119.70612103174602
2023-12-06,215,113.58861111111112
2023-12-07,169,114.80703373015871
2023-12-08,120,121.54542658730156
2023-12-09,69,124.56611772486774
2023-12-10,67,123.44980158730164
2023-12-11,146,124.38726190476193
2023-12-12,97,127.33621572871574
2023-12-13,103,122.12624007936506
2023-12-14,138,118.48679563492065
2023-12-15,104,124.99888888888889
2023-12-16,66,139.52335978835978
2023-12-17,144,128.0139880952381
2023-12-18,121,119.51489087301589
2023-12-19,124,124.64447089947095
2023-12-20,141,143.26599206349206
2023-12-21,131,133.09041666666664
2023-12-22,73,126.60334656084656
2023-12-23,111,126.76809523809521
2023-12-24,65,119.14849206349207
2023-12-25,131,129.025667989418
2023-12-26,122,115.53253968253968
2023-12-27,37,125.01450396825393
2023-12-28,64,117.75669642857143
2023-12-29,96,113.92239087301589
2023-12-30,18,116.06464285714291
2023-12-31,31,89.4320803270803
2024-01-01,53,55.343055555555544
2024-01-02,57,61.10241071428572
2024-01-03,40,60.72698412698413
2024-01-04,67,51.85186507936507
2024-01-05,48,61.70091269841269
2024-01-06,108,58.09057208994708
2024-01-07,54,61.65164351851851
2024-01-08,53,76.04225198412699
2024-01-09,56,67.62850859788361
2024-01-10,46,71.5112896825397
2024-01-11,157,69.6554794973545
2024-01-12,72,88.20420634920632
2024-01-13,64,82.2390079365079
2024-01-14,116,80.80564814814812
2024-01-15,87,87.67839285714285
2024-01-16,66,79.92290013227513
2024-01-17,194,76.56506944444443
2024-01-18,108,111.70541335978841
2024-01-19,133,99.04943452380948
2024-01-20,166,116.06054894179894
2024-01-21,75,121.68115740740738
2024-01-22,141,115.5368849206349
2024-01-23,102,118.6958333333333
2024-01-24,81,109.55233134920634
2024-01-25,106,116.426393999519
2024-01-26,91,115.27865410052912
2024-01-27,101,109.02708002645501
2024-01-28,106,102.1822718253968
2024-01-29,114,92.91392857142854
2024-01-30,134,84.37176587301585
2023-12-03,100,101.96097222222224
2023-12-04,92,104.28468915343915
2023-12-05,57,108.89094907407407
2023-12-06,72,108.01672949735453
2023-12-07,93,108.81549603174605
2023-12-08,78,107.97830687830688
2023-12-09,85,106.92422258297259
2023-12-10,73,105.96158730158727
2023-12-11,54,92.9636706349206
2023-12-12,79,86.2539021164021
2023-12-13,89,89.50009920634925
2023-12-14,82,99.43972222222222
2023-12-15,113,87.11529761904761
2023-12-16,77,99.53390873015874
2023-12-17,122,108.14192460317462
2023-12-18,55,103.27498015873014
2023-12-19,79,110.76850859788357
2023-12-20,49,112.94250000000005
2023-12-21,37,110.54965608465612
2023-12-22,102,73.81335317460315
2023-12-23,81,89.9476984126984
2023-12-24,53,84.75380952380952
2023-12-25,76,82.7762037037037
2023-12-26,113,85.05721891534388
2023-12-27,30,81.2309623015873
2023-12-28,43,76.27934523809523
2023-12-29,29,75.9488062169312
2023-12-30,44,74.60257756132756
2023-12-31,37,74.49218253968252
2024-01-01,23,46.92680555555555
2024-01-02,28,41.23384920634922
2024-01-03,35,38.99765933140933
2024-01-04,22,41.48614087301588
2024-01-05,46,40.936249999999994
2024-01-06,35,43.07210317460317
2024-01-07,41,39.34146825396825
2024-01-08,22,39.11217923280422
2024-01-09,139,38.42536706349207
2024-01-10,67,77.15753306878307
2024-01-11,87,52.813389550264546
2024-01-12,102,69.09237433862434
2024-01-13,69,85.19075396825399
2024-01-14,58,82.86403439153442
2024-01-15,98,87.63968253968254
2024-01-16,106,76.57906084656084
2024-01-17,66,86.30390873015874
2024-01-18,91,77.85516534391536
2024-01-19,87,83.69366071428573
2024-01-20,133,82.49059523809524
2024-01-21,92,79.4007175925926
2024-01-22,94,87.03440115440117
2024-01-23,109,82.08320767195768
2024-01-24,111,90.03508928571432
2024-01-25,85,87.2348412698413
2024-01-26,93,85.33541666666669
2024-01-27,107,82.58749338624344
2024-01-28,112,87.9121990740741
2024-01-29,43,66.51292658730159
2024-01-30,49,67.9743650793651
2023-12-03,113,133.34614087301586
2023-12-04,141,140.95733465608464
2023-12-05,138,138.88495039682545
2023-12-06,80,136.36127976190477
2023-12-07,132,131.9821626984127
2023-12-08,140,127.69194444444445
2023-12-09,93,128.6744246031746
2023-12-10,149,122.92771885521884
2023-12-11,94,127.03588293650795
2023-12-12,137,124.32416666666668
2023-12-13,117,130.35086309523808
2023-12-14,102,126.2943716931217
2023-12-15,105,135.7030456349206
2023-12-16,152,147.84254960317463
2023-12-17,152,143.29208994708995
2023-12-18,106,127.265873015873
2023-12-19,116,131.50806878306878
2023-12-20,15,125.70466269841269
2023-12-21,153,135.9658267195767
2023-12-22,125,135.61136574074072
2023-12-23,141,126.24574074074071
2023-12-24,157,134.8372751322751
2023-12-25,129,126.54777326839825
2023-12-26,55,121.82631105006102
2023-12-27,85,125.5071428571429
2023-12-28,92,130.6121693121693
2023-12-29,45,112.02158730158727
2023-12-30,72,114.5346626984127
2023-12-31,105,105.38270502645499
2024-01-01,67,95.66751984126985
2024-01-02,82,83.05221230158733
2024-01-03,36,97.14316468253969
2024-01-04,85,78.60311507936507
2024-01-05,95,82.4494841269841
2024-01-06,90,88.62493716931218
2024-01-07,140,104.37539021164022
2024-01-08,69,110.67378637566136
2024-01-09,162,103.36034722222225
2024-01-10,117,108.98125000000002
2024-01-11,83,109.01531896344399
2024-01-12,88,103.84126322751324
2024-01-13,124,103.37093915343914
2024-01-14,151,111.31002314814818
2024-01-15,87,104.69993055555554
2024-01-16,148,107.0095138888889
2024-01-17,144,100.6870634920635
2024-01-18,111,108.94043650793651
2024-01-19,137,113.3371527777778
2024-01-20,206,117.06589285714286
2024-01-21,112,119.82558531746034
2024-01-22,174,118.80369047619048
2024-01-23,57,141.42841931216932
2024-01-24,70,121.52797619047618
2024-01-25,220,117.7223926767677
2024-01-26,52,133.3742559523809
2024-01-27,152,119.21451388888887
2024-01-28,121,117.00887115199613
2024-01-29,109,99.99536044973546
2024-01-30,121,89.44484126984125
2023-12-03,185,131.9527876984127
2023-12-04,124,132.8875892857143
2023-12-05,121,133.71573412698413
2023-12-06,94,122.18534722222222
2023-12-07,42,133.8982638888889
2023-12-08,79,131.03295634920633
2023-12-09,137,119.72347883597884
2023-12-10,142,123.49437500000002
2023-12-11,198,132.420085978836
2023-12-12,167,118.7764814814815
2023-12-13,104,125.06626984126983
2023-12-14,124,126.83532738095236
2023-12-15,97,123.8155753968254
2023-12-16,153,136.20498677248682
2023-12-17,108,143.2593253968254
2023-12-18,99,127.79766865079364
2023-12-19,168,130.0383531746032
2023-12-20,171,124.53315686628186
2023-12-21,211,134.01265873015873
2023-12-22,141,122.52636243386246
2023-12-23,220,136.3784523809524
2023-12-24,130,136.87400793650795
2023-12-25,70,134.71318783068781
2023-12-26,63,117.01834325396825
2023-12-27,66,129.25644841269843
2023-12-28,79,133.48904761904765
2023-12-29,69,116.20212301587307
2023-12-30,86,118.3313492063492
2023-12-31,73,116.36864087301589
2024-01-01,115,93.8479894179894
2024-01-02,128,119.09908730158726
2024-01-03,64,127.43932419432419
2024-01-04,101,103.33757936507934
2024-01-05,135,110.14190476190473
2024-01-06,62,102.40576719576715
2024-01-07,78,105.34094246031749
2024-01-08,25,100.43251984126985
2024-01-09,127,103.8985482804233
2024-01-10,119,115.97618596681099
2024-01-11,66,114.88170183982685
2024-01-12,112,94.51078373015874
2024-01-13,92,117.71299603174599
2024-01-14,183,116.04573412698412
2024-01-15,154,129.36165674603177
2024-01-16,144,114.40494708994711
2024-01-17,75,117.83563492063493
2024-01-18,172,118.32303571428572
2024-01-19,160,131.8502976190476
2024-01-20,151,119.83731150793655
2024-01-21,218,123.22164682539686
2024-01-22,86,137.62146825396817
2024-01-23,115,145.25004960317457
2024-01-24,104,146.0501752645503
2024-01-25,115,127.79649801587303
2024-01-26,128,123.63461309523805
2024-01-27,65,119.73022817460317
2024-01-28,138,132.28323202260705
2024-01-29,96,97.69474537037038
2024-01-30,157,93.36192460317461
2023-12-03,128,126.8496097883598
2023-12-04,160,120.57103505291008
2023-12-05,96,124.80567460317458
2023-12-06,144,131.50875992063487
2023-12-07,70,123.28264550264547
2023-12-08,49,117.97282738095238
2023-12-09,50,115.62365740740739
2023-12-10,93,116.07385912698413
2023-12-11,78,116.52129298941799
2023-12-12,87,116.90669642857145
2023-12-13,90,113.0727843915344
2023-12-14,73,99.44153769841267
2023-12-15,49,87.64939484126982
2023-12-16,189,87.22781746031747
2023-12-17,184,110.70267857142856
2023-12-18,124,119.53517195767195
2023-12-19,92,120.85032828282829
2023-12-20,138,121.63475859788358
2023-12-21,142,114.77474206349204
2023-12-22,91,139.5649801587302
2023-12-23,75,127.55373015873016
2023-12-24,167,113.94381283068783
2023-12-25,91,112.8571726190476
2023-12-26,105,116.68190476190476
2023-12-27,122,117.00105158730162
2023-12-28,78,112.38626984126985
2023-12-29,94,106.65112433862431
2023-12-30,118,114.67011243386241
2023-12-31,75,105.47035714285715
2024-01-01,58,112.38734126984129
2024-01-02,18,120.98976521164023
2024-01-03,78,95.95774801587301
2024-01-04,69,85.01267857142855
2024-01-05,61,88.75084986772485
2024-01-06,41,75.74159391534391
2024-01-07,88,65.48964285714287
2024-01-08,46,73.163125
2024-01-09,150,67.84508928571428
2024-01-10,100,96.08209325396827
2024-01-11,111,104.75051587301587
2024-01-12,142,106.37345238095234
2024-01-13,226,105.05221230158732
2024-01-14,115,125.10438161375662
2024-01-15,101,148.5320436507937
2024-01-16,88,131.72574074074072
2024-01-17,79,121.07769179894179
2024-01-18,142,122.21774140211645
2024-01-19,93,131.25228174603174
2024-01-20,237,116.1134556878307
2024-01-21,68,126.82581349206346
2024-01-22,188,119.1921626984127
2024-01-23,112,130.94083333333333
2024-01-24,154,129.10527116402116
2024-01-25,188,122.68835317460312
2024-01-26,146,140.62136243386243
2024-01-27,183,128.90411976911977
2024-01-28,126,131.41926256613755
2024-01-29,81,112.2067361111111
2024-01-30,134,119.3168849206349
2023-12-03,152,127.4877056277056
2023-12-04,129,126.94359126984126
2023-12-05,100,137.33657407407406
2023-12-06,109,130.59908068783068
2023-12-07,103,128.64628968253967
2023-12-08,156,122.71719246031749
2023-12-09,53,128.30902777777777
2023-12-10,97,113.28581349206351
2023-12-11,112,120.26028769841265
2023-12-12,165,116.74615079365078
2023-12-13,74,133.47392195767193
2023-12-14,86,126.0504365079365
2023-12-15,123,126.5887896825397
2023-12-16,105,135.19892857142858
2023-12-17,99,125.60892857142855
2023-12-18,221,122.35113095238094
2023-12-19,65,121.10147817460317
2023-12-20,54,118.55337962962959
2023-12-21,132,117.1679166666667
2023-12-22,158,121.46592261904765
2023-12-23,105,120.29375661375659
2023-12-24,82,112.6803373015873
2023-12-25,34,130.67900462962965
2023-12-26,246,111.82746693121695
2023-12-27,74,122.24106150793646
2023-12-28,39,119.04834656084655
2023-12-29,63,115.79904761904764
2023-12-30,40,118.29370039682543
2023-12-31,99,113.34188492063497
2024-01-01,49,122.63843253968257
2024-01-02,65,97.79677248677244
2024-01-03,38,80.65101190476193
2024-01-04,92,59.79907738095237
2024-01-05,75,74.1353439153439
2024-01-06,64,80.62510582010582
2024-01-07,19,79.1560978835979
2024-01-08,76,70.38401785714285
2024-01-09,73,77.91206349206348
2024-01-10,139,68.08907407407406
2024-01-11,59,86.01875000000001
2024-01-12,167,76.94626653439155
2024-01-13,119,106.4245833333333
2024-01-14,123,116.83945436507939
2024-01-15,100,119.12725859788361
2024-01-16,124,112.3809226190476
2024-01-17,105,120.85957341269844
2024-01-18,205,114.03887896825395
2024-01-19,57,114.2184126984127
2024-01-20,99,120.43201388888889
2024-01-21,135,125.32246031746033
2024-01-22,156,115.008167989418
2024-01-23,111,112.1083333333333
2024-01-24,82,119.41542658730158
2024-01-25,151,123.7152711640212
2024-01-26,157,118.23908730158725
2024-01-27,88,107.59542328042326
2024-01-28,65,117.45419823232325
2024-01-29,111,106.35057539682539
2024-01-30,124,97.02797949735451
2023-12-03,91,77.64013558201059
2023-12-04,77,85.69073082010586
2023-12-05,41,81.51017195767196
2023-12-06,142,78.2459126984127
2023-12-07,34,81.76908730158733
2023-12-08,110,69.35453703703703
2023-12-09,35,85.6646626984127
2023-12-10,74,77.84465277777781
2023-12-11,61,83.31623015873015
2023-12-12,117,81.98988095238093
2023-12-13,87,85.80140873015873
2023-12-14,88,81.47696759259257
2023-12-15,91,91.51721891534395
2023-12-16,68,95.0963425925926
2023-12-17,74,84.30816137566143
2023-12-18,82,89.83914682539687
2023-12-19,59,83.31713293650796
2023-12-20,130,91.10024801587305
2023-12-21,103,82.7642394179894
2023-12-22,109,90.28222222222226
2023-12-23,91,80.10455357142857
2023-12-24,87,82.78592592592595
2023-12-25,65,86.12107473544974
2023-12-26,67,87.90094246031747
2023-12-27,52,87.03880952380953
2023-12-28,36,91.11196608946607
2023-12-29,43,76.71956860269357
2023-12-30,10,84.07718915343915
2023-12-31,51,85.31031415343915
2024-01-01,16,50.07247023809524
2024-01-02,27,35.816746031746035
2024-01-03,27,35.32944113756614
2024-01-04,13,37.43659722222221
2024-01-05,15,38.46909722222222
2024-01-06,34,42.338336640211644
2024-01-07,20,37.31249999999999
2024-01-08,18,36.97930555555555
2024-01-09,50,38.67166666666667
2024-01-10,69,32.91111111111111
2024-01-11,120,36.88455687830688
2024-01-12,94,51.94994047619049
2024-01-13,109,78.51750330687833
2024-01-14,65,83.73881944444445
2024-01-15,68,91.24365740740744
2024-01-16,70,87.58534722222223
2024-01-17,95,76.11306547619047
2024-01-18,87,90.42774801587304
2024-01-19,79,88.16467532467533
2024-01-20,101,81.94017857142858
2024-01-21,61,88.78294642857142
2024-01-22,129,80.49392857142858
2024-01-23,101,85.14463293650796
2024-01-24,79,86.88732804232805
2024-01-25,64,88.21522156084657
2024-01-26,118,81.35400793650791
2024-01-27,117,85.43358796296299
2024-01-28,131,89.83736111111111
2024-01-29,77,83.69905092592593
2024-01-30,118,76.39021164021163
2023-12-03,122,84.54746031746035
2023-12-04,54,80.94027116402115
2023-12-05,92,80.57126984126987
2023-12-06,97,92.39725529100532
2023-12-07,48,86.38250992063494
2023-12-08,70,81.94874338624344
2023-12-09,56,79.72916666666666
2023-12-10,104,78.23544642857145
2023-12-11,78,77.13926917989419
2023-12-12,77,79.34222222222223
2023-12-13,80,83.41520502645504
2023-12-14,58,88.72766865079365
2023-12-15,45,84.00218253968255
2023-12-16,18,70.7155357142857
2023-12-17,67,77.85364087301588
2023-12-18,114,84.88738095238097
2023-12-19,120,92.02762566137565
2023-12-20,117,86.45604497354498
2023-12-21,101,82.86015873015873
2023-12-22,82,90.90551256613755
2023-12-23,102,96.88077380952377
2023-12-24,54,81.21098214285716
2023-12-25,55,89.81228174603173
2023-12-26,103,87.98109126984127
2023-12-27,49,92.30587632275133
2023-12-28,40,90.03036706349205
2023-12-29,30,73.09438492063491
2023-12-30,42,79.5789484126984
2023-12-31,15,71.40418320105817
2024-01-01,26,44.542698412698414
2024-01-02,21,38.036312830687834
2024-01-03,50,40.23698412698414
2024-01-04,42,36.31313492063493
2024-01-05,71,40.504771825396816
2024-01-06,45,38.510595238095235
2024-01-07,21,38.45472222222222
2024-01-08,23,33.3252380952381
2024-01-09,53,41.55172619047618
2024-01-10,61,37.31357804232803
2024-01-11,69,37.673346560846554
2024-01-12,77,38.0847970779221
2024-01-13,58,44.32049603174604
2024-01-14,67,51.944920634920635
2024-01-15,92,71.30636904761904
2024-01-16,49,84.96106331168833
2024-01-17,40,81.10466600529098
2024-01-18,73,66.53048160173164
2024-01-19,92,74.77614087301586
2024-01-20,111,82.29141865079364
2024-01-21,68,87.97999007936507
2024-01-22,102,84.02302579365079
2024-01-23,100,95.73586309523812
2024-01-24,59,94.24722222222222
2024-01-25,102,87.73300595238099
2024-01-26,114,89.0591832010582
2024-01-27,16,91.47986772486774
2024-01-28,97,66.58962301587303
2024-01-29,79,67.77482142857143
2024-01-30,90,69.175916005291
2023-12-03,166,115.9943849206349
2023-12-04,163,136.43504960317463
2023-12-05,121,125.79896825396827
2023-12-06,174,140.2687400793651
2023-12-07,143,137.64632605820108
2023-12-08,106,130.8387896825397
2023-12-09,67,121.64735119047619
2023-12-10,107,124.59349867724865
2023-12-11,122,120.43853174603171
2023-12-12,77,129.2871693121693
2023-12-13,153,121.47622294372292
2023-12-14,112,121.57060064935064
2023-12-15,54,128.6124305555556
2023-12-16,94,122.77813492063493
2023-12-17,127,128.80186507936511
2023-12-18,19,122.16740079365081
2023-12-19,93,125.00539682539683
2023-12-20,65,109.55968915343918
2023-12-21,190,104.79644841269844
2023-12-22,123,107.65639880952381
2023-12-23,196,108.67930886243384
2023-12-24,83,130.9054563492064
2023-12-25,115,127.07474537037034
2023-12-26,126,118.04209986772487
2023-12-27,91,121.54270833333334
2023-12-28,88,119.63976190476187
2023-12-29,69,121.9469146825397
2023-12-30,53,111.1097123015873
2023-12-31,135,116.85734126984127
2024-01-01,99,121.56324404761904
2024-01-02,29,109.84359788359787
2024-01-03,93,102.57989087301586
2024-01-04,45,109.44910714285713
2024-01-05,94,84.42402777777778
2024-01-06,84,98.63283730158732
2024-01-07,86,108.99089075276575
2024-01-08,82,90.39744047619048
2024-01-09,140,81.87965277777779
2024-01-10,104,117.62905423280424
2024-01-11,185,118.94064814814816
2024-01-12,150,114.78973544973549
2024-01-13,117,116.39659391534393
2024-01-14,85,117.5782242063492
2024-01-15,128,117.26682539682538
2024-01-16,114,122.37365410052911
2024-01-17,128,118.32263227513226
2024-01-18,156,122.24738095238095
2024-01-19,151,118.40281746031746
2024-01-20,147,113.33422619047613
2024-01-21,107,121.11904100529095
2024-01-22,184,127.04239087301588
2024-01-23,103,134.67569444444445
2024-01-24,128,120.34315476190477
2024-01-25,154,123.39321428571422
2024-01-26,114,129.0058664021164
2024-01-27,66,123.02778108465607
2024-01-28,188,110.76067460317459
2024-01-29,81,101.79291666666667
2024-01-30,132,90.71154100529102
2023-12-03,121,110.2323611111111
2023-12-04,203,112.31683862433864
2023-12-05,128,119.6460945767196
2023-12-06,182,117.55330026455026
2023-12-07,175,121.34322420634922
2023-12-08,146,132.42640873015876
2023-12-09,106,134.27545634920634
2023-12-10,60,125.80480158730163
2023-12-11,106,131.91579365079363
2023-12-12,109,127.5825562169312
2023-12-13,199,128.81643518518518
2023-12-14,118,123.48263888888889
2023-12-15,172,131.62276124338626
2023-12-16,144,129.45235329485334
2023-12-17,142,133.98585317460316
2023-12-18,295,140.5356746031746
2023-12-19,119,125.61411706349209
2023-12-20,95,113.52624999999998
2023-12-21,148,125.89533730158729
2023-12-22,161,124.3500054112554
2023-12-23,223,121.17320436507934
2023-12-24,147,134.6389517195767
2023-12-25,111,111.54409902597405
2023-12-26,119,123.04438492063494
2023-12-27,155,134.93972222222223
2023-12-28,172,132.16698412698415
2023-12-29,122,128.30759920634915
2023-12-30,204,118.66795634920635
2023-12-31,106,131.98894841269842
2024-01-01,56,143.74500992063489
2024-01-02,122,130.3143948412699
2024-01-03,58,137.75530753968255
2024-01-04,116,122.47432539682542
2024-01-05,248,134.55725198412702
2024-01-06,98,132.4756349206349
2024-01-07,102,138.7865277777778
2024-01-08,119,134.98799603174606
2024-01-09,71,128.32864087301584
2024-01-10,109,130.27585317460316
2024-01-11,181,129.57184523809528
2024-01-12,127,130.68215608465607
2024-01-13,125,133.28256283068785
2024-01-14,214,130.26918290043292
2024-01-15,126,129.77857142857144
2024-01-16,104,152.11029100529095
2024-01-17,77,133.31039682539688
2024-01-18,139,121.09876653439156
2024-01-19,75,125.9906316137566
2024-01-20,98,119.67180555555557
2024-01-21,97,122.20629298941803
2024-01-22,119,125.29584325396827
2024-01-23,142,123.80164682539686
2024-01-24,115,129.3362996031746
2024-01-25,158,126.39974206349207
2024-01-26,69,124.47907738095235
2024-01-27,114,122.03260912698413
2024-01-28,161,118.91124007936511
2024-01-29,109,108.64345238095241
2024-01-30,96,99.14062499999996
2023-12-03,106,97.64783730158727
2023-12-04,231,107.55183862433861
2023-12-05,117,119.8446197089947
2023-12-06,65,112.1570105820106
2023-12-07,131,104.76185515873017
2023-12-08,189,120.90795304232806
2023-12-09,101,140.30908399470897
2023-12-10,75,132.5811805555555
2023-12-11,80,127.20223544973545
2023-12-12,146,112.48487103174605
2023-12-13,125,121.4542261904762
2023-12-14,99,115.48881613756616
2023-12-15,203,117.77481481481487
2023-12-16,137,120.55444444444443
2023-12-17,53,123.61439484126983
2023-12-18,110,121.23892857142854
2023-12-19,144,119.91097222222218
2023-12-20,99,114.13651785714288
2023-12-21,131,111.23386904761907
2023-12-22,135,124.42253607503609
2023-12-23,108,120.7979274891775
2023-12-24,193,118.00704365079365
2023-12-25,155,121.66077380952379
2023-12-26,191,122.11954365079364
2023-12-27,85,131.27834325396827
2023-12-28,90,128.70562500000003
2023-12-29,70,113.12384920634919
2023-12-30,80,114.2422222222222
2023-12-31,82,119.49837962962964
2024-01-01,31,119.22613095238094
2024-01-02,101,100.33172619047618
2024-01-03,90,86.6964153439153
2024-01-04,124,97.38668650793653
2024-01-05,39,113.96742063492067
2024-01-06,80,95.94936507936504
2024-01-07,75,104.55258597883595
2024-01-08,106,89.28216269841268
2024-01-09,128,114.96762896825392
2024-01-10,128,116.72452380952384
2024-01-11,199,106.22090277777775
2024-01-12,85,126.16076388888888
2024-01-13,112,125.71668320105817
2024-01-14,4,120.5835804473304
2024-01-15,192,115.63743055555554
2024-01-16,117,123.36926917989419
2024-01-17,78,128.1576984126984
2024-01-18,95,115.80451388888886
2024-01-19,116,117.59439484126982
2024-01-20,115,108.8409054834055
2024-01-21,63,114.28656024531023
2024-01-22,152,111.13783068783071
2024-01-23,65,112.24410714285715
2024-01-24,115,105.02803571428572
2024-01-25,135,109.19555555555554
2024-01-26,86,120.28133146945645
2024-01-27,120,106.12254298941801
2024-01-28,175,114.1163943001443
2024-01-29,171,105.06771825396824
2024-01-30,123,111.82788029100533
2023-12-03,85,121.995128968254
2023-12-04,109,114.15567791005292
2023-12-05,163,112.04541666666665
2023-12-06,97,121.86920183982683
2023-12-07,78,104.39031295093793
2023-12-08,93,108.379375
2023-12-09,82,111.02989748677246
2023-12-10,128,106.08795634920631
2023-12-11,84,117.82073412698416
2023-12-12,99,116.65967592592595
2023-12-13,188,111.20384920634923
2023-12-14,143,121.72507936507934
2023-12-15,155,126.35249338624335
2023-12-16,194,111.4652380952381
2023-12-17,143,131.65074074074073
2023-12-18,44,118.22184523809524
2023-12-19,195,118.68111652236651
2023-12-20,238,126.52524801587298
2023-12-21,226,119.9181150793651
2023-12-22,107,125.91494047619047
2023-12-23,116,125.08834986772484
2023-12-24,126,133.3129927248677
2023-12-25,128,137.29401455026454
2023-12-26,85,121.5461625180375
2023-12-27,103,142.55738425925927
2023-12-28,91,129.427095959596
2023-12-29,46,115.57858796296294
2023-12-30,69,119.76551587301589
2023-12-31,50,116.84525462962964
2024-01-01,115,96.95308531746029
2024-01-02,94,112.73523809523803
2024-01-03,104,99.07045634920634
2024-01-04,56,104.49492063492063
2024-01-05,54,84.026626984127
2024-01-06,50,90.25621031746033
2024-01-07,86,85.91467923280423
2024-01-08,63,111.63528439153441
2024-01-09,80,80.15636904761907
2024-01-10,132,87.0322718253968
2024-01-11,83,86.75573412698412
2024-01-12,61,103.66350859788365
2024-01-13,102,100.25908730158734
2024-01-14,211,121.59478174603179
2024-01-15,197,123.12354166666668
2024-01-16,11,133.53731150793652
2024-01-17,107,126.19249007936502
2024-01-18,113,119.52599206349208
2024-01-19,41,117.98028769841268
2024-01-20,68,122.50362103174601
2024-01-21,42,108.71589285714289
2024-01-22,84,95.39180555555558
2024-01-23,79,87.56944444444443
2024-01-24,110,91.15460317460315
2024-01-25,105,90.0417824074074
2024-01-26,108,92.30141865079368
2024-01-27,170,108.11657738095235
2024-01-28,97,101.81659391534392
2024-01-29,137,106.7494333213083
2024-01-30,57,107.82573953823953
2023-12-03,86,111.00035714285713
2023-12-04,52,104.94970238095237
2023-12-05,91,100.70474867724866
2023-12-06,168,109.82753306878308
2023-12-07,79,108.97094246031747
2023-12-08,68,105.38105158730158
2023-12-09,93,98.92067460317462
2023-12-10,44,103.83988095238098
2023-12-11,79,107.59135912698407
2023-12-12,97,96.69449404761905
2023-12-13,110,101.12732142857143
2023-12-14,106,106.06648809523807
2023-12-15,145,95.00833333333335
2023-12-16,115,108.27125992063495
2023-12-17,76,98.26325396825396
2023-12-18,72,111.91065476190474
2023-12-19,142,102.98980158730153
2023-12-20,92,106.74533730158731
2023-12-21,108,106.63114087301588
2023-12-22,44,103.43426917989417
2023-12-23,56,109.40045634920635
2023-12-24,88,112.50596230158727
2023-12-25,75,101.02666666666667
2023-12-26,85,110.27512896825395
2023-12-27,55,120.12127645502648
2023-12-28,28,84.31864087301588
2023-12-29,20,78.452775974026
2023-12-30,34,80.17259259259257
2023-12-31,6,78.82586640211639
2024-01-01,24,39.0809093915344
2024-01-02,58,36.94267857142858
2024-01-03,16,37.68988095238097
2024-01-04,30,35.7809126984127
2024-01-05,73,34.20291666666667
2024-01-06,32,37.13686507936507
2024-01-07,39,37.28564484126984
2024-01-08,50,35.67357142857143
2024-01-09,60,35.59704365079366
2024-01-10,96,37.29109126984126
2024-01-11,87,49.72776785714286
2024-01-12,39,61.65631283068784
2024-01-13,59,63.38377976190477
2024-01-14,72,62.19677910052912
2024-01-15,53,72.4173015873016
2024-01-16,51,75.75856150793653
2024-01-17,51,79.87653769841269
2024-01-18,52,64.32560515873016
2024-01-19,80,61.26669973544975
2024-01-20,70,67.66563492063491
2024-01-21,33,82.17239748677248
2024-01-22,75,60.96763227513227
2024-01-23,77,66.3127843915344
2024-01-24,116,69.74318452380953
2024-01-25,68,86.91917328042327
2024-01-26,106,77.10599206349208
2024-01-27,73,86.3357242063492
2024-01-28,126,88.22995039682539
2024-01-29,74,79.2593650793651
2024-01-30,59,73.92341269841269
2023-12-03,116,125.791207010582
2023-12-04,120,131.17366612554108
2023-12-05,4,135.51602182539685
2023-12-06,217,130.0372546897547
2023-12-07,208,137.72138888888887
2023-12-08,133,134.48232142857145
2023-12-09,160,115.44179563492067
2023-12-10,125,124.03265873015874
2023-12-11,69,128.40382124819624
2023-12-12,134,127.28073412698411
2023-12-13,64,124.76651455026453
2023-12-14,116,123.07600198412703
2023-12-15,88,127.37965939153432
2023-12-16,175,121.14048458485959
2023-12-17,133,126.09530423280418
2023-12-18,130,128.21841931216935
2023-12-19,102,130.3607142857143
2023-12-20,89,112.78086309523812
2023-12-21,92,118.84355158730158
2023-12-22,157,120.34752976190475
2023-12-23,86,134.67688492063493
2023-12-24,90,128.97901785714285
2023-12-25,209,119.68290674603176
2023-12-26,111,118.06011904761907
2023-12-27,65,127.2904761904762
2023-12-28,82,131.89129629629628
2023-12-29,56,115.22417989417995
2023-12-30,116,116.22848544973543
2023-12-31,59,111.00079365079365
2024-01-01,101,114.61458333333336
2024-01-02,33,110.14946428571427
2024-01-03,69,86.52828373015872
2024-01-04,76,89.40290674603173
2024-01-05,74,84.39954365079365
2024-01-06,82,91.91951058201057
2024-01-07,90,84.75593253968253
2024-01-08,100,94.88078373015873
2024-01-09,94,88.01103174603176
2024-01-10,164,104.36969907407405
2024-01-11,188,99.96997023809521
2024-01-12,147,112.98629298941799
2024-01-13,144,116.12171626984129
2024-01-14,143,128.67216600529102
2024-01-15,168,133.0612996031746
2024-01-16,121,116.01063492063493
2024-01-17,136,133.25527396214892
2024-01-18,178,132.99589285714285
2024-01-19,95,148.28407076719574
2024-01-20,201,125.3694345238095
2024-01-21,122,134.74257936507937
2024-01-22,120,137.14353174603178
2024-01-23,162,127.39168981481484
2024-01-24,140,122.99112764550264
2024-01-25,95,140.61191798941798
2024-01-26,216,138.49085317460316
2024-01-27,158,131.99830382580382
2024-01-28,136,134.3799900793651
2024-01-29,132,114.58301587301585
2024-01-30,132,116.43785714285714
2023-12-03,76,111.31671626984128
2023-12-04,30,104.04541666666667
2023-12-05,185,106.17098875661378
2023-12-06,154,107.69908068783069
2023-12-07,100,105.0026818783069
2023-12-08,33,107.28726190476193
2023-12-09,104,105.00171296296296
2023-12-10,104,104.2456216931217
2023-12-11,150,99.60988095238093
2023-12-12,136,112.01775793650789
2023-12-13,116,118.11267857142856
2023-12-14,96,110.27609878547383
2023-12-15,179,119.62817460317459
2023-12-16,76,128.9342757936508
2023-12-17,206,118.39451388888891
2023-12-18,111,123.81518518518523
2023-12-19,167,121.14667658730157
2023-12-20,105,124.21212301587299
2023-12-21,129,113.61404100529107
2023-12-22,122,130.87505952380957
2023-12-23,88,117.78382605820109
2023-12-24,84,115.18751653439152
2023-12-25,162,119.70511904761906
2023-12-26,157,122.18208333333331
2023-12-27,116,111.62130952380951
2023-12-28,193,119.48881944444442
2023-12-29,82,118.81509920634922
2023-12-30,134,109.81279761904759
2023-12-31,71,117.63640873015879
2024-01-01,141,132.4529464285714
2024-01-02,204,128.05059523809527
2024-01-03,160,128.44094246031747
2024-01-04,81,127.4408664021164
2024-01-05,128,129.27741341991342
2024-01-06,113,127.06417328042326
2024-01-07,110,130.56718253968253
2024-01-08,127,127.95937500000001
2024-01-09,53,128.36073412698414
2024-01-10,85,114.03145171957676
2024-01-11,91,120.89949735449736
2024-01-12,93,116.08958333333335
2024-01-13,189,122.4189583333333
2024-01-14,67,125.53926256613755
2024-01-15,105,107.65165404040407
2024-01-16,117,121.17793109668105
2024-01-17,103,123.93700396825396
2024-01-18,101,119.76146825396827
2024-01-19,148,122.3627380952381
2024-01-20,198,124.3565674603175
2024-01-21,106,130.0806216931217
2024-01-22,31,126.58462301587302
2024-01-23,80,127.96487103174601
2024-01-24,101,118.73987764550266
2024-01-25,105,116.25439484126984
2024-01-26,151,118.18916005291005
2024-01-27,222,126.68214285714286
2024-01-28,153,121.42810515873013
2024-01-29,56,92.11384259259258
2024-01-30,98,105.14228174603176
2023-12-03,96,126.77010912698414
2023-12-04,129,129.42679894179895
2023-12-05,81,124.38207341269843
2023-12-06,169,119.35041666666666
2023-12-07,177,116.84842923280425
2023-12-08,125,120.1058531746032
2023-12-09,96,120.88559523809523
2023-12-10,145,118.19525462962966
2023-12-11,63,122.89276785714284
2023-12-12,100,127.20020833333334
2023-12-13,89,127.83553571428568
2023-12-14,95,125.55412698412695
2023-12-15,50,120.73428571428572
2023-12-16,129,114.07085317460316
2023-12-17,61,105.85780393217897
2023-12-18,105,113.93546626984126
2023-12-19,128,120.82563492063495
2023-12-20,141,113.57484126984131
2023-12-21,71,120.23924603174602
2023-12-22,73,118.90587301587298
2023-12-23,130,114.34673761423757
2023-12-24,122,129.97835317460317
2023-12-25,94,122.7308630952381
2023-12-26,91,124.93841269841272
2023-12-27,43,116.41150793650792
2023-12-28,55,116.0863624338624
2023-12-29,63,107.94299603174603
2023-12-30,89,102.42225468975468
2023-12-31,56,99.0993849206349
2024-01-01,129,80.79110449735448
2024-01-02,63,89.10009920634921
2024-01-03,71,82.14917328042328
2024-01-04,113,86.67166666666665
2024-01-05,33,107.65858796296301
2024-01-06,103,95.07433531746032
2024-01-07,63,102.85644510582009
2024-01-08,149,82.99411706349207
2024-01-09,150,95.07635912698412
2024-01-10,154,101.93178571428571
2024-01-11,105,103.30330687830691
2024-01-12,100,114.41110119047623
2024-01-13,65,113.05960317460317
2024-01-14,73,112.38713293650794
2024-01-15,92,106.89135912698414
2024-01-16,55,102.81533730158729
2024-01-17,30,96.61462301587302
2024-01-18,101,73.02367063492065
2024-01-19,80,93.61535714285716
2024-01-20,89,81.70483796296297
2024-01-21,87,91.24438492063493
2024-01-22,157,82.23045634920636
2024-01-23,119,103.73072420634925
2024-01-24,121,100.48748015873015
2024-01-25,191,96.57706578144082
2024-01-26,140,117.06079034391533
2024-01-27,87,114.64064484126986
2024-01-28,223,111.46322420634924
2024-01-29,118,115.12190145502646
2024-01-30,98,117.87649801587303
2023-12-03,70,130.47932539682543
2023-12-04,101,123.8558134920635
2023-12-05,39,129.33033730158726
2023-12-06,201,133.36185846560846
2023-12-07,160,125.32893518518517
2023-12-08,128,139.93134920634918
2023-12-09,198,118.06002645502642
2023-12-10,139,128.9675099206349
2023-12-11,89,125.13594246031744
2023-12-12,120,128.9064814814815
2023-12-13,61,128.87767526455028
2023-12-14,138,122.89904100529102
2023-12-15,15,115.09558201058204
2023-12-16,220,139.64477513227516
2023-12-17,110,134.6769345238095
2023-12-18,154,126.37496362433863
2023-12-19,124,124.16883808321306
2023-12-20,70,120.64625330687832
2023-12-21,101,130.73970568783068
2023-12-22,120,137.7971560846561
2023-12-23,128,120.8204232804233
2023-12-24,221,129.22580687830688
2023-12-25,58,120.61192700817696
2023-12-26,153,130.73199252136754
2023-12-27,105,118.15511453823954
2023-12-28,55,138.93185185185186
2023-12-29,26,117.90800595238096
2023-12-30,105,120.89820436507935
2023-12-31,116,115.65841269841268
2024-01-01,42,117.02046296296288
2024-01-02,46,89.73339285714286
2024-01-03,75,82.3535416666667
2024-01-04,88,84.38250992063492
2024-01-05,50,84.5684986772487
2024-01-06,72,85.87492724867728
2024-01-07,77,87.41204695767196
2024-01-08,39,83.85575396825395
2024-01-09,116,74.4943650793651
2024-01-10,125,88.25755952380952
2024-01-11,98,108.79013888888889
2024-01-12,107,112.24482142857146
2024-01-13,210,112.70658730158736
2024-01-14,146,125.36244047619046
2024-01-15,157,121.86689484126984
2024-01-16,158,116.56062500000002
2024-01-17,81,130.08596230158733
2024-01-18,38,123.64022817460317
2024-01-19,103,118.19680886243388
2024-01-20,116,116.67041005291003
2024-01-21,52,110.07192460317455
2024-01-22,69,112.0383134920635
2024-01-23,86,119.01315476190474
2024-01-24,76,94.1340343915344
2024-01-25,152,85.81608134920633
2024-01-26,94,109.8351388888889
2024-01-27,218,98.35789351851851
2024-01-28,156,120.21299603174606
2024-01-29,89,109.1890178571429
2024-01-30,154,111.41143849206351
2023-12-03,39,82.86413510101009
2023-12-04,101,81.69046626984124
2023-12-05,130,83.8434623015873
2023-12-06,58,84.73608134920633
2023-12-07,51,84.30875992063488
2023-12-08,42,85.13025462962963
2023-12-09,63,77.94776124338624
2023-12-10,57,79.72780753968254
2023-12-11,48,77.69384920634924
2023-12-12,117,75.88176587301587
2023-12-13,98,95.4311111111111
2023-12-14,111,82.81464285714287
2023-12-15,50,92.86426587301585
2023-12-16,51,82.64821428571427
2023-12-17,121,81.48630952380954
2023-12-18,93,92.08761574074074
2023-12-19,112,84.95685846560846
2023-12-20,105,78.89324404761906
2023-12-21,85,76.90387566137566
2023-12-22,72,85.26654761904761
2023-12-23,71,92.63263888888885
2023-12-24,35,87.39955026455026
2023-12-25,59,89.29356150793652
2023-12-26,106,86.93735209235209
2023-12-27,42,81.91762896825396
2023-12-28,52,74.04084656084656
2023-12-29,22,79.13992063492066
2023-12-30,38,81.1029332010582
2023-12-31,30,77.8090972222222
2024-01-01,49,47.974262566137575
2024-01-02,18,45.11732142857144
2024-01-03,51,35.11999669312169
2024-01-04,34,36.90504298941799
2024-01-05,37,43.418789682539675
2024-01-06,28,40.8276388888889
2024-01-07,46,41.997767857142854
2024-01-08,6,35.603035714285696
2024-01-09,49,43.66040013227515
2024-01-10,79,34.41287698412698
2024-01-11,103,38.987514430014436
2024-01-12,47,55.15946428571427
2024-01-13,66,43.25385251322751
2024-01-14,96,65.00402777777775
2024-01-15,71,72.90151785714285
2024-01-16,140,82.28643518518518
2024-01-17,120,83.51616402116403
2024-01-18,46,82.82318783068783
2024-01-19,76,78.33514880952382
2024-01-20,81,79.36920634920632
2024-01-21,101,84.91378968253973
2024-01-22,44,86.86478174603172
2024-01-23,72,84.3986904761905
2024-01-24,78,81.98285714285717
2024-01-25,96,80.91516534391535
2024-01-26,109,90.61230158730163
2024-01-27,83,93.78720238095238
2024-01-28,73,82.44711640211644
2024-01-29,83,69.3573578042328
2024-01-30,69,66.3908664021164
2023-12-03,118,99.43107142857143
2023-12-04,59,110.69101040163541
2023-12-05,175,101.21282407407408
2023-12-06,271,113.47714616402115
2023-12-07,187,139.47016865079362
2023-12-08,161,143.06122023809522
2023-12-09,123,137.9368208874459
2023-12-10,137,130.77906746031746
2023-12-11,192,133.37589947089953
2023-12-12,142,124.88093915343906
2023-12-13,178,119.35517857142854
2023-12-14,93,130.79805555555555
2023-12-15,74,140.199880952381
2023-12-16,77,127.25912698412692
2023-12-17,121,132.4741468253968
2023-12-18,112,131.33536706349201
2023-12-19,113,118.17905303030304
2023-12-20,88,114.60196969696973
2023-12-21,162,130.51634920634922
2023-12-22,90,128.46490079365077
2023-12-23,45,117.87356150793651
2023-12-24,89,131.35300595238098
2023-12-25,140,122.54947751322747
2023-12-26,111,121.99591931216929
2023-12-27,131,123.52184523809518
2023-12-28,103,117.61916666666667
2023-12-29,107,112.40428571428569
2023-12-30,40,115.74928571428572
2023-12-31,143,110.85305555555556
2024-01-01,121,123.73294973544975
2024-01-02,166,126.47107804232806
2024-01-03,115,125.88030753968252
2024-01-04,116,127.46950066137568
2024-01-05,188,129.0499206349207
2024-01-06,195,129.49813492063495
2024-01-07,110,120.7608134920635
2024-01-08,132,133.64291666666665
2024-01-09,82,123.43453373015875
2024-01-10,125,118.31794642857149
2024-01-11,142,120.38088624338626
2024-01-12,101,122.86312830687832
2024-01-13,118,127.77646825396825
2024-01-14,89,142.67298611111107
2024-01-15,88,111.43008597883599
2024-01-16,169,119.79176587301585
2024-01-17,99,128.65438161375658
2024-01-18,110,117.40825396825397
2024-01-19,60,124.8068253968254
2024-01-20,192,122.86515873015875
2024-01-21,84,129.91194113756612
2024-01-22,97,119.12483465608467
2024-01-23,99,109.29571428571431
2024-01-24,176,113.28956679894178
2024-01-25,189,124.73096891534396
2024-01-26,168,122.47236111111107
2024-01-27,175,127.81116071428569
2024-01-28,82,123.82450396825399
2024-01-29,42,101.64285714285712
2024-01-30,127,89.27630291005293
2023-12-03,130,120.65662698412696
2023-12-04,36,122.85119047619047
2023-12-05,55,103.49476190476192
2023-12-06,143,99.96836309523808
2023-12-07,180,119.6331746031746
2023-12-08,77,123.74527777777777
2023-12-09,250,107.98233796296296
2023-12-10,139,127.37948743386247
2023-12-11,59,130.7284424603175
2023-12-12,96,122.80814153439154
2023-12-13,118,124.15831349206354
2023-12-14,106,126.20416005291003
2023-12-15,129,130.68982142857143
2023-12-16,159,121.01520833333335
2023-12-17,162,125.86519510582008
2023-12-18,167,125.99574945887444
2023-12-19,82,133.8559126984127
2023-12-20,120,137.0836607142857
2023-12-21,209,116.00287037037039
2023-12-22,47,131.83969246031745
2023-12-23,103,118.0259424603175
2023-12-24,202,118.46699404761905
2023-12-25,148,116.21223544973545
2023-12-26,165,117.42764880952377
2023-12-27,133,124.00471230158732
2023-12-28,60,123.05406084656086
2023-12-29,34,108.80434523809524
2023-12-30,145,113.14551587301588
2023-12-31,31,107.51734788359789
2024-01-01,153,128.75765873015877
2024-01-02,89,119.44083333333334
2024-01-03,77,124.68107142857144
2024-01-04,118,101.48666666666668
2024-01-05,123,123.91069444444443
2024-01-06,76,119.11517857142861
2024-01-07,91,127.03551587301585
2024-01-08,127,119.34765211640214
2024-01-09,101,106.05242063492065
2024-01-10,215,111.78493055555553
2024-01-11,159,126.67870370370369
2024-01-12,106,121.98537698412699
2024-01-13,114,115.68439484126984
2024-01-14,51,123.61263888888888
2024-01-15,155,116.94390873015871
2024-01-16,64,120.94184523809524
2024-01-17,89,115.47746031746028
2024-01-18,161,113.93852182539682
2024-01-19,119,112.86468915343916
2024-01-20,119,111.7915476190476
2024-01-21,165,119.38035714285716
2024-01-22,86,124.7857638888889
2024-01-23,138,124.22612764550263
2024-01-24,129,116.45140211640215
2024-01-25,140,114.53026455026459
2024-01-26,103,124.444972943723
2024-01-27,131,126.02606150793653
2024-01-28,122,124.88401455026458
2024-01-29,115,105.3768650793651
2024-01-30,117,97.84649801587301
2023-12-03,106,113.46361111111112
2023-12-04,102,111.7831746031746
2023-12-05,145,101.72856481481479
2023-12-06,183,114.84017857142858
2023-12-07,190,127.66884920634921
2023-12-08,92,132.57648809523806
2023-12-09,124,126.57714285714283
2023-12-10,75,115.35045634920631
2023-12-11,113,125.63651455026452
2023-12-12,93,104.9762103174603
2023-12-13,122,117.37456349206347
2023-12-14,62,122.9122123015873
2023-12-15,108,116.71776785714282
2023-12-16,101,120.86250992063493
2023-12-17,175,112.55579365079366
2023-12-18,82,123.35096560846559
2023-12-19,133,123.10581679894176
2023-12-20,77,147.24941468253965
2023-12-21,91,127.16809523809519
2023-12-22,175,121.43822510822511
2023-12-23,108,114.59337301587301
2023-12-24,110,131.11573412698408
2023-12-25,115,116.40749999999998
2023-12-26,153,118.39261904761906
2023-12-27,95,116.43407407407408
2023-12-28,59,122.94318452380958
2023-12-29,189,104.59300595238093
2023-12-30,102,112.019623015873
2023-12-31,120,124.34017857142855
2024-01-01,110,131.29615740740743
2024-01-02,108,114.4198611111111
2024-01-03,151,127.46646825396827
2024-01-04,114,126.5572718253968
2024-01-05,206,125.12895833333333
2024-01-06,209,124.04965277777781
2024-01-07,122,131.05259920634919
2024-01-08,161,123.60744047619049
2024-01-09,99,143.4854298941799
2024-01-10,130,119.30755952380952
2024-01-11,262,128.9587003968254
2024-01-12,8,125.27253968253964
2024-01-13,215,152.1185251322751
2024-01-14,120,134.98387445887448
2024-01-15,158,138.81605158730156
2024-01-16,80,132.52653318903322
2024-01-17,104,140.46012260887264
2024-01-18,181,138.6531448412698
2024-01-19,101,140.1602777777777
2024-01-20,101,129.53408399470896
2024-01-21,116,127.13000000000001
2024-01-22,168,134.6447552910053
2024-01-23,131,131.77957341269843
2024-01-24,82,130.12027777777772
2024-01-25,153,133.14916335978836
2024-01-26,88,119.96927910052908
2024-01-27,55,121.96431547619046
2024-01-28,55,119.00993055555551
2024-01-29,97,102.8022023809524
2024-01-30,96,82.76722222222226
2023-12-03,121,120.38087301587301
2023-12-04,109,123.4701785714286
2023-12-05,130,128.22075396825394
2023-12-06,137,122.19325396825396
2023-12-07,116,123.26585317460317
2023-12-08,97,130.39264550264545
2023-12-09,81,136.10780092592594
2023-12-10,88,128.5014682539683
2023-12-11,89,127.81796626984128
2023-12-12,138,118.07779761904769
2023-12-13,105,132.32024801587303
2023-12-14,97,117.88317460317458
2023-12-15,108,117.89577380952382
2023-12-16,64,121.4910515873016
2023-12-17,144,127.24129629629624
2023-12-18,96,127.13605158730162
2023-12-19,137,124.69509920634916
2023-12-20,80,129.22506283068785
2023-12-21,113,123.35452380952378
2023-12-22,173,121.08087301587302
2023-12-23,123,118.80783730158734
2023-12-24,51,121.44507936507931
2023-12-25,160,107.45450396825396
2023-12-26,141,127.43492063492064
2023-12-27,65,125.06593614718619
2023-12-28,44,106.78505952380955
2023-12-29,37,101.89481481481478
2023-12-30,56,109.16693452380953
2023-12-31,49,107.39099206349208
2024-01-01,74,78.94876322751321
2024-01-02,67,74.35488425925928
2024-01-03,80,60.12974206349207
2024-01-04,45,72.64368055555558
2024-01-05,65,65.99747023809523
2024-01-06,49,79.48849206349205
2024-01-07,75,79.34340608465611
2024-01-08,36,78.02439153439154
2024-01-09,147,71.5866369047619
2024-01-10,121,90.88047619047619
2024-01-11,190,93.33617724867727
2024-01-12,98,113.25499338624341
2024-01-13,189,109.84754960317458
2024-01-14,128,128.65158730158728
2024-01-15,90,126.5133333333333
2024-01-16,90,120.85311838624338
2024-01-17,109,122.33565476190476
2024-01-18,144,127.5536011904762
2024-01-19,66,122.2033796296296
2024-01-20,159,119.26590608465611
2024-01-21,79,114.80466269841271
2024-01-22,107,112.75880952380955
2024-01-23,99,112.3825099206349
2024-01-24,87,117.82505952380951
2024-01-25,120,108.14191468253968
2024-01-26,81,104.86827380952384
2024-01-27,51,114.35768849206347
2024-01-28,146,83.5088095238095
2024-01-29,166,66.31348544973541
2024-01-30,91,90.77067791005294
2023-12-03,110,113.09526785714287
2023-12-04,112,120.20378968253969
2023-12-05,196,126.0144146825397
2023-12-06,120,127.64730158730158
2023-12-07,165,117.5203553391053
2023-12-08,85,126.28808201058202
2023-12-09,127,122.69497354497351
2023-12-10,79,124.58347552910051
2023-12-11,128,121.36369047619046
2023-12-12,157,117.47994047619049
2023-12-13,194,125.24095238095235
2023-12-14,186,125.36644841269843
2023-12-15,117,126.97546296296292
2023-12-16,4,136.25994047619048
2023-12-17,176,123.28748015873013
2023-12-18,131,116.93603174603173
2023-12-19,77,127.98811507936506
2023-12-20,148,125.77840939153437
2023-12-21,148,124.392876984127
2023-12-22,118,117.53425595238096
2023-12-23,182,137.33764550264556
2023-12-24,130,129.17291666666665
2023-12-25,83,128.692003968254
2023-12-26,96,121.53170634920635
2023-12-27,86,135.04335978835974
2023-12-28,48,125.73872023809523
2023-12-29,94,115.61925595238093
2023-12-30,62,114.69795634920631
2023-12-31,47,107.75261183261185
2024-01-01,116,85.53806878306881
2024-01-02,105,100.40187620250119
2024-01-03,87,101.1360119047619
2024-01-04,45,99.10717261904762
2024-01-05,114,93.71728174603177
2024-01-06,67,112.0954166666667
2024-01-07,89,104.52230158730163
2024-01-08,87,106.32956349206347
2024-01-09,111,105.28637355699856
2024-01-10,161,105.57109788359786
2024-01-11,144,112.02744047619048
2024-01-12,76,112.40928902116403
2024-01-13,85,110.35982142857144
2024-01-14,101,107.07087632275135
2024-01-15,59,116.9429563492064
2024-01-16,122,105.6587037037037
2024-01-17,173,108.40371031746034
2024-01-18,107,102.87307539682541
2024-01-19,55,109.73810515873014
2024-01-20,143,111.44811507936508
2024-01-21,51,108.99006944444444
2024-01-22,158,111.46200066137567
2024-01-23,153,114.18895833333328
2024-01-24,94,113.07207341269843
2024-01-25,212,105.07207671957671
2024-01-26,146,120.17994047619047
2024-01-27,151,119.0459656084656
2024-01-28,146,116.62394179894179
2024-01-29,120,127.31917658730161
2024-01-30,34,112.97118055555552
2023-12-03,69,85.8136507936508
2023-12-04,102,78.38469576719578
2023-12-05,59,81.1688492063492
2023-12-06,24,81.96741402116406
2023-12-07,54,63.23651785714286
2023-12-08,66,83.0084060846561
2023-12-09,137,78.947791005291
2023-12-10,66,86.53076058201053
2023-12-11,82,79.43210317460321
2023-12-12,65,82.9785317460317
2023-12-13,87,83.66015873015873
2023-12-14,92,88.90225198412699
2023-12-15,41,90.49289021164024
2023-12-16,177,86.71885582010584
2023-12-17,43,89.92465608465608
2023-12-18,49,79.13051917989422
2023-12-19,53,82.69204365079364
2023-12-20,71,84.33563492063493
2023-12-21,107,80.90118055555554
2023-12-22,44,87.50934523809524
2023-12-23,89,78.59953373015873
2023-12-24,149,92.28592592592597
2023-12-25,72,90.85716269841272
2023-12-26,41,86.77561507936507
2023-12-27,17,89.43084325396828
2023-12-28,37,79.77569444444445
2023-12-29,29,90.79281746031744
2023-12-30,36,72.82373015873016
2023-12-31,27,87.87017857142855
2024-01-01,64,39.35623015873015
2024-01-02,15,40.95001984126984
2024-01-03,57,37.471620370370374
2024-01-04,42,39.34299603174603
2024-01-05,43,48.66775793650792
2024-01-06,51,39.432817460317466
2024-01-07,30,38.96706349206349
2024-01-08,32,38.76726190476191
2024-01-09,74,38.53969246031746
2024-01-10,69,40.95127976190475
2024-01-11,101,36.16785714285715
2024-01-12,86,71.38673941798945
2024-01-13,117,63.12622354497356
2024-01-14,104,78.97587301587302
2024-01-15,54,86.78199735449739
2024-01-16,108,77.87172619047621
2024-01-17,70,88.09212301587301
2024-01-18,82,87.62819444444446
2024-01-19,78,76.10335317460319
2024-01-20,110,86.14042658730159
2024-01-21,110,86.59301587301589
2024-01-22,103,88.45741071428573
2024-01-23,90,86.12943452380954
2024-01-24,65,92.2534623015873
2024-01-25,57,85.40026455026455
2024-01-26,85,90.25518849206348
2024-01-27,112,86.60298611111115
2024-01-28,126,85.25591269841271
2024-01-29,83,71.6691369047619
2024-01-30,39,61.31751984126983
2023-12-03,112,82.19020833333333
2023-12-04,89,87.81559193121691
2023-12-05,98,79.26214375901876
2023-12-06,95,85.34164682539681
2023-12-07,34,79.91029521404523
2023-12-08,51,77.73438492063494
2023-12-09,87,82.46867063492064
2023-12-10,53,79.2157671957672
2023-12-11,30,78.68016534391539
2023-12-12,35,68.25742063492063
2023-12-13,68,73.09274801587303
2023-12-14,96,76.52871031746028
2023-12-15,50,82.16736441798938
2023-12-16,119,84.63997023809526
2023-12-17,66,93.72192129629632
2023-12-18,85,82.5447023809524
2023-12-19,100,76.22137235449736
2023-12-20,89,83.50019841269842
2023-12-21,68,80.67987103174603
2023-12-22,37,92.01171957671957
2023-12-23,74,87.79400793650792
2023-12-24,77,82.57313492063494
2023-12-25,120,84.18036706349207
2023-12-26,79,87.81960317460317
2023-12-27,51,90.640873015873
2023-12-28,47,88.5040376984127
2023-12-29,26,77.27925925925925
2023-12-30,27,77.01325877825874
2023-12-31,25,70.94115891053394
2024-01-01,53,33.722628968253964
2024-01-02,21,59.45569444444445
2024-01-03,26,36.29421296296297
2024-01-04,23,39.365
2024-01-05,23,37.942668650793635
2024-01-06,42,40.63420304232805
2024-01-07,35,42.556669973544984
2024-01-08,46,40.828353174603166
2024-01-09,78,38.083819444444444
2024-01-10,32,55.45522817460316
2024-01-11,67,41.56730158730159
2024-01-12,21,36.02434523809524
2024-01-13,131,40.03232142857143
2024-01-14,144,78.98515211640213
2024-01-15,127,92.3053571428571
2024-01-16,69,97.88845238095237
2024-01-17,65,99.25146825396823
2024-01-18,71,90.6361011904762
2024-01-19,29,91.17626984126984
2024-01-20,55,96.17787698412697
2024-01-21,67,85.31335317460318
2024-01-22,71,78.52194444444444
2024-01-23,61,75.77253968253967
2024-01-24,69,76.89559523809523
2024-01-25,73,72.4407242063492
2024-01-26,89,80.96229497354496
2024-01-27,131,82.4362037037037
2024-01-28,88,86.96046626984126
2024-01-29,66,72.5563095238095
2024-01-30,40,71.88669642857141
2023-12-03,43,86.27625000000002
2023-12-04,94,76.72218253968258
2023-12-05,106,87.30324404761906
2023-12-06,57,80.68517857142858
2023-12-07,102,86.20934523809524
2023-12-08,138,76.90217261904762
2023-12-09,84,82.87664682539688
2023-12-10,71,80.77314484126984
2023-12-11,70,85.87899801587302
2023-12-12,86,88.55613095238097
2023-12-13,85,84.02865079365083
2023-12-14,47,81.96122685185183
2023-12-15,62,79.83942821067818
2023-12-16,96,93.14024801587298
2023-12-17,73,80.75703703703705
2023-12-18,76,82.38362103174607
2023-12-19,58,94.30237103174603
2023-12-20,33,86.96877976190476
2023-12-21,127,83.60750992063495
2023-12-22,113,85.12686507936506
2023-12-23,88,85.22128968253966
2023-12-24,41,86.46230158730161
2023-12-25,74,82.02961309523813
2023-12-26,100,85.65548280423282
2023-12-27,27,96.47393849206351
2023-12-28,27,79.10594576719576
2023-12-29,40,71.94528920153921
2023-12-30,51,88.67684523809521
2023-12-31,44,67.80912698412699
2024-01-01,30,41.38421296296296
2024-01-02,51,39.54517526455026
2024-01-03,26,36.65636904761906
2024-01-04,35,39.89881944444445
2024-01-05,29,39.20890873015872
2024-01-06,35,36.774246031746024
2024-01-07,88,41.84882936507936
2024-01-08,73,54.198754509379505
2024-01-09,54,49.70231481481481
2024-01-10,111,37.36775132275133
2024-01-11,94,72.25974537037038
2024-01-12,40,77.5175958994709
2024-01-13,132,79.32502314814813
2024-01-14,48,85.48861111111111
2024-01-15,51,85.94022817460315
2024-01-16,82,69.34677579365078
2024-01-17,69,92.0173511904762
2024-01-18,110,74.25398809523809
2024-01-19,44,88.16656084656083
2024-01-20,142,76.36100859788361
2024-01-21,76,86.08641865079362
2024-01-22,81,84.97152777777778
2024-01-23,84,93.96083333333337
2024-01-24,65,85.27430555555551
2024-01-25,85,86.7572619047619
2024-01-26,91,89.6170238095238
2024-01-27,77,95.85188492063493
2024-01-28,87,73.9371130952381
2024-01-29,71,64.98994047619045
2024-01-30,43,60.54817129629628
2023-12-03,104,115.75974206349204
2023-12-04,78,123.05093253968253
2023-12-05,148,119.61783068783068
2023-12-06,117,119.89208333333332
2023-12-07,76,114.14000000000003
2023-12-08,88,115.38093584656086
2023-12-09,145,117.89972101972101
2023-12-10,77,111.573373015873
2023-12-11,36,117.627457010582
2023-12-12,49,104.08926587301588
2023-12-13,111,98.04766865079363
2023-12-14,173,109.84108134920636
2023-12-15,209,109.9359755291005
2023-12-16,68,107.16454365079359
2023-12-17,100,116.04762235449738
2023-12-18,75,115.29367724867726
2023-12-19,134,114.91563492063496
2023-12-20,92,112.0840476190476
2023-12-21,67,112.43377314814816
2023-12-22,145,117.75362193362191
2023-12-23,136,113.09237433862441
2023-12-24,162,116.14218253968252
2023-12-25,101,125.33749999999999
2023-12-26,167,114.77776785714285
2023-12-27,165,119.08498015873012
2023-12-28,128,124.2364484126984
2023-12-29,108,123.96696097883598
2023-12-30,191,113.85311838624334
2023-12-31,143,120.07275132275136
2024-01-01,119,135.70184854497353
2024-01-02,123,132.36471230158728
2024-01-03,117,133.7683630952381
2024-01-04,150,129.6673412698413
2024-01-05,193,130.89146825396827
2024-01-06,102,131.5093650793651
2024-01-07,106,135.47145171957672
2024-01-08,234,126.8439583333333
2024-01-09,111,137.26736111111106
2024-01-10,168,144.69232142857146
2024-01-11,95,130.6316666666667
2024-01-12,74,134.73731481481477
2024-01-13,126,126.34577380952382
2024-01-14,80,124.06583333333334
2024-01-15,108,128.2287896825397
2024-01-16,116,117.91602513227511
2024-01-17,140,117.29693783068781
2024-01-18,79,132.19571428571425
2024-01-19,127,128.15898809523804
2024-01-20,206,126.42043320105819
2024-01-21,173,125.89874999999996
2024-01-22,177,120.08074404761904
2024-01-23,28,120.9620833333333
2024-01-24,169,115.45664682539682
2024-01-25,134,134.29993716931216
2024-01-26,135,117.9310119047619
2024-01-27,68,116.08425595238093
2024-01-28,116,129.13559523809525
2024-01-29,132,95.26368055555552
2024-01-30,121,88.96073743386243
2023-12-03,63,82.86540343915343
2023-12-04,88,81.31156415343915
2023-12-05,62,82.76443452380951
2023-12-06,100,82.64679443241945
2023-12-07,85,79.35823412698413
2023-12-08,91,81.1261507936508
2023-12-09,88,89.62148148148145
2023-12-10,91,76.43117724867724
2023-12-11,98,84.41524801587303
2023-12-12,26,77.97130621693118
2023-12-13,72,74.5816765873016
2023-12-14,82,88.02766865079366
2023-12-15,51,85.76972222222223
2023-12-16,104,85.41684523809523
2023-12-17,118,84.07997023809524
2023-12-18,86,82.06555555555556
2023-12-19,26,86.11176948051947
2023-12-20,69,81.59073412698413
2023-12-21,120,83.03266865079364
2023-12-22,70,77.06195707070707
2023-12-23,59,84.74146825396825
2023-12-24,92,83.20138888888893
2023-12-25,113,90.398792989418
2023-12-26,104,89.55891203703702
2023-12-27,28,89.99342592592595
2023-12-28,27,84.69045634920634
2023-12-29,32,83.22771464646466
2023-12-30,25,74.65393849206347
2023-12-31,40,73.95123496873497
2024-01-01,71,37.28002976190477
2024-01-02,34,48.523320105820126
2024-01-03,36,39.66671296296296
2024-01-04,32,39.531058201058194
2024-01-05,36,35.31503968253968
2024-01-06,24,40.97373677248678
2024-01-07,31,38.307936507936496
2024-01-08,16,37.78076388888888
2024-01-09,48,36.33659391534391
2024-01-10,62,32.59287037037036
2024-01-11,75,42.65619047619047
2024-01-12,71,40.97498015873017
2024-01-13,84,39.973806216931216
2024-01-14,59,59.35196428571427
2024-01-15,54,78.96725529100529
2024-01-16,77,73.78950727513228
2024-01-17,82,83.32743716931215
2024-01-18,51,79.16607142857144
2024-01-19,48,84.42227182539682
2024-01-20,38,88.04238997113997
2024-01-21,61,68.27597552910056
2024-01-22,159,70.83777777777777
2024-01-23,39,94.87507936507934
2024-01-24,52,65.87459235209236
2024-01-25,96,81.57633267195769
2024-01-26,69,88.85577711640212
2024-01-27,84,86.59213293650792
2024-01-28,89,85.91906415343915
2024-01-29,97,69.86935515873016
2024-01-30,66,76.53197089947089
2023-12-03,39,120.73787157287157
2023-12-04,136,124.63453373015874
2023-12-05,170,131.42146494708996
2023-12-06,94,132.80079695767196
2023-12-07,77,136.50431878306878
2023-12-08,90,125.03027447089949
2023-12-09,117,123.40800595238093
2023-12-10,121,119.93936177248679
2023-12-11,87,119.37857142857139
2023-12-12,132,111.48750000000001
2023-12-13,78,129.50514880952377
2023-12-14,131,110.0192361111111
2023-12-15,120,116.41312499999998
2023-12-16,138,130.38880952380953
2023-12-17,153,113.87282738095237
2023-12-18,114,135.19247354497352
2023-12-19,90,130.98218253968255
2023-12-20,105,119.4934523809524
2023-12-21,123,120.1356845238095
2023-12-22,81,125.25354166666666
2023-12-23,160,120.27116071428574
2023-12-24,107,132.23061507936507
2023-12-25,218,119.05561507936508
2023-12-26,138,124.66749007936511
2023-12-27,156,113.76100198412693
2023-12-28,145,131.6560648148148
2023-12-29,98,120.11298611111111
2023-12-30,147,119.41650793650795
2023-12-31,137,111.27062169312168
2024-01-01,161,126.23351521164022
2024-01-02,59,135.30228835978838
2024-01-03,155,131.38808531746034
2024-01-04,87,122.23048611111109
2024-01-05,121,117.66205357142857
2024-01-06,139,116.79327831890329
2024-01-07,161,119.77460317460314
2024-01-08,168,119.64590277777778
2024-01-09,116,138.39480158730157
2024-01-10,82,114.5387599206349
2024-01-11,102,123.55905092592599
2024-01-12,46,130.61174933862432
2024-01-13,141,122.54800925925923
2024-01-14,10,126.8875
2024-01-15,121,118.07238095238091
2024-01-16,83,125.88136904761909
2024-01-17,101,112.39218253968248
2024-01-18,152,108.8514935064935
2024-01-19,91,116.40015331890332
2024-01-20,117,111.9315476190476
2024-01-21,82,108.50041666666661
2024-01-22,157,117.93299603174601
2024-01-23,90,123.11464285714284
2024-01-24,69,117.76765542328044
2024-01-25,112,108.69784722222222
2024-01-26,258,115.43680555555555
2024-01-27,59,130.95815476190475
2024-01-28,58,125.71648809523808
2024-01-29,120,107.08776785714286
2024-01-30,126,102.82169973544977
2023-12-03,65,84.77963955026453
2023-12-04,4,82.31441798941798
2023-12-05,125,85.09883928571428
2023-12-06,79,87.3580357142857
2023-12-07,85,88.47210317460319
2023-12-08,122,79.8235185185185
2023-12-09,106,85.48399801587303
2023-12-10,22,83.57501322751322
2023-12-11,107,91.96308862433861
2023-12-12,64,76.65459986772488
2023-12-13,61,84.37631283068782
2023-12-14,47,88.17624669312171
2023-12-15,56,76.77599206349207
2023-12-16,86,80.31371693121694
2023-12-17,44,90.5706018518518
2023-12-18,97,74.82034391534393
2023-12-19,65,88.51100859788362
2023-12-20,88,87.44955357142857
2023-12-21,132,84.88876653439152
2023-12-22,146,92.53196759259258
2023-12-23,35,91.58219246031744
2023-12-24,49,86.36675595238097
2023-12-25,77,86.69552910052909
2023-12-26,52,89.33637235449733
2023-12-27,28,90.85444444444445
2023-12-28,23,83.62138167388164
2023-12-29,44,85.1674603174603
2023-12-30,50,77.12838293650792
2023-12-31,47,81.14779761904762
2024-01-01,66,50.49880952380951
2024-01-02,49,59.95292328042327
2024-01-03,33,53.34081349206349
2024-01-04,19,53.9772619047619
2024-01-05,38,56.17878968253968
2024-01-06,49,43.870942460317465
2024-01-07,22,45.10417989417989
2024-01-08,39,40.05063492063491
2024-01-09,48,41.80771825396824
2024-01-10,73,34.93219246031746
2024-01-11,73,36.77988095238096
2024-01-12,70,47.55059523809523
2024-01-13,66,52.119146825396825
2024-01-14,72,72.2887896825397
2024-01-15,64,70.55498015873015
2024-01-16,49,79.69373015873018
2024-01-17,71,81.02074284511787
2024-01-18,87,87.34294312169314
2024-01-19,61,79.53310515873017
2024-01-20,83,72.95740079365082
2024-01-21,89,92.16538690476189
2024-01-22,157,78.2022023809524
2024-01-23,59,90.12343223905721
2024-01-24,73,79.89201058201057
2024-01-25,44,85.95083333333335
2024-01-26,74,82.37727843915344
2024-01-27,68,87.07333333333334
2024-01-28,75,73.32689484126986
2024-01-29,63,71.35209656084655
2024-01-30,93,81.69463293650792
2023-12-03,80,124.71929563492063
2023-12-04,186,115.22550264550264
2023-12-05,119,119.67401785714286
2023-12-06,126,126.15653439153442
2023-12-07,174,119.86874007936511
2023-12-08,163,122.2985152116402
2023-12-09,6,134.28547619047615
2023-12-10,206,113.5046296296296
2023-12-11,121,135.04715277777777
2023-12-12,125,114.9498148148148
2023-12-13,160,123.61125992063492
2023-12-14,72,126.16442460317461
2023-12-15,175,123.38786706349207
2023-12-16,87,136.45173611111107
2023-12-17,59,124.55380952380953
2023-12-18,94,126.65164021164027
2023-12-19,58,122.89602182539683
2023-12-20,95,119.54434854497354
2023-12-21,196,110.91376984126981
2023-12-22,155,132.52154761904765
2023-12-23,118,129.94321759259262
2023-12-24,206,137.06578373015873
2023-12-25,166,119.20367063492067
2023-12-26,140,125.2456646825397
2023-12-27,114,122.80761904761906
2023-12-28,84,127.71247023809522
2023-12-29,63,116.52983134920639
2023-12-30,37,105.06191468253967
2023-12-31,82,116.05894841269843
2024-01-01,106,118.96259920634925
2024-01-02,59,112.16508597883596
2024-01-03,71,95.3177380952381
2024-01-04,90,88.62076388888889
2024-01-05,110,85.14853174603176
2024-01-06,58,99.98876984126983
2024-01-07,82,97.45750000000001
2024-01-08,90,117.18755952380954
2024-01-09,169,107.20571428571431
2024-01-10,53,107.64577380952382
2024-01-11,141,105.83898809523804
2024-01-12,142,110.56570436507941
2024-01-13,149,115.49071428571425
2024-01-14,123,110.18013888888886
2024-01-15,103,115.32464285714283
2024-01-16,104,112.13969246031748
2024-01-17,31,118.48876322751318
2024-01-18,132,113.12276124338622
2024-01-19,105,113.52927579365078
2024-01-20,95,117.91736111111109
2024-01-21,148,106.31476190476192
2024-01-22,177,116.05182539682544
2024-01-23,49,109.68030092592588
2024-01-24,236,115.462919973545
2024-01-25,209,118.40710317460315
2024-01-26,152,132.19129629629626
2024-01-27,68,131.51199735449734
2024-01-28,128,132.36556547619043
2024-01-29,118,119.9349338624339
2024-01-30,99,107.79127645502643
2023-12-03,121,118.50803902116398
2023-12-04,93,115.37422949735453
2023-12-05,88,122.74207341269839
2023-12-06,128,106.04793650793653
2023-12-07,34,104.74166997354494
2023-12-08,119,115.877208994709
2023-12-09,88,114.80415674603177
2023-12-10,101,115.61291666666666
2023-12-11,77,123.87166666666666
2023-12-12,158,117.54029761904765
2023-12-13,65,108.12103294853293
2023-12-14,165,100.5049007936508
2023-12-15,119,113.60485119047617
2023-12-16,177,112.49732142857141
2023-12-17,140,101.96589285714282
2023-12-18,130,117.26499999999996
2023-12-19,92,109.17756944444442
2023-12-20,155,114.64634589947092
2023-12-21,143,110.97198412698417
2023-12-22,106,122.11628968253972
2023-12-23,133,115.35519660894664
2023-12-24,114,132.53471560846558
2023-12-25,92,117.86970658970662
2023-12-26,92,124.24148629148628
2023-12-27,38,126.72563492063487
2023-12-28,75,133.34916666666663
2023-12-29,38,109.32811507936506
2023-12-30,44,98.31104497354491
2023-12-31,66,79.79212301587303
2024-01-01,57,75.36231481481478
2024-01-02,86,71.98521494708993
2024-01-03,43,78.44304563492065
2024-01-04,59,66.60145833333334
2024-01-05,82,59.36817791005294
2024-01-06,42,70.79740079365078
2024-01-07,67,71.93565476190477
2024-01-08,65,63.14834986772488
2024-01-09,149,67.33938492063493
2024-01-10,67,89.34507605820103
2024-01-11,83,79.9682341269841
2024-01-12,83,93.17342261904761
2024-01-13,43,95.66766865079366
2024-01-14,72,76.36200396825396
2024-01-15,187,79.75293981481482
2024-01-16,95,104.80933531746032
2024-01-17,47,86.60652777777779
2024-01-18,106,87.93249999999998
2024-01-19,37,94.6155654761905
2024-01-20,78,94.06674933862435
2024-01-21,64,92.20757936507938
2024-01-22,109,86.03560515873015
2024-01-23,100,85.02025793650792
2024-01-24,70,84.5377777777778
2024-01-25,101,89.77207341269845
2024-01-26,84,85.10612103174604
2024-01-27,83,86.10050595238096
2024-01-28,115,79.99915674603173
2024-01-29,118,75.45904761904764
2024-01-30,136,77.10669973544978
2023-12-03,144,113.02645502645505
2023-12-04,87,115.80605158730158
2023-12-05,127,113.5101455026455
2023-12-06,118,123.06948412698415
2023-12-07,113,121.632457010582
2023-12-08,104,127.12815806878307
2023-12-09,92,114.40351851851851
2023-12-10,95,119.1678373015873
2023-12-11,85,114.31751984126981
2023-12-12,123,110.2529265873016
2023-12-13,118,110.26322420634921
2023-12-14,36,113.08963293650793
2023-12-15,119,111.56871031746032
2023-12-16,135,111.64399801587305
2023-12-17,142,111.09574404761905
2023-12-18,151,109.7136408730159
2023-12-19,72,102.86553571428571
2023-12-20,45,97.76214285714285
2023-12-21,99,114.50583333333334
2023-12-22,124,104.42213955026453
2023-12-23,104,110.19433531746033
2023-12-24,73,109.20386243386244
2023-12-25,56,117.65308201058203
2023-12-26,95,111.36257275132273
2023-12-27,44,107.50025793650794
2023-12-28,27,108.346369047619
2023-12-29,18,83.15217412217412
2023-12-30,21,82.54675414862913
2023-12-31,49,83.20094246031746
2024-01-01,19,56.37837301587301
2024-01-02,23,35.000694444444434
2024-01-03,39,38.6713988095238
2024-01-04,28,32.54932539682538
2024-01-05,27,34.85419312169313
2024-01-06,71,33.16117724867724
2024-01-07,14,35.76902777777778
2024-01-08,31,33.64561507936508
2024-01-09,97,33.66014880952381
2024-01-10,115,39.59133928571429
2024-01-11,4,56.361636904761916
2024-01-12,83,47.42650462962961
2024-01-13,95,65.97484126984128
2024-01-14,78,80.05016534391534
2024-01-15,80,85.31534391534393
2024-01-16,74,81.51784722222222
2024-01-17,73,73.6363855820106
2024-01-18,43,88.72559523809521
2024-01-19,34,84.85126984126985
2024-01-20,104,70.61863095238097
2024-01-21,68,82.01027777777776
2024-01-22,183,77.55583994708996
2024-01-23,59,96.78801587301585
2024-01-24,150,96.98792658730159
2024-01-25,62,106.09438492063491
2024-01-26,80,101.20626653439152
2024-01-27,92,95.30038359788362
2024-01-28,113,94.87830026455022
2024-01-29,100,99.81136243386246
2024-01-30,121,85.67971230158732
2023-12-03,137,128.66852843915345
2023-12-04,93,126.57708333333332
2023-12-05,117,128.70339285714286
2023-12-06,208,130.1176785714286
2023-12-07,100,119.44263888888887
2023-12-08,123,123.8578902116402
2023-12-09,60,116.06861111111112
2023-12-10,68,116.24561507936504
2023-12-11,140,121.80745039682539
2023-12-12,71,124.32501984126985
2023-12-13,149,121.28989417989418
2023-12-14,198,114.5750892857143
2023-12-15,105,118.31922619047621
2023-12-16,122,124.14512896825394
2023-12-17,34,119.35397817460326
2023-12-18,109,118.88719246031746
2023-12-19,134,126.93987433862438
2023-12-20,166,119.15701388888884
2023-12-21,148,123.94640211640213
2023-12-22,250,116.04024140211642
2023-12-23,93,113.55250000000001
2023-12-24,252,129.37373015873018
2023-12-25,113,117.74917989417992
2023-12-26,116,124.61865079365074
2023-12-27,73,125.91415343915341
2023-12-28,140,128.03038690476194
2023-12-29,37,125.6415277777778
2023-12-30,51,106.75383597883601
2023-12-31,101,125.33734788359791
2024-01-01,67,118.015582010582
2024-01-02,81,105.5802777777778
2024-01-03,100,100.95468253968254
2024-01-04,30,103.01854166666666
2024-01-05,116,92.91019841269839
2024-01-06,81,100.38624007936508
2024-01-07,73,100.9047023809524
2024-01-08,133,102.6133134920635
2024-01-09,38,109.03507605820104
2024-01-10,68,105.6674558080808
2024-01-11,152,86.44994047619049
2024-01-12,204,107.63426136363637
2024-01-13,141,116.27708333333337
2024-01-14,122,118.22085317460319
2024-01-15,156,121.70215277777775
2024-01-16,176,127.48168650793649
2024-01-17,125,133.9064880952381
2024-01-18,108,119.74563492063494
2024-01-19,86,129.8626091269841
2024-01-20,158,113.82845899470901
2024-01-21,139,129.73007936507935
2024-01-22,144,123.88532407407406
2024-01-23,146,123.67757605820105
2024-01-24,145,122.92323412698416
2024-01-25,143,131.75488095238097
2024-01-26,167,134.8908201058201
2024-01-27,69,145.91694113756608
2024-01-28,147,128.6908564814815
2024-01-29,87,101.58707341269842
2024-01-30,115,99.97561507936506
2023-12-03,107,124.13934523809523
2023-12-04,61,124.94977272727276
2023-12-05,118,116.90536706349204
2023-12-06,186,118.15911706349208
2023-12-07,120,124.9845535714286
2023-12-08,178,113.1815476190476
2023-12-09,55,114.70324074074074
2023-12-10,51,115.52859126984126
2023-12-11,58,136.348664021164
2023-12-12,187,115.76277777777774
2023-12-13,112,127.55825066137565
2023-12-14,129,132.1155555555555
2023-12-15,93,130.1373644179894
2023-12-16,148,119.10132605820107
2023-12-17,116,126.22348725348726
2023-12-18,98,132.0378472222222
2023-12-19,109,120.28146164021163
2023-12-20,124,135.18866402116404
2023-12-21,135,118.11067129629632
2023-12-22,177,125.70423280423279
2023-12-23,107,122.74686507936511
2023-12-24,114,119.08341269841273
2023-12-25,71,121.36196428571427
2023-12-26,118,131.58799603174603
2023-12-27,60,124.40020833333337
2023-12-28,46,128.65492063492067
2023-12-29,87,115.41649801587297
2023-12-30,33,112.5426587301587
2023-12-31,59,85.38989959114957
2024-01-01,110,80.26358134920633
2024-01-02,75,88.91276785714287
2024-01-03,71,88.44010582010587
2024-01-04,99,80.92987103174603
2024-01-05,69,92.1432341269841
2024-01-06,45,85.1312103174603
2024-01-07,83,87.51580357142855
2024-01-08,113,104.31150793650795
2024-01-09,130,101.60892857142859
2024-01-10,163,110.63442129629631
2024-01-11,85,105.24040013227516
2024-01-12,123,112.45040674603175
2024-01-13,95,106.71224206349206
2024-01-14,149,102.77725529100533
2024-01-15,104,112.55114087301587
2024-01-16,149,98.02363095238097
2024-01-17,114,112.42753306878308
2024-01-18,115,107.15164231601732
2024-01-19,141,105.28861111111111
2024-01-20,192,115.76416666666664
2024-01-21,196,135.19683862433865
2024-01-22,133,143.25291756854259
2024-01-23,108,136.92347222222222
2024-01-24,64,136.98659722222223
2024-01-25,145,120.25924603174602
2024-01-26,248,135.623253968254
2024-01-27,111,134.4849470899471
2024-01-28,98,133.4176087801088
2024-01-29,164,98.64678571428571
2024-01-30,113,112.92087301587306
2023-12-03,218,126.33271825396825
2023-12-04,80,102.52271825396822
2023-12-05,173,124.08456349206352
2023-12-06,199,107.46170634920631
2023-12-07,230,138.1022850529101
2023-12-08,121,113.51946428571429
2023-12-09,95,114.4348397667148
2023-12-10,88,119.34775793650793
2023-12-11,85,131.97674603174605
2023-12-12,193,134.33986111111113
2023-12-13,175,124.6775496031746
2023-12-14,131,109.54096891534394
2023-12-15,48,118.77152777777779
2023-12-16,122,118.03696428571428
2023-12-17,151,122.99960317460318
2023-12-18,123,120.61021164021167
2023-12-19,97,122.60144841269836
2023-12-20,70,118.47892857142857
2023-12-21,222,127.82083333333334
2023-12-22,133,128.9584986772487
2023-12-23,119,123.38652777777779
2023-12-24,177,122.88100859788362
2023-12-25,177,117.84132936507937
2023-12-26,157,119.39742063492062
2023-12-27,77,136.61405092592588
2023-12-28,112,128.58091269841273
2023-12-29,55,128.43726190476193
2023-12-30,49,115.09144841269844
2023-12-31,43,110.76876984126984
2024-01-01,74,124.10430555555554
2024-01-02,37,101.53451388888887
2024-01-03,149,81.89974537037038
2024-01-04,122,101.23440145502643
2024-01-05,80,93.18328493265993
2024-01-06,90,105.30373015873013
2024-01-07,115,100.27927579365081
2024-01-08,80,116.49035714285712
2024-01-09,93,120.70866071428574
2024-01-10,116,106.45680555555556
2024-01-11,96,113.11998015873016
2024-01-12,120,103.28502365689866
2024-01-13,87,106.68271164021166
2024-01-14,63,106.60220899470899
2024-01-15,118,110.73858946608948
2024-01-16,63,105.75101190476194
2024-01-17,108,105.79684523809527
2024-01-18,83,108.75131944444449
2024-01-19,73,108.64387355699857
2024-01-20,84,93.72026785714289
2024-01-21,148,90.20283730158732
2024-01-22,123,103.5222718253968
2024-01-23,134,109.73132605820105
2024-01-24,167,105.16378968253967
2024-01-25,141,113.03268187830686
2024-01-26,76,114.83090608465609
2024-01-27,142,119.02917658730162
2024-01-28,112,113.78792658730161
2024-01-29,78,92.11689484126981
2024-01-30,163,82.17396164021166
2023-12-03,131,123.53791005291006
2023-12-04,100,130.05637566137565
2023-12-05,58,123.43077380952381
2023-12-06,205,116.76469246031743
2023-12-07,142,132.57156084656083
2023-12-08,151,119.86095238095234
2023-12-09,74,121.00804563492065
2023-12-10,124,117.20652777777781
2023-12-11,46,118.15558201058202
2023-12-12,156,111.33521825396824
2023-12-13,158,116.5060482804233
2023-12-14,46,122.70193001443002
2023-12-15,73,123.19175595238094
2023-12-16,111,112.62489087301586
2023-12-17,126,113.90789682539683
2023-12-18,172,114.19811507936511
2023-12-19,144,128.87408730158728
2023-12-20,151,123.53811507936511
2023-12-21,101,125.28766865079365
2023-12-22,169,126.17651124338623
2023-12-23,130,116.62072420634924
2023-12-24,162,121.80496031746029
2023-12-25,42,122.63262896825395
2023-12-26,49,123.28108134920636
2023-12-27,91,120.17472222222221
2023-12-28,65,121.83769841269843
2023-12-29,86,109.50729166666663
2023-12-30,62,104.37318783068783
2023-12-31,69,102.40761904761901
2024-01-01,116,85.86313492063495
2024-01-02,60,91.13410052910055
2024-01-03,88,96.2456613756614
2024-01-04,111,92.90216269841268
2024-01-05,70,110.59246031746031
2024-01-06,80,100.62395833333333
2024-01-07,53,105.22918650793652
2024-01-08,56,104.99404761904765
2024-01-09,111,81.55011904761905
2024-01-10,154,104.28542658730157
2024-01-11,126,105.8931316137566
2024-01-12,105,123.21680555555555
2024-01-13,196,96.79484126984126
2024-01-14,143,116.25142857142855
2024-01-15,95,128.8959126984127
2024-01-16,195,118.38541335978836
2024-01-17,90,124.51405423280427
2024-01-18,138,116.51198082010586
2024-01-19,51,114.26242394179896
2024-01-20,81,109.70294642857144
2024-01-21,142,116.27443452380952
2024-01-22,80,116.61443121693122
2024-01-23,65,109.47771164021164
2024-01-24,56,114.8474470899471
2024-01-25,37,108.87403439153442
2024-01-26,99,82.32150793650791
2024-01-27,92,97.13693783068783
2024-01-28,96,84.5760582010582
2024-01-29,133,82.09704695767194
2024-01-30,56,63.11493386243386
2023-12-03,134,120.42573412698417
2023-12-04,115,123.32117063492062
2023-12-05,212,122.86047619047619
2023-12-06,172,123.03190476190481
2023-12-07,189,133.2418253968254
2023-12-08,54,139.88238095238097
2023-12-09,96,129.24291786916788
2023-12-10,110,113.36328042328046
2023-12-11,35,126.29029761904759
2023-12-12,237,125.14348544973542
2023-12-13,103,126.74854166666665
2023-12-14,182,123.10779761904759
2023-12-15,37,123.37997023809527
2023-12-16,159,125.70113095238096
2023-12-17,122,122.79554383116884
2023-12-18,180,125.81662367724866
2023-12-19,139,122.97289351851853
2023-12-20,119,125.4349669312169
2023-12-21,82,132.7076587301587
2023-12-22,179,129.85684523809525
2023-12-23,158,120.69127976190474
2023-12-24,127,120.1825033068783
2023-12-25,71,131.85353505291008
2023-12-26,210,119.00534722222223
2023-12-27,84,127.03718584656082
2023-12-28,66,128.56088293650794
2023-12-29,113,117.42890873015871
2023-12-30,54,114.32599206349204
2023-12-31,101,119.419126984127
2024-01-01,28,142.92126653439152
2024-01-02,75,116.68779070466569
2024-01-03,172,87.07664682539682
2024-01-04,88,134.48621693121692
2024-01-05,81,114.85882936507932
2024-01-06,87,98.83680555555559
2024-01-07,90,105.7839384920635
2024-01-08,55,119.02926587301585
2024-01-09,129,129.24396825396823
2024-01-10,78,105.41021915584416
2024-01-11,236,104.70050595238095
2024-01-12,134,118.89066798941802
2024-01-13,132,120.13481150793652
2024-01-14,101,118.7289814814815
2024-01-15,131,121.94499999999998
2024-01-16,145,119.52841931216932
2024-01-17,133,125.36115079365076
2024-01-18,132,127.50049603174602
2024-01-19,168,126.5157539682539
2024-01-20,127,122.01515873015877
2024-01-21,162,122.94107142857142
2024-01-22,193,137.4643253968254
2024-01-23,139,131.17273809523806
2024-01-24,146,137.8658267195767
2024-01-25,148,121.8438194444444
2024-01-26,122,142.09738095238092
2024-01-27,119,133.42750076312578
2024-01-28,133,135.05047619047616
2024-01-29,169,124.13271825396829
2024-01-30,81,107.64386904761909
2023-12-03,154,116.33909060846567
2023-12-04,147,122.23741402116406
2023-12-05,69,131.99245039682538
2023-12-06,199,121.17879960317462
2023-12-07,171,135.85883597883597
2023-12-08,175,118.53549603174606
2023-12-09,158,123.34268849206349
2023-12-10,124,125.61977182539684
2023-12-11,68,136.10251984126987
2023-12-12,160,126.50726851851852
2023-12-13,251,116.90565806878314
2023-12-14,124,119.19447420634923
2023-12-15,111,140.230625
2023-12-16,83,117.60023809523811
2023-12-17,179,129.75334325396824
2023-12-18,262,120.29011904761906
2023-12-19,151,113.85841269841275
2023-12-20,96,116.95656415343915
2023-12-21,148,133.74508928571427
2023-12-22,118,137.29693121693117
2023-12-23,115,124.19453373015874
2023-12-24,117,129.65406746031746
2023-12-25,66,112.38381944444444
2023-12-26,86,125.41221230158727
2023-12-27,102,119.36694444444446
2023-12-28,92,132.57543650793653
2023-12-29,110,114.9667857142857
2023-12-30,49,118.49853174603176
2023-12-31,65,113.2539781746032
2024-01-01,90,107.07118055555551
2024-01-02,77,107.95203703703706
2024-01-03,26,108.33240079365079
2024-01-04,72,83.71654761904763
2024-01-05,62,87.63156084656083
2024-01-06,100,81.09753968253968
2024-01-07,62,86.37160383597883
2024-01-08,71,82.45408399470902
2024-01-09,75,73.53635912698411
2024-01-10,105,80.7658201058201
2024-01-11,115,102.24664021164021
2024-01-12,219,111.13626984126982
2024-01-13,170,128.6378373015873
2024-01-14,136,122.31476190476194
2024-01-15,103,132.04954365079362
2024-01-16,70,129.1983035714286
2024-01-17,128,125.2917923280423
2024-01-18,159,116.94353174603175
2024-01-19,90,112.76554563492063
2024-01-20,225,109.70124999999997
2024-01-21,148,118.99162698412702
2024-01-22,137,121.9243668831169
2024-01-23,59,143.78560515873014
2024-01-24,140,129.06058531746032
2024-01-25,112,119.61198743386238
2024-01-26,62,122.83026785714286
2024-01-27,92,120.77349386724387
2024-01-28,98,102.38435515873016
2024-01-29,67,90.73646164021164
2024-01-30,94,61.836904761904755
2023-12-03,131,119.75353174603175
2023-12-04,111,115.83869047619048
2023-12-05,78,132.66268518518518
2023-12-06,61,125.75926587301586
2023-12-07,125,109.45076388888889
2023-12-08,124,113.95394841269847
2023-12-09,118,102.98214947089947
2023-12-10,134,122.56367724867728
2023-12-11,52,121.7155456349206
2023-12-12,175,108.45144841269834
2023-12-13,68,108.0345238095238
2023-12-14,201,113.51888888888892
2023-12-15,75,132.79252976190475
2023-12-16,56,122.37410714285717
2023-12-17,131,125.06417328042329
2023-12-18,104,105.0714417989418
2023-12-19,179,124.41349206349206
2023-12-20,113,123.73757275132272
2023-12-21,180,122.35922619047619
2023-12-22,152,120.40184523809528
2023-12-23,104,112.93451388888889
2023-12-24,199,123.68199074074074
2023-12-25,190,116.8786507936508
2023-12-26,111,131.3979794973545
2023-12-27,112,127.36226190476187
2023-12-28,69,120.34026785714288
2023-12-29,51,113.32475288600287
2023-12-30,35,110.30676587301585
2023-12-31,44,114.445376984127
2024-01-01,100,106.46158730158729
2024-01-02,30,95.7996461640212
2024-01-03,66,62.76645502645501
2024-01-04,113,67.31034722222222
2024-01-05,47,92.67440476190474
2024-01-06,124,85.06311507936509
2024-01-07,116,96.90294312169308
2024-01-08,59,119.50698412698415
2024-01-09,114,96.530625
2024-01-10,84,106.35926587301587
2024-01-11,122,102.2939384920635
2024-01-12,152,104.17765542328041
2024-01-13,94,120.42596611721612
2024-01-14,121,114.83686147186144
2024-01-15,108,114.86596861471862
2024-01-16,126,105.39166005291004
2024-01-17,175,118.11905753968252
2024-01-18,106,115.80972222222225
2024-01-19,78,117.11619047619044
2024-01-20,162,116.26650793650792
2024-01-21,108,117.80446428571423
2024-01-22,160,119.96781746031743
2024-01-23,102,119.28139880952384
2024-01-24,153,120.57917328042328
2024-01-25,76,114.22775793650793
2024-01-26,29,126.07323412698409
2024-01-27,108,110.95599386724388
2024-01-28,87,102.41588293650797
2024-01-29,90,85.28927910052911
2024-01-30,78,62.6331746031746
2023-12-03,59,104.1872156084656
2023-12-04,120,100.86011243386244
2023-12-05,114,109.31423611111109
2023-12-06,151,123.38273148148156
2023-12-07,94,116.8441865079365
2023-12-08,117,109.69784391534388
2023-12-09,88,109.98588293650798
2023-12-10,44,116.56303571428569
2023-12-11,112,105.36242724867725
2023-12-12,81,109.80915674603176
2023-12-13,129,102.0888915945166
2023-12-14,92,106.09192460317463
2023-12-15,132,116.00836309523805
2023-12-16,130,114.19458994708997
2023-12-17,41,116.58399140211638
2023-12-18,101,109.49285714285716
2023-12-19,166,108.05066468253966
2023-12-20,81,109.2777810846561
2023-12-21,114,110.97365079365078
2023-12-22,33,101.54195436507933
2023-12-23,106,94.83668650793653
2023-12-24,63,105.8129365079365
2023-12-25,121,117.39440806878302
2023-12-26,134,117.89418650793645
2023-12-27,70,115.56295634920635
2023-12-28,50,111.3755853174603
2023-12-29,4,90.85548941798943
2023-12-30,40,105.37522817460318
2023-12-31,42,89.66499999999999
2024-01-01,40,48.01937169312168
2024-01-02,71,32.890039682539694
2024-01-03,43,52.0930257936508
2024-01-04,57,41.22752976190477
2024-01-05,74,52.724196428571425
2024-01-06,30,55.21892857142857
2024-01-07,33,54.0020171957672
2024-01-08,40,54.37139550264552
2024-01-09,95,54.81620039682537
2024-01-10,45,53.775347222222216
2024-01-11,111,54.84608796296296
2024-01-12,103,73.01329906204911
2024-01-13,177,67.82926587301587
2024-01-14,44,104.96634920634918
2024-01-15,194,87.37421957671957
2024-01-16,89,119.43424603174604
2024-01-17,171,131.5593244949495
2024-01-18,93,128.27218253968255
2024-01-19,111,123.98226190476193
2024-01-20,172,118.81578042328042
2024-01-21,81,129.70690476190475
2024-01-22,81,115.72097552910051
2024-01-23,104,110.61657918470418
2024-01-24,74,111.41494047619052
2024-01-25,85,108.16766203703702
2024-01-26,118,98.15130952380952
2024-01-27,89,97.60306547619047
2024-01-28,112,96.84251984126985
2024-01-29,51,84.69360119047623
2024-01-30,74,75.39805555555557
2023-12-03,103,117.13633928571427
2023-12-04,101,106.55279761904761
2023-12-05,57,116.26822751322753
2023-12-06,83,106.63851190476193
2023-12-07,92,99.10099206349211
2023-12-08,58,105.53695436507935
2023-12-09,82,102.53183531746032
2023-12-10,82,108.03330357142858
2023-12-11,140,98.95209325396827
2023-12-12,92,106.94830687830691
2023-12-13,95,113.53469516594518
2023-12-14,56,117.62718253968252
2023-12-15,77,104.83640873015871
2023-12-16,53,110.83910714285712
2023-12-17,121,109.19132936507935
2023-12-18,86,109.88933531746034
2023-12-19,94,108.59106150793649
2023-12-20,69,107.28309523809526
2023-12-21,65,114.59158730158732
2023-12-22,91,110.47537367724871
2023-12-23,96,110.42498677248676
2023-12-24,62,88.28937169312167
2023-12-25,67,86.87765873015873
2023-12-26,85,94.17036706349207
2023-12-27,44,85.09091269841268
2023-12-28,41,80.75408399470899
2023-12-29,51,70.6321164021164
2023-12-30,15,82.20588293650793
2023-12-31,32,77.01487103174604
2024-01-01,19,56.70919973544973
2024-01-02,22,36.426841931216934
2024-01-03,18,36.35519179894181
2024-01-04,38,38.77856902356903
2024-01-05,49,37.82152777777777
2024-01-06,46,42.48651785714286
2024-01-07,61,40.67939484126984
2024-01-08,54,37.020882936507945
2024-01-09,91,37.96199735449734
2024-01-10,96,53.85792658730159
2024-01-11,73,75.80526124338625
2024-01-12,83,78.60835317460318
2024-01-13,102,91.31597883597883
2024-01-14,57,86.16406746031744
2024-01-15,132,86.80900793650795
2024-01-16,72,88.13725198412699
2024-01-17,112,86.59723214285714
2024-01-18,123,80.03564814814816
2024-01-19,63,93.18535714285716
2024-01-20,105,86.61230158730157
2024-01-21,96,85.83978174603176
2024-01-22,123,98.12002976190476
2024-01-23,110,90.03597222222218
2024-01-24,60,80.54285714285716
2024-01-25,4,90.12211309523812
2024-01-26,65,82.75279761904761
2024-01-27,66,88.66671626984129
2024-01-28,96,88.03585317460323
2024-01-29,71,74.10193121693122
2024-01-30,54,71.30305555555557
2023-12-03,104,135.02716269841272
2023-12-04,127,125.13208994708992
2023-12-05,161,128.3737400793651
2023-12-06,122,134.253210978836
2023-12-07,96,135.9701785714286
2023-12-08,122,122.41617063492065
2023-12-09,123,123.28532738095238
2023-12-10,119,132.96458333333337
2023-12-11,134,135.74008597883596
2023-12-12,89,126.70385582010584
2023-12-13,128,129.32859788359792
2023-12-14,175,130.6566732804233
2023-12-15,104,122.95571759259259
2023-12-16,35,128.09158549783555
2023-12-17,208,127.21363936988932
2023-12-18,134,118.6390277777778
2023-12-19,199,113.4093419312169
2023-12-20,134,124.60509259259257
2023-12-21,129,127.57891865079364
2023-12-22,157,117.03136904761908
2023-12-23,133,122.86712632275136
2023-12-24,115,144.07862103174605
2023-12-25,103,140.08961640211643
2023-12-26,145,125.22420634920636
2023-12-27,47,128.63133928571426
2023-12-28,49,132.8220403439153
2023-12-29,92,111.75517857142854
2023-12-30,36,116.84482142857142
2023-12-31,89,102.71096230158729
2024-01-01,38,106.33666666666667
2024-01-02,84,77.05688492063489
2024-01-03,100,88.84564484126983
2024-01-04,64,84.13417989417988
2024-01-05,92,84.91356812169313
2024-01-06,77,87.87786375661375
2024-01-07,63,99.0062863756614
2024-01-08,85,80.70347883597881
2024-01-09,59,110.60727182539681
2024-01-10,121,84.71623015873016
2024-01-11,121,113.03065145502644
2024-01-12,87,118.20743386243386
2024-01-13,49,105.93108134920634
2024-01-14,112,102.34750992063496
2024-01-15,97,113.7450396825397
2024-01-16,104,105.16752976190479
2024-01-17,229,99.53819444444441
2024-01-18,155,114.15180555555557
2024-01-19,92,117.13537367724871
2024-01-20,205,119.36842261904764
2024-01-21,107,116.78720238095238
2024-01-22,143,123.22681878306882
2024-01-23,101,128.8559523809524
2024-01-24,163,118.34794642857142
2024-01-25,151,127.20273809523812
2024-01-26,127,109.92545634920631
2024-01-27,175,135.30054563492064
2024-01-28,116,135.00811507936513
2024-01-29,142,107.7875595238095
2024-01-30,97,115.44988095238095
2023-12-03,52,78.02174603174605
2023-12-04,97,79.14849206349207
2023-12-05,99,79.71175925925927
2023-12-06,126,80.75148809523809
2023-12-07,92,85.97448412698412
2023-12-08,96,81.8921560846561
2023-12-09,117,82.86524801587301
2023-12-10,101,92.4113591269841
2023-12-11,119,90.52833333333334
2023-12-12,102,96.1632738095238
2023-12-13,94,86.40108134920636
2023-12-14,142,80.82862433862435
2023-12-15,52,92.0304761904762
2023-12-16,36,96.03395502645502
2023-12-17,71,83.91125992063493
2023-12-18,56,104.84451388888891
2023-12-19,68,93.84654761904763
2023-12-20,84,84.04746031746032
2023-12-21,117,87.82105158730158
2023-12-22,83,89.79202380952377
2023-12-23,40,86.26467923280426
2023-12-24,136,75.219837962963
2023-12-25,77,94.87653769841269
2023-12-26,73,91.16946428571427
2023-12-27,16,92.86608796296295
2023-12-28,29,81.0642791005291
2023-12-29,34,74.20594727032228
2023-12-30,33,78.12878968253968
2023-12-31,59,84.91289682539681
2024-01-01,62,43.97466269841269
2024-01-02,34,40.7585681216931
2024-01-03,33,41.46614117364118
2024-01-04,33,36.54934193121694
2024-01-05,52,41.930648148148165
2024-01-06,28,39.102162698412705
2024-01-07,15,37.04859126984126
2024-01-08,36,38.37440476190477
2024-01-09,65,42.11870370370371
2024-01-10,95,36.48535052910052
2024-01-11,46,46.95482593795095
2024-01-12,124,40.378253968253965
2024-01-13,37,71.46930886243385
2024-01-14,66,76.76451388888889
2024-01-15,114,79.53408730158726
2024-01-16,86,79.71032076719577
2024-01-17,36,82.45957010582012
2024-01-18,107,75.12211640211642
2024-01-19,78,84.64821097883595
2024-01-20,112,86.46938492063494
2024-01-21,98,85.00690806878305
2024-01-22,63,75.47035714285714
2024-01-23,51,80.4905257936508
2024-01-24,111,86.21545304232804
2024-01-25,66,86.39011904761908
2024-01-26,65,87.6616468253968
2024-01-27,67,85.2506448412698
2024-01-28,85,80.01740740740742
2024-01-29,90,72.09247023809523
2024-01-30,120,69.63276455026455
2023-12-03,69,131.30355158730163
2023-12-04,105,125.4880086580087
2023-12-05,75,119.55657407407408
2023-12-06,132,126.6198412698413
2023-12-07,78,129.1977843915344
2023-12-08,77,120.67531084656085
2023-12-09,67,119.35975198412694
2023-12-10,57,109.62335317460318
2023-12-11,50,107.63168650793654
2023-12-12,99,97.29862103174605
2023-12-13,48,103.31504960317463
2023-12-14,121,91.09148088023088
2023-12-15,93,96.86584776334776
2023-12-16,137,102.04596230158732
2023-12-17,87,100.37105158730155
2023-12-18,100,103.94459776334779
2023-12-19,178,115.32602182539692
2023-12-20,44,118.98222552910049
2023-12-21,144,106.34301587301586
2023-12-22,179,113.06758026695523
2023-12-23,144,119.82341269841267
2023-12-24,86,114.71394841269839
2023-12-25,190,105.0634920634921
2023-12-26,103,120.44313492063493
2023-12-27,84,129.56419973544973
2023-12-28,106,112.59821097883604
2023-12-29,91,106.32730158730162
2023-12-30,65,104.84069444444445
2023-12-31,64,117.21297619047617
2024-01-01,164,114.30863425925925
2024-01-02,105,120.42336309523812
2024-01-03,69,119.84574074074072
2024-01-04,75,119.88627976190475
2024-01-05,103,121.07103174603171
2024-01-06,71,120.09799603174606
2024-01-07,66,123.73230158730159
2024-01-08,55,122.9404761904762
2024-01-09,101,86.0991402116402
2024-01-10,43,93.47099206349203
2024-01-11,109,74.09628637566136
2024-01-12,180,109.80606481481486
2024-01-13,111,123.85652777777774
2024-01-14,109,119.75093253968254
2024-01-15,94,112.91851190476196
2024-01-16,111,108.98477152477152
2024-01-17,76,103.80383928571429
2024-01-18,109,109.28333333333335
2024-01-19,126,106.78221230158731
2024-01-20,140,108.05485780423282
2024-01-21,159,103.69408730158725
2024-01-22,86,99.94640211640214
2024-01-23,104,101.69770833333332
2024-01-24,136,107.91052579365078
2024-01-25,103,116.34521825396827
2024-01-26,151,119.58081349206351
2024-01-27,120,113.88614087301585
2024-01-28,193,111.38298280423277
2024-01-29,94,96.40467923280421
2024-01-30,122,94.81676587301587
2023-12-03,145,108.67109788359788
2023-12-04,83,118.34380291005291
2023-12-05,87,115.80136904761899
2023-12-06,76,112.81830687830684
2023-12-07,96,115.83633267195766
2023-12-08,133,103.00041005291006
2023-12-09,59,115.15656746031748
2023-12-10,88,118.45171296296294
2023-12-11,78,116.23581349206347
2023-12-12,122,113.14154761904761
2023-12-13,118,113.336001984127
2023-12-14,159,107.0799636243386
2023-12-15,25,105.74347222222221
2023-12-16,154,112.99782407407403
2023-12-17,111,111.56584656084657
2023-12-18,115,103.52086309523808
2023-12-19,185,94.68507936507937
2023-12-20,97,108.11785714285719
2023-12-21,115,116.86927579365077
2023-12-22,151,117.47398809523807
2023-12-23,131,111.36623677248677
2023-12-24,62,117.03188492063492
2023-12-25,96,120.50771825396824
2023-12-26,159,119.59096230158733
2023-12-27,18,110.03851190476189
2023-12-28,8,126.41199735449737
2023-12-29,11,121.51410714285716
2023-12-30,35,67.7767923280423
2023-12-31,25,85.06312499999999
2024-01-01,22,34.55854828042329
2024-01-02,14,31.682579365079356
2024-01-03,37,31.049603174603178
2024-01-04,40,31.872996031746037
2024-01-05,14,34.06236111111111
2024-01-06,30,32.75416666666668
2024-01-07,33,32.71340608465608
2024-01-08,18,29.318462301587296
2024-01-09,106,34.33691137566139
2024-01-10,154,43.93837962962964
2024-01-11,97,62.997787698412715
2024-01-12,111,103.07700396825398
2024-01-13,164,103.57015873015874
2024-01-14,106,114.42901124338621
2024-01-15,103,133.29857142857142
2024-01-16,148,125.29730158730158
2024-01-17,101,130.49920634920633
2024-01-18,138,126.92137896825393
2024-01-19,33,130.95686507936512
2024-01-20,122,129.82037698412694
2024-01-21,112,118.04550595238096
2024-01-22,126,115.36709325396826
2024-01-23,149,100.52811507936508
2024-01-24,83,110.70269841269841
2024-01-25,98,108.73698743386244
2024-01-26,69,114.91185846560846
2024-01-27,48,127.76996212121213
2024-01-28,65,97.16425595238096
2024-01-29,109,77.05110119047619
2024-01-30,64,82.80553571428571
2023-12-03,118,124.51913029100527
2023-12-04,112,119.8829761904762
2023-12-05,92,121.0982638888889
2023-12-06,117,120.64230158730155
2023-12-07,84,125.36137566137567
2023-12-08,51,114.48527777777778
2023-12-09,36,114.11544642857146
2023-12-10,57,108.67871031746033
2023-12-11,69,98.1180257936508
2023-12-12,203,84.55819444444447
2023-12-13,155,114.9214517195767
2023-12-14,144,97.28373015873017
2023-12-15,55,109.29257936507936
2023-12-16,114,110.39984126984129
2023-12-17,100,113.16837301587306
2023-12-18,78,119.32267857142853
2023-12-19,138,116.45717021404522
2023-12-20,122,118.33569203944204
2023-12-21,75,124.47126412938914
2023-12-22,114,112.2331415343915
2023-12-23,129,109.63947089947094
2023-12-24,105,114.59562169312169
2023-12-25,107,119.60180555555559
2023-12-26,70,123.16422619047619
2023-12-27,25,119.8428406084656
2023-12-28,12,115.85619378306875
2023-12-29,25,109.66799603174606
2023-12-30,27,82.31341931216932
2023-12-31,14,84.63052579365079
2024-01-01,33,32.781934523809525
2024-01-02,16,31.526507936507944
2024-01-03,28,32.23898809523809
2024-01-04,17,32.182767857142856
2024-01-05,18,31.407301587301585
2024-01-06,8,32.111468253968255
2024-01-07,11,35.172873677248695
2024-01-08,7,37.96198412698414
2024-01-09,75,40.60955357142858
2024-01-10,82,39.40533519721019
2024-01-11,92,47.8769246031746
2024-01-12,60,45.730019841269836
2024-01-13,146,43.95994047619048
2024-01-14,87,93.73358134920635
2024-01-15,101,100.53813161375662
2024-01-16,59,96.198998015873
2024-01-17,83,91.01675595238092
2024-01-18,149,91.95649801587301
2024-01-19,99,113.20603174603177
2024-01-20,156,115.16309854497354
2024-01-21,118,123.48006944444441
2024-01-22,124,112.38351851851851
2024-01-23,30,119.15943121693122
2024-01-24,93,126.35131944444443
2024-01-25,117,113.95005952380951
2024-01-26,75,106.60210317460319
2024-01-27,111,105.22528769841269
2024-01-28,106,87.39760912698415
2024-01-29,132,82.65366071428575
2024-01-30,137,89.44561507936511
2023-12-03,122,115.01716269841268
2023-12-04,68,124.90920634920637
2023-12-05,176,138.69289682539682
2023-12-06,118,131.60342261904762
2023-12-07,131,126.74513888888889
2023-12-08,176,122.47176587301587
2023-12-09,108,118.2536507936508
2023-12-10,106,112.29761904761905
2023-12-11,74,122.46021825396824
2023-12-12,82,124.75728174603175
2023-12-13,145,132.027371031746
2023-12-14,175,125.57058080808083
2023-12-15,171,124.98501653439152
2023-12-16,121,121.41662367724867
2023-12-17,47,115.13072420634914
2023-12-18,77,127.09156084656084
2023-12-19,82,134.6304232804232
2023-12-20,150,119.80072089947089
2023-12-21,87,120.03631944444446
2023-12-22,197,130.0907242063492
2023-12-23,130,119.2008465608466
2023-12-24,174,122.41323743386246
2023-12-25,101,117.50662698412697
2023-12-26,68,117.46964285714286
2023-12-27,60,127.79690476190474
2023-12-28,193,124.90742724867728
2023-12-29,194,116.22818452380949
2023-12-30,138,110.83105158730156
2023-12-31,197,124.34248015873014
2024-01-01,172,136.6991071428571
2024-01-02,128,139.1876785714285
2024-01-03,83,141.3899404761905
2024-01-04,168,142.8151091269841
2024-01-05,217,135.74472222222224
2024-01-06,155,137.81676587301587
2024-01-07,86,134.34878968253966
2024-01-08,79,135.56243716931215
2024-01-09,61,132.43519841269838
2024-01-10,83,122.89912698412697
2024-01-11,78,129.14125992063492
2024-01-12,72,130.68899801587307
2024-01-13,123,117.09027777777777
2024-01-14,83,128.00151785714283
2024-01-15,96,116.86686507936501
2024-01-16,115,126.84325396825393
2024-01-17,184,124.65662698412696
2024-01-18,146,136.08005952380952
2024-01-19,151,116.06113696488698
2024-01-20,135,120.83210317460316
2024-01-21,121,137.3332572751323
2024-01-22,260,131.8019246031746
2024-01-23,144,146.12989087301588
2024-01-24,139,123.01743055555558
2024-01-25,175,124.25405753968256
2024-01-26,135,116.20575396825396
2024-01-27,136,147.362123015873
2024-01-28,115,122.2930952380952
2024-01-29,202,129.45895833333336
2024-01-30,68,113.25368055555555
2023-12-03,41,87.05644841269837
2023-12-04,77,79.67136243386241
2023-12-05,86,82.08102182539683
2023-12-06,128,83.03931547619052
2023-12-07,51,77.494126984127
2023-12-08,60,80.87111111111112
2023-12-09,44,85.81173941798944
2023-12-10,111,78.39893849206351
2023-12-11,94,87.96916005291006
2023-12-12,86,83.58986772486773
2023-12-13,126,86.54773809523812
2023-12-14,63,84.5927380952381
2023-12-15,112,88.10439484126984
2023-12-16,95,90.95846230158729
2023-12-17,135,81.51966269841272
2023-12-18,85,85.0663921957672
2023-12-19,86,78.08501322751324
2023-12-20,41,77.89678240740741
2023-12-21,103,75.57503968253968
2023-12-22,52,77.89882936507935
2023-12-23,80,83.56201388888887
2023-12-24,88,94.46241071428571
2023-12-25,66,93.42286375661378
2023-12-26,66,86.5095767195767
2023-12-27,32,84.63426587301588
2023-12-28,16,71.69477513227513
2023-12-29,37,69.99256283068783
2023-12-30,50,77.5981878306878
2023-12-31,37,74.39405753968254
2024-01-01,40,42.917033730158714
2024-01-02,32,34.035972222222235
2024-01-03,17,39.425436507936524
2024-01-04,7,39.48526785714286
2024-01-05,25,38.26145833333332
2024-01-06,42,38.00809523809524
2024-01-07,37,35.974176587301585
2024-01-08,52,35.38857142857143
2024-01-09,129,38.39884920634922
2024-01-10,39,53.7849503968254
2024-01-11,84,41.88762566137566
2024-01-12,82,59.30453703703704
2024-01-13,113,71.68415674603175
2024-01-14,71,82.94566468253966
2024-01-15,25,92.12755952380955
2024-01-16,64,80.95161044973545
2024-01-17,69,81.62841931216933
2024-01-18,143,88.93211309523811
2024-01-19,88,94.78814484126987
2024-01-20,72,77.6377976190476
2024-01-21,114,83.06909722222221
2024-01-22,149,84.10412037037035
2024-01-23,51,92.381164021164
2024-01-24,89,91.67935515873019
2024-01-25,97,100.19915013227511
2024-01-26,89,94.25983134920631
2024-01-27,63,85.01302248677251
2024-01-28,77,85.03448412698413
2024-01-29,63,73.78120039682541
2024-01-30,84,63.21251653439154
2023-12-03,80,73.06078823953823
2023-12-04,85,77.55281415343913
2023-12-05,151,80.0955853174603
2023-12-06,48,82.12066798941801
2023-12-07,69,80.63869047619048
2023-12-08,116,91.5343055555555
2023-12-09,48,80.49164682539681
2023-12-10,77,76.86404761904761
2023-12-11,67,81.36063492063494
2023-12-12,62,87.81954695767197
2023-12-13,96,80.85204365079366
2023-12-14,85,79.17464285714284
2023-12-15,116,85.19774140211642
2023-12-16,149,86.0522718253968
2023-12-17,93,91.18696097883601
2023-12-18,157,88.79272817460316
2023-12-19,91,96.69977182539678
2023-12-20,117,91.57982473544972
2023-12-21,77,99.29004629629627
2023-12-22,115,104.2804431216931
2023-12-23,129,101.53642857142859
2023-12-24,84,106.83488095238094
2023-12-25,95,101.37471230158728
2023-12-26,93,91.62108134920636
2023-12-27,40,95.10751322751325
2023-12-28,28,110.39196428571428
2023-12-29,10,77.46142857142856
2023-12-30,35,73.70994047619045
2023-12-31,18,73.05628637566137
2024-01-01,16,39.76169642857144
2024-01-02,53,30.447073412698412
2024-01-03,25,36.47790674603175
2024-01-04,10,30.526795634920642
2024-01-05,39,38.19809193121693
2024-01-06,59,34.24327380952381
2024-01-07,34,36.90273809523809
2024-01-08,14,32.8690376984127
2024-01-09,125,34.041467352092354
2024-01-10,83,44.67769841269843
2024-01-11,80,75.07654100529102
2024-01-12,79,68.41558862433864
2024-01-13,116,69.50031746031746
2024-01-14,116,93.28721230158732
2024-01-15,73,102.14517195767193
2024-01-16,89,97.53702380952377
2024-01-17,108,86.86098544973547
2024-01-18,169,90.14488095238097
2024-01-19,68,104.20464285714287
2024-01-20,117,104.28244047619047
2024-01-21,68,101.49885582010582
2024-01-22,112,105.10416666666666
2024-01-23,97,95.80187169312171
2024-01-24,121,94.51545304232808
2024-01-25,63,102.58612103174603
2024-01-26,134,90.71253968253968
2024-01-27,38,89.63541666666666
2024-01-28,130,88.9544246031746
2024-01-29,105,78.61446428571429
2024-01-30,73,77.65537698412699
