Date,Actual,Predicted
2023-12-03,119,114.32189
2023-12-04,73,130.71358
2023-12-05,24,119.512665
2023-12-06,142,117.68186
2023-12-07,131,109.01392
2023-12-08,147,114.40137
2023-12-09,99,109.03272
2023-12-10,127,109.55036
2023-12-11,67,110.45716
2023-12-12,161,115.58786
2023-12-13,40,113.312065
2023-12-14,75,108.3374
2023-12-15,69,102.9378
2023-12-16,70,122.15153
2023-12-17,36,105.583336
2023-12-18,109,90.46953
2023-12-19,118,97.18168
2023-12-20,104,105.456085
2023-12-21,136,108.613495
2023-12-22,64,117.51064
2023-12-23,89,113.22474
2023-12-24,147,117.36561
2023-12-25,72,114.228004
2023-12-26,132,116.35932
2023-12-27,51,111.90866
2023-12-28,73,120.30776
2023-12-29,90,102.38916
2023-12-30,54,100.683464
2023-12-31,60,102.814804
2024-01-01,62,94.76413
2024-01-02,31,89.47801
2024-01-03,52,74.07236
2024-01-04,47,71.529945
2024-01-05,71,56.665977
2024-01-06,52,64.870636
2024-01-07,71,66.40824
2024-01-08,28,59.42016
2024-01-09,75,62.22357
2024-01-10,98,57.749588
2024-01-11,141,80.18975
2024-01-12,83,90.443924
2024-01-13,111,81.073425
2024-01-14,74,83.55319
2024-01-15,114,84.919914
2024-01-16,31,94.51803
2024-01-17,88,81.772095
2024-01-18,86,84.30297
2024-01-19,90,82.978485
2024-01-20,141,79.420296
2024-01-21,109,92.78347
2024-01-22,218,84.17102
2024-01-23,68,124.03187
2024-01-24,98,108.37727
2024-01-25,137,104.79073
2024-01-26,72,114.11916
2024-01-27,99,100.9535
2024-01-28,139,97.47267
2024-01-29,112,67.720146
2024-01-30,111,79.735405
2023-12-03,78,108.81742
2023-12-04,191,106.829575
2023-12-05,127,115.22836
2023-12-06,114,124.30428
2023-12-07,154,132.5179
2023-12-08,129,117.99446
2023-12-09,95,125.542
2023-12-10,143,116.69521
2023-12-11,43,112.89257
2023-12-12,130,135.25893
2023-12-13,177,121.42458
2023-12-14,111,115.201965
2023-12-15,188,120.79762
2023-12-16,66,113.172035
2023-12-17,107,119.73936
2023-12-18,170,124.74586
2023-12-19,133,121.58508
2023-12-20,206,116.88999
2023-12-21,184,123.37991
2023-12-22,148,120.30558
2023-12-23,131,129.02751
2023-12-24,127,131.17076
2023-12-25,64,133.40685
2023-12-26,154,137.40004
2023-12-27,96,123.460846
2023-12-28,150,146.39752
2023-12-29,253,126.070076
2023-12-30,97,112.92933
2023-12-31,141,113.477554
2024-01-01,105,127.13411
2024-01-02,172,127.982056
2024-01-03,156,126.73285
2024-01-04,115,135.67876
2024-01-05,62,124.6325
2024-01-06,157,122.551956
2024-01-07,132,124.166084
2024-01-08,172,122.4723
2024-01-09,73,126.05333
2024-01-10,147,127.916504
2024-01-11,111,133.97813
2024-01-12,131,133.51746
2024-01-13,103,129.35466
2024-01-14,119,128.11963
2024-01-15,123,130.81453
2024-01-16,153,128.99724
2024-01-17,115,129.68918
2024-01-18,134,124.28685
2024-01-19,39,132.51953
2024-01-20,120,123.130806
2024-01-21,121,121.312195
2024-01-22,147,121.92045
2024-01-23,71,128.77197
2024-01-24,150,121.07386
2024-01-25,91,117.454605
2024-01-26,144,126.5552
2024-01-27,125,118.75285
2024-01-28,114,116.96607
2024-01-29,64,80.014565
2024-01-30,119,72.42938
2023-12-03,181,125.45041
2023-12-04,134,115.91022
2023-12-05,133,126.76013
2023-12-06,183,126.26345
2023-12-07,123,119.97404
2023-12-08,92,141.45079
2023-12-09,162,128.77068
2023-12-10,201,127.335785
2023-12-11,203,128.95049
2023-12-12,181,117.19784
2023-12-13,130,111.32002
2023-12-14,133,121.1294
2023-12-15,71,132.34505
2023-12-16,187,119.53668
2023-12-17,114,112.04886
2023-12-18,176,120.297554
2023-12-19,129,128.5888
2023-12-20,179,129.02974
2023-12-21,192,122.132545
2023-12-22,162,133.69838
2023-12-23,134,125.36361
2023-12-24,135,137.89606
2023-12-25,100,120.74636
2023-12-26,91,125.7298
2023-12-27,128,130.35538
2023-12-28,183,148.04141
2023-12-29,153,127.43218
2023-12-30,80,125.92088
2023-12-31,4,128.2903
2024-01-01,104,120.71051
2024-01-02,126,134.61784
2024-01-03,175,123.8282
2024-01-04,78,121.71139
2024-01-05,161,99.852356
2024-01-06,188,133.48323
2024-01-07,108,159.83624
2024-01-08,108,131.51773
2024-01-09,54,127.63716
2024-01-10,124,116.10419
2024-01-11,168,132.82501
2024-01-12,105,119.04125
2024-01-13,125,123.227264
2024-01-14,66,122.89839
2024-01-15,107,121.210464
2024-01-16,145,131.80653
2024-01-17,88,118.97976
2024-01-18,110,125.86526
2024-01-19,136,132.80028
2024-01-20,109,131.7555
2024-01-21,96,130.34007
2024-01-22,182,114.7814
2024-01-23,101,121.78639
2024-01-24,238,125.43381
2024-01-25,215,114.05947
2024-01-26,95,125.00493
2024-01-27,69,126.69465
2024-01-28,192,117.4721
2024-01-29,198,111.42063
2024-01-30,137,120.03615
2023-12-03,20,112.37814
2023-12-04,82,109.27585
2023-12-05,133,113.53596
2023-12-06,152,113.51627
2023-12-07,87,104.56069
2023-12-08,99,111.85941
2023-12-09,78,112.49669
2023-12-10,93,105.37456
2023-12-11,101,109.21581
2023-12-12,151,106.25556
2023-12-13,90,110.03645
2023-12-14,85,115.70081
2023-12-15,104,112.41512
2023-12-16,109,113.98306
2023-12-17,85,105.94875
2023-12-18,155,110.18248
2023-12-19,110,116.129616
2023-12-20,64,109.612305
2023-12-21,152,111.30007
2023-12-22,99,110.09428
2023-12-23,55,113.29829
2023-12-24,213,115.989815
2023-12-25,119,108.875374
2023-12-26,107,112.97682
2023-12-27,36,106.325485
2023-12-28,63,111.972176
2023-12-29,39,103.75591
2023-12-30,42,95.79187
2023-12-31,48,111.9111
2024-01-01,19,92.16357
2024-01-02,46,60.30183
2024-01-03,38,44.757828
2024-01-04,13,56.093113
2024-01-05,55,38.36932
2024-01-06,19,39.803303
2024-01-07,49,43.137047
2024-01-08,79,37.890438
2024-01-09,105,42.4156
2024-01-10,100,59.395252
2024-01-11,149,81.32164
2024-01-12,140,86.81681
2024-01-13,151,101.23733
2024-01-14,128,110.1442
2024-01-15,89,117.90217
2024-01-16,64,117.48267
2024-01-17,84,111.952965
2024-01-18,157,105.364525
2024-01-19,101,109.73912
2024-01-20,135,111.33068
2024-01-21,162,105.1201
2024-01-22,91,105.14583
2024-01-23,35,105.690216
2024-01-24,126,120.23555
2024-01-25,89,105.6933
2024-01-26,67,105.240005
2024-01-27,114,100.2762
2024-01-28,108,79.28605
2024-01-29,76,58.781834
2024-01-30,84,62.38078
2023-12-03,121,121.798775
2023-12-04,101,133.41585
2023-12-05,132,128.58241
2023-12-06,111,129.90431
2023-12-07,130,129.11171
2023-12-08,125,123.19331
2023-12-09,79,150.02394
2023-12-10,100,124.60658
2023-12-11,99,136.71295
2023-12-12,198,126.56617
2023-12-13,69,129.61688
2023-12-14,181,128.26799
2023-12-15,136,136.79333
2023-12-16,103,134.46826
2023-12-17,158,123.86315
2023-12-18,138,120.17064
2023-12-19,159,122.53063
2023-12-20,80,130.49048
2023-12-21,100,117.51558
2023-12-22,183,126.58431
2023-12-23,43,120.15186
2023-12-24,113,118.63154
2023-12-25,59,126.797356
2023-12-26,129,130.36374
2023-12-27,57,124.75751
2023-12-28,93,121.18249
2023-12-29,56,122.5346
2023-12-30,76,105.19938
2023-12-31,38,113.70955
2024-01-01,54,86.37536
2024-01-02,126,93.26217
2024-01-03,79,92.80294
2024-01-04,56,90.348076
2024-01-05,96,91.33531
2024-01-06,145,97.23757
2024-01-07,56,108.34695
2024-01-08,74,105.914024
2024-01-09,143,99.158554
2024-01-10,135,111.906166
2024-01-11,90,115.923874
2024-01-12,91,110.95737
2024-01-13,128,103.6951
2024-01-14,118,107.705444
2024-01-15,51,108.876854
2024-01-16,132,111.98694
2024-01-17,159,104.72556
2024-01-18,163,117.62164
2024-01-19,98,117.975784
2024-01-20,174,112.3439
2024-01-21,197,115.51951
2024-01-22,68,118.985405
2024-01-23,81,131.78084
2024-01-24,127,117.52525
2024-01-25,169,114.65203
2024-01-26,166,117.06911
2024-01-27,183,124.89155
2024-01-28,83,113.99364
2024-01-29,123,102.72992
2024-01-30,29,86.64586
2023-12-03,134,107.66833
2023-12-04,99,109.510864
2023-12-05,112,119.72735
2023-12-06,190,123.048195
2023-12-07,85,117.80414
2023-12-08,195,116.26497
2023-12-09,116,112.78094
2023-12-10,110,111.90839
2023-12-11,88,107.84066
2023-12-12,151,110.50773
2023-12-13,113,108.63333
2023-12-14,162,115.66983
2023-12-15,157,112.774666
2023-12-16,85,130.72034
2023-12-17,102,128.17984
2023-12-18,130,113.13124
2023-12-19,84,125.7077
2023-12-20,78,132.46574
2023-12-21,127,118.23351
2023-12-22,96,137.01645
2023-12-23,52,119.67794
2023-12-24,72,120.141304
2023-12-25,107,117.30557
2023-12-26,38,116.5034
2023-12-27,41,118.804955
2023-12-28,35,115.080925
2023-12-29,13,91.76123
2023-12-30,21,112.32467
2023-12-31,44,124.46549
2024-01-01,16,41.281097
2024-01-02,79,47.02229
2024-01-03,22,48.562824
2024-01-04,26,46.332867
2024-01-05,15,47.26392
2024-01-06,24,41.73745
2024-01-07,48,42.011875
2024-01-08,26,41.447983
2024-01-09,83,38.97538
2024-01-10,53,41.51827
2024-01-11,85,48.565697
2024-01-12,110,47.97351
2024-01-13,81,79.2567
2024-01-14,72,81.18858
2024-01-15,75,85.436966
2024-01-16,60,85.747444
2024-01-17,58,75.09966
2024-01-18,51,78.41329
2024-01-19,44,75.533875
2024-01-20,103,73.5456
2024-01-21,75,78.34805
2024-01-22,116,76.6109
2024-01-23,125,76.65372
2024-01-24,28,83.1852
2024-01-25,147,67.75007
2024-01-26,67,82.37897
2024-01-27,80,82.5917
2024-01-28,127,85.0338
2024-01-29,113,50.104397
2024-01-30,96,52.196747
2023-12-03,129,120.34082
2023-12-04,104,126.165924
2023-12-05,66,125.78012
2023-12-06,138,129.13206
2023-12-07,127,133.60902
2023-12-08,141,125.55087
2023-12-09,113,119.19543
2023-12-10,82,122.6235
2023-12-11,79,119.06065
2023-12-12,55,122.60865
2023-12-13,168,117.435135
2023-12-14,68,123.93579
2023-12-15,100,123.63657
2023-12-16,193,126.1476
2023-12-17,174,116.74319
2023-12-18,115,127.53075
2023-12-19,250,127.33123
2023-12-20,65,117.55429
2023-12-21,163,132.11618
2023-12-22,135,131.32895
2023-12-23,92,134.28621
2023-12-24,220,121.76041
2023-12-25,102,121.95504
2023-12-26,126,110.79894
2023-12-27,15,122.58571
2023-12-28,90,140.28773
2023-12-29,91,109.90789
2023-12-30,69,112.48917
2023-12-31,81,132.49696
2024-01-01,98,91.421776
2024-01-02,83,117.7895
2024-01-03,61,104.93865
2024-01-04,105,96.15605
2024-01-05,79,98.475746
2024-01-06,55,97.46973
2024-01-07,46,115.75942
2024-01-08,90,97.63512
2024-01-09,75,93.1135
2024-01-10,131,98.66828
2024-01-11,81,100.03302
2024-01-12,181,99.01032
2024-01-13,60,113.76726
2024-01-14,185,111.41604
2024-01-15,78,121.55798
2024-01-16,184,113.62723
2024-01-17,122,121.14921
2024-01-18,62,129.52039
2024-01-19,21,120.32346
2024-01-20,29,114.90906
2024-01-21,93,102.2642
2024-01-22,106,93.4295
2024-01-23,11,102.1981
2024-01-24,86,69.13383
2024-01-25,105,88.43787
2024-01-26,99,96.87806
2024-01-27,157,95.15993
2024-01-28,92,115.81811
2024-01-29,173,84.81685
2024-01-30,80,95.33119
2023-12-03,111,109.28019
2023-12-04,37,107.70259
2023-12-05,121,102.42361
2023-12-06,61,105.292175
2023-12-07,108,111.6143
2023-12-08,103,110.243546
2023-12-09,120,106.78705
2023-12-10,74,103.99405
2023-12-11,105,107.293915
2023-12-12,165,105.7052
2023-12-13,102,110.90865
2023-12-14,86,109.40144
2023-12-15,152,105.43493
2023-12-16,99,107.52216
2023-12-17,106,108.39789
2023-12-18,47,99.74346
2023-12-19,89,106.86565
2023-12-20,141,110.11388
2023-12-21,59,104.74951
2023-12-22,111,115.10324
2023-12-23,174,114.55447
2023-12-24,190,105.96198
2023-12-25,46,111.33773
2023-12-26,142,117.43779
2023-12-27,56,112.678116
2023-12-28,34,125.72134
2023-12-29,64,111.28824
2023-12-30,26,107.700066
2023-12-31,52,92.67132
2024-01-01,27,78.97336
2024-01-02,41,46.91059
2024-01-03,69,49.199574
2024-01-04,91,58.21768
2024-01-05,69,71.210754
2024-01-06,34,69.97871
2024-01-07,56,77.826225
2024-01-08,48,65.577866
2024-01-09,134,67.61325
2024-01-10,87,84.17492
2024-01-11,165,76.89545
2024-01-12,143,90.39172
2024-01-13,80,104.21759
2024-01-14,100,105.49714
2024-01-15,96,113.95347
2024-01-16,122,109.61077
2024-01-17,88,112.22284
2024-01-18,181,108.562096
2024-01-19,83,110.42042
2024-01-20,126,108.27941
2024-01-21,141,115.49824
2024-01-22,97,114.12516
2024-01-23,83,108.81703
2024-01-24,106,105.4393
2024-01-25,110,96.01345
2024-01-26,112,97.59624
2024-01-27,102,98.6144
2024-01-28,118,99.09694
2024-01-29,109,69.91735
2024-01-30,53,69.20613
2023-12-03,162,121.85168
2023-12-04,188,120.53543
2023-12-05,181,121.00758
2023-12-06,37,129.32872
2023-12-07,188,117.25609
2023-12-08,330,111.05122
2023-12-09,125,107.64508
2023-12-10,220,124.77986
2023-12-11,84,126.00779
2023-12-12,285,131.28998
2023-12-13,281,156.7872
2023-12-14,102,101.15379
2023-12-15,214,131.07588
2023-12-16,177,135.64946
2023-12-17,92,133.71715
2023-12-18,136,136.2971
2023-12-19,214,128.49554
2023-12-20,174,106.97945
2023-12-21,134,121.25831
2023-12-22,143,113.40933
2023-12-23,98,102.23831
2023-12-24,113,113.44857
2023-12-25,85,114.974174
2023-12-26,189,130.14204
2023-12-27,99,122.55568
2023-12-28,85,137.59872
2023-12-29,137,111.03364
2023-12-30,89,112.20419
2023-12-31,146,123.98315
2024-01-01,76,129.0498
2024-01-02,213,125.86996
2024-01-03,93,154.11243
2024-01-04,146,126.237976
2024-01-05,50,122.119316
2024-01-06,132,119.66771
2024-01-07,153,122.646576
2024-01-08,139,129.5785
2024-01-09,140,138.08995
2024-01-10,103,137.46469
2024-01-11,201,123.800125
2024-01-12,112,147.72424
2024-01-13,145,127.31808
2024-01-14,99,119.296814
2024-01-15,97,132.071
2024-01-16,248,121.10123
2024-01-17,184,139.36212
2024-01-18,141,129.29683
2024-01-19,100,132.97514
2024-01-20,174,134.69711
2024-01-21,169,137.0338
2024-01-22,183,128.57965
2024-01-23,95,152.44536
2024-01-24,153,126.266525
2024-01-25,210,124.81899
2024-01-26,119,116.94261
2024-01-27,198,117.74258
2024-01-28,164,109.54779
2024-01-29,133,98.58059
2024-01-30,84,123.79909
2023-12-03,111,87.70049
2023-12-04,116,87.96911
2023-12-05,95,96.003845
2023-12-06,126,102.59289
2023-12-07,47,104.781425
2023-12-08,105,103.94521
2023-12-09,61,90.23729
2023-12-10,107,87.302536
2023-12-11,103,97.42922
2023-12-12,94,96.13749
2023-12-13,92,93.84736
2023-12-14,79,98.95409
2023-12-15,111,99.13641
2023-12-16,42,104.97412
2023-12-17,105,106.6119
2023-12-18,68,103.16071
2023-12-19,85,98.58491
2023-12-20,110,96.3313
2023-12-21,104,99.50202
2023-12-22,84,96.01183
2023-12-23,60,101.12319
2023-12-24,81,95.17811
2023-12-25,82,105.41457
2023-12-26,73,101.50172
2023-12-27,45,105.77631
2023-12-28,29,92.163574
2023-12-29,20,77.372986
2023-12-30,23,83.04052
2023-12-31,58,85.47594
2024-01-01,64,50.11111
2024-01-02,34,50.496456
2024-01-03,31,46.6202
2024-01-04,37,43.163414
2024-01-05,57,48.360107
2024-01-06,24,43.850056
2024-01-07,43,45.27396
2024-01-08,24,40.388786
2024-01-09,63,39.817814
2024-01-10,59,45.04367
2024-01-11,43,45.221767
2024-01-12,76,41.880295
2024-01-13,96,44.591015
2024-01-14,46,66.1781
2024-01-15,77,72.39645
2024-01-16,66,74.038376
2024-01-17,94,73.14784
2024-01-18,71,74.750916
2024-01-19,31,76.13923
2024-01-20,92,68.38756
2024-01-21,69,74.31519
2024-01-22,89,74.38225
2024-01-23,74,78.42055
2024-01-24,149,77.049095
2024-01-25,79,86.31909
2024-01-26,91,77.57844
2024-01-27,68,75.51981
2024-01-28,82,75.104546
2024-01-29,68,53.431343
2024-01-30,69,51.92862
2023-12-03,75,89.299576
2023-12-04,124,86.491646
2023-12-05,61,93.278755
2023-12-06,136,89.05359
2023-12-07,120,94.334175
2023-12-08,51,94.48837
2023-12-09,82,88.68836
2023-12-10,79,82.77626
2023-12-11,92,87.193695
2023-12-12,85,87.18955
2023-12-13,75,86.52294
2023-12-14,44,90.4269
2023-12-15,42,90.51986
2023-12-16,66,79.172134
2023-12-17,93,78.824524
2023-12-18,85,88.192474
2023-12-19,92,80.82663
2023-12-20,71,81.47207
2023-12-21,74,82.97372
2023-12-22,116,78.41008
2023-12-23,58,84.44415
2023-12-24,75,83.66721
2023-12-25,59,97.7167
2023-12-26,71,90.13259
2023-12-27,19,89.493256
2023-12-28,66,88.29331
2023-12-29,59,83.32039
2023-12-30,28,83.94314
2023-12-31,25,89.79349
2024-01-01,31,47.509197
2024-01-02,39,49.61463
2024-01-03,23,51.697445
2024-01-04,46,42.122704
2024-01-05,63,41.82133
2024-01-06,35,45.412212
2024-01-07,18,43.921917
2024-01-08,72,39.397766
2024-01-09,84,43.780987
2024-01-10,43,61.44528
2024-01-11,128,56.4769
2024-01-12,58,78.060074
2024-01-13,183,75.542404
2024-01-14,81,109.17031
2024-01-15,76,99.168144
2024-01-16,50,96.58805
2024-01-17,94,87.49622
2024-01-18,86,93.81387
2024-01-19,69,90.99045
2024-01-20,114,88.73208
2024-01-21,68,90.148186
2024-01-22,100,84.59955
2024-01-23,145,88.42043
2024-01-24,40,91.849525
2024-01-25,92,85.8782
2024-01-26,106,91.089165
2024-01-27,79,87.571556
2024-01-28,95,84.90484
2024-01-29,65,55.829037
2024-01-30,44,50.79235
2023-12-03,162,137.08888
2023-12-04,146,127.05202
2023-12-05,34,121.76688
2023-12-06,118,136.02641
2023-12-07,176,134.88048
2023-12-08,153,128.01627
2023-12-09,159,122.105736
2023-12-10,169,111.11256
2023-12-11,116,118.22047
2023-12-12,89,127.46132
2023-12-13,107,128.92325
2023-12-14,94,124.78491
2023-12-15,124,125.63494
2023-12-16,112,130.8143
2023-12-17,170,135.84715
2023-12-18,170,133.5701
2023-12-19,239,116.30435
2023-12-20,98,112.45266
2023-12-21,49,132.08672
2023-12-22,141,126.911964
2023-12-23,83,128.24278
2023-12-24,140,126.77976
2023-12-25,112,129.36713
2023-12-26,109,122.97897
2023-12-27,50,123.92637
2023-12-28,111,130.08954
2023-12-29,86,108.72462
2023-12-30,28,116.566284
2023-12-31,43,110.240654
2024-01-01,15,95.60965
2024-01-02,50,81.65579
2024-01-03,113,70.77439
2024-01-04,40,91.47607
2024-01-05,63,57.65614
2024-01-06,122,62.2552
2024-01-07,108,98.31033
2024-01-08,43,102.34179
2024-01-09,185,98.65502
2024-01-10,58,104.07702
2024-01-11,133,103.981575
2024-01-12,169,112.4756
2024-01-13,117,112.584465
2024-01-14,117,118.408516
2024-01-15,54,111.356094
2024-01-16,87,106.464165
2024-01-17,127,116.13412
2024-01-18,75,102.414955
2024-01-19,100,111.665886
2024-01-20,139,106.823685
2024-01-21,154,108.57402
2024-01-22,69,115.35894
2024-01-23,121,110.72947
2024-01-24,126,109.029106
2024-01-25,112,110.24261
2024-01-26,125,107.67505
2024-01-27,159,108.06236
2024-01-28,65,120.08469
2024-01-29,174,101.394005
2024-01-30,86,90.31516
2023-12-03,115,90.972916
2023-12-04,134,102.30422
2023-12-05,45,104.57438
2023-12-06,136,96.40989
2023-12-07,83,102.84032
2023-12-08,103,109.367294
2023-12-09,45,100.09123
2023-12-10,101,94.64794
2023-12-11,100,93.610565
2023-12-12,65,98.50127
2023-12-13,77,89.40822
2023-12-14,100,87.686485
2023-12-15,122,88.21218
2023-12-16,65,102.06903
2023-12-17,146,91.64627
2023-12-18,83,103.0848
2023-12-19,143,98.75757
2023-12-20,128,108.54771
2023-12-21,108,106.01136
2023-12-22,123,105.16504
2023-12-23,54,110.95467
2023-12-24,161,119.083725
2023-12-25,115,103.225845
2023-12-26,75,115.3593
2023-12-27,44,110.8266
2023-12-28,30,120.93685
2023-12-29,28,100.918365
2023-12-30,13,91.171585
2023-12-31,42,92.50645
2024-01-01,21,43.052265
2024-01-02,16,48.275875
2024-01-03,47,38.73176
2024-01-04,23,38.015957
2024-01-05,16,41.383373
2024-01-06,34,41.271446
2024-01-07,28,49.4451
2024-01-08,25,39.96004
2024-01-09,129,39.364918
2024-01-10,163,49.478424
2024-01-11,74,84.09339
2024-01-12,36,103.06818
2024-01-13,138,78.50418
2024-01-14,63,94.262596
2024-01-15,77,110.83675
2024-01-16,152,106.88982
2024-01-17,135,99.708084
2024-01-18,61,99.69718
2024-01-19,105,104.84412
2024-01-20,120,106.536545
2024-01-21,132,106.32232
2024-01-22,91,107.81509
2024-01-23,99,112.88612
2024-01-24,84,106.00396
2024-01-25,174,94.00207
2024-01-26,104,102.03173
2024-01-27,69,105.50378
2024-01-28,57,97.21897
2024-01-29,109,84.17328
2024-01-30,116,80.18516
2023-12-03,113,120.79222
2023-12-04,5,113.48149
2023-12-05,85,113.47977
2023-12-06,78,111.28356
2023-12-07,59,109.13288
2023-12-08,140,108.69255
2023-12-09,123,110.18613
2023-12-10,196,102.68432
2023-12-11,91,126.83984
2023-12-12,73,107.639244
2023-12-13,139,116.30557
2023-12-14,186,117.1311
2023-12-15,100,121.217415
2023-12-16,140,116.96892
2023-12-17,104,111.34675
2023-12-18,115,107.37933
2023-12-19,148,121.83046
2023-12-20,133,114.920135
2023-12-21,175,121.50849
2023-12-22,75,124.04962
2023-12-23,133,126.771
2023-12-24,120,127.40468
2023-12-25,77,131.10753
2023-12-26,109,120.30036
2023-12-27,45,127.81065
2023-12-28,73,116.36259
2023-12-29,127,108.51688
2023-12-30,75,109.88439
2023-12-31,78,106.13841
2024-01-01,53,96.16164
2024-01-02,104,98.25569
2024-01-03,78,113.52583
2024-01-04,39,94.18379
2024-01-05,111,93.6009
2024-01-06,65,94.02904
2024-01-07,109,99.62827
2024-01-08,98,100.10665
2024-01-09,108,104.03248
2024-01-10,134,108.63346
2024-01-11,55,109.73585
2024-01-12,171,94.211815
2024-01-13,91,104.89507
2024-01-14,119,104.89997
2024-01-15,105,108.39571
2024-01-16,76,100.804405
2024-01-17,52,106.77922
2024-01-18,169,109.04045
2024-01-19,109,105.76204
2024-01-20,186,102.50901
2024-01-21,128,104.983284
2024-01-22,193,110.05183
2024-01-23,86,111.2653
2024-01-24,172,110.19761
2024-01-25,67,129.09328
2024-01-26,116,117.09507
2024-01-27,178,114.73058
2024-01-28,59,112.33374
2024-01-29,77,94.34506
2024-01-30,86,95.35816
2023-12-03,96,110.23975
2023-12-04,131,109.360245
2023-12-05,52,114.93473
2023-12-06,73,114.22683
2023-12-07,54,117.740654
2023-12-08,73,115.16737
2023-12-09,65,104.60573
2023-12-10,69,96.86576
2023-12-11,86,94.83249
2023-12-12,95,90.408325
2023-12-13,31,100.46777
2023-12-14,99,93.83984
2023-12-15,49,98.51456
2023-12-16,135,94.046364
2023-12-17,71,109.24579
2023-12-18,114,104.78487
2023-12-19,150,100.371635
2023-12-20,35,99.737526
2023-12-21,106,104.61111
2023-12-22,132,99.4633
2023-12-23,122,111.22891
2023-12-24,91,110.72686
2023-12-25,104,106.59297
2023-12-26,104,109.51056
2023-12-27,58,113.05339
2023-12-28,32,107.733246
2023-12-29,41,87.585335
2023-12-30,38,83.67363
2023-12-31,63,74.89863
2024-01-01,12,67.9833
2024-01-02,18,56.066647
2024-01-03,33,46.04295
2024-01-04,10,39.984383
2024-01-05,73,40.128056
2024-01-06,46,44.13264
2024-01-07,10,41.19883
2024-01-08,16,43.61922
2024-01-09,122,39.735474
2024-01-10,89,57.12947
2024-01-11,64,69.35227
2024-01-12,138,69.12871
2024-01-13,156,87.744644
2024-01-14,108,94.37624
2024-01-15,112,100.04764
2024-01-16,97,116.81014
2024-01-17,99,115.895996
2024-01-18,74,111.539055
2024-01-19,78,111.56087
2024-01-20,181,104.3897
2024-01-21,152,109.08534
2024-01-22,83,114.834755
2024-01-23,118,112.11071
2024-01-24,90,110.72286
2024-01-25,170,112.64782
2024-01-26,148,104.1786
2024-01-27,144,96.96646
2024-01-28,80,99.040726
2024-01-29,86,87.13955
2024-01-30,83,90.228615
2023-12-03,205,122.84223
2023-12-04,103,123.46543
2023-12-05,225,142.13423
2023-12-06,100,126.81755
2023-12-07,235,124.116005
2023-12-08,88,113.541985
2023-12-09,132,127.51953
2023-12-10,68,114.104805
2023-12-11,89,122.20543
2023-12-12,132,132.92169
2023-12-13,145,127.5026
2023-12-14,171,111.4946
2023-12-15,49,120.87938
2023-12-16,86,109.79066
2023-12-17,135,131.24702
2023-12-18,129,126.90215
2023-12-19,110,118.02055
2023-12-20,68,119.25305
2023-12-21,83,128.14174
2023-12-22,157,118.77546
2023-12-23,173,129.52724
2023-12-24,126,127.64278
2023-12-25,63,126.81644
2023-12-26,114,129.58118
2023-12-27,51,130.61333
2023-12-28,99,129.66316
2023-12-29,86,110.97343
2023-12-30,56,107.89627
2023-12-31,68,111.10594
2024-01-01,79,88.15112
2024-01-02,65,85.77091
2024-01-03,85,94.91808
2024-01-04,58,95.8021
2024-01-05,57,85.8602
2024-01-06,88,97.66533
2024-01-07,112,93.82166
2024-01-08,76,99.039856
2024-01-09,96,100.09519
2024-01-10,112,108.42663
2024-01-11,88,104.71059
2024-01-12,66,103.58882
2024-01-13,166,96.17844
2024-01-14,172,92.56083
2024-01-15,236,108.6389
2024-01-16,110,141.64767
2024-01-17,110,118.41677
2024-01-18,171,124.93702
2024-01-19,115,131.50705
2024-01-20,191,132.87701
2024-01-21,130,133.23338
2024-01-22,159,144.28294
2024-01-23,115,125.50233
2024-01-24,146,125.99177
2024-01-25,156,133.07573
2024-01-26,113,139.3625
2024-01-27,62,116.50353
2024-01-28,140,120.39923
2024-01-29,99,105.1485
2024-01-30,90,92.238846
2023-12-03,126,100.91362
2023-12-04,20,111.18323
2023-12-05,86,103.75801
2023-12-06,161,105.13665
2023-12-07,73,107.10264
2023-12-08,123,110.81866
2023-12-09,77,112.057434
2023-12-10,133,96.53599
2023-12-11,136,110.216156
2023-12-12,194,108.395676
2023-12-13,96,110.21876
2023-12-14,107,115.280685
2023-12-15,111,112.9449
2023-12-16,130,110.86262
2023-12-17,114,122.46275
2023-12-18,65,116.65641
2023-12-19,122,113.84552
2023-12-20,137,112.024826
2023-12-21,84,112.51136
2023-12-22,140,116.24462
2023-12-23,82,112.29613
2023-12-24,154,119.917915
2023-12-25,86,117.61698
2023-12-26,114,120.46033
2023-12-27,18,119.385506
2023-12-28,63,132.66635
2023-12-29,34,101.584984
2023-12-30,24,103.27169
2023-12-31,34,89.62801
2024-01-01,13,55.115017
2024-01-02,31,54.73702
2024-01-03,34,47.890564
2024-01-04,5,41.523003
2024-01-05,9,41.100365
2024-01-06,11,39.09176
2024-01-07,18,45.03701
2024-01-08,28,34.95226
2024-01-09,99,39.70078
2024-01-10,66,50.99023
2024-01-11,56,47.45818
2024-01-12,113,45.05338
2024-01-13,167,60.308483
2024-01-14,33,102.78109
2024-01-15,100,82.65399
2024-01-16,81,90.48017
2024-01-17,123,96.49176
2024-01-18,147,106.6743
2024-01-19,80,112.343864
2024-01-20,209,107.076614
2024-01-21,103,127.1578
2024-01-22,226,118.5006
2024-01-23,100,119.53184
2024-01-24,100,121.00717
2024-01-25,100,118.079094
2024-01-26,77,116.33933
2024-01-27,131,108.53316
2024-01-28,144,114.97137
2024-01-29,108,86.10042
2024-01-30,80,87.88997
2023-12-03,157,127.08613
2023-12-04,108,129.80167
2023-12-05,145,131.88287
2023-12-06,100,126.62698
2023-12-07,143,127.377205
2023-12-08,86,123.46903
2023-12-09,152,132.22057
2023-12-10,177,117.36985
2023-12-11,55,109.886154
2023-12-12,161,120.77751
2023-12-13,142,121.73827
2023-12-14,140,121.08439
2023-12-15,128,123.15048
2023-12-16,34,124.92731
2023-12-17,94,134.37228
2023-12-18,76,130.51645
2023-12-19,134,128.86816
2023-12-20,92,123.85261
2023-12-21,112,121.91524
2023-12-22,157,112.98382
2023-12-23,181,132.3289
2023-12-24,132,121.97381
2023-12-25,52,135.02145
2023-12-26,120,138.54454
2023-12-27,62,124.069016
2023-12-28,121,119.56808
2023-12-29,73,110.94223
2023-12-30,56,113.908615
2023-12-31,55,105.70794
2024-01-01,101,98.66779
2024-01-02,97,99.52133
2024-01-03,78,99.37031
2024-01-04,41,90.32749
2024-01-05,105,94.72387
2024-01-06,70,102.61032
2024-01-07,56,99.435265
2024-01-08,76,110.647255
2024-01-09,103,102.50397
2024-01-10,70,103.2112
2024-01-11,125,106.08993
2024-01-12,100,98.603745
2024-01-13,87,96.56381
2024-01-14,69,92.208145
2024-01-15,80,93.004555
2024-01-16,103,98.83844
2024-01-17,148,95.45043
2024-01-18,151,97.50713
2024-01-19,120,101.71743
2024-01-20,167,105.50884
2024-01-21,132,115.02772
2024-01-22,132,116.40813
2024-01-23,123,106.64423
2024-01-24,145,109.47493
2024-01-25,189,123.32009
2024-01-26,116,115.65513
2024-01-27,156,118.837906
2024-01-28,245,115.425476
2024-01-29,103,101.21402
2024-01-30,70,117.02094
2023-12-03,161,102.40041
2023-12-04,60,104.180435
2023-12-05,71,103.74759
2023-12-06,93,106.17866
2023-12-07,107,94.67974
2023-12-08,71,98.91575
2023-12-09,59,95.54225
2023-12-10,108,91.73869
2023-12-11,45,91.88883
2023-12-12,100,83.934654
2023-12-13,172,95.49233
2023-12-14,63,94.39441
2023-12-15,84,101.23938
2023-12-16,41,92.43004
2023-12-17,64,101.526825
2023-12-18,95,95.263084
2023-12-19,108,90.37902
2023-12-20,62,95.50391
2023-12-21,108,96.32533
2023-12-22,17,99.32162
2023-12-23,98,87.855156
2023-12-24,76,90.40645
2023-12-25,74,92.22135
2023-12-26,58,101.392586
2023-12-27,47,88.56932
2023-12-28,28,89.24941
2023-12-29,28,98.370804
2023-12-30,49,96.21849
2023-12-31,47,88.78359
2024-01-01,6,40.866413
2024-01-02,30,43.716084
2024-01-03,29,41.80622
2024-01-04,38,41.173847
2024-01-05,41,35.67099
2024-01-06,28,45.35114
2024-01-07,36,40.83066
2024-01-08,33,38.049793
2024-01-09,51,40.352737
2024-01-10,34,38.7141
2024-01-11,56,43.287823
2024-01-12,123,42.85539
2024-01-13,120,56.016
2024-01-14,60,78.40772
2024-01-15,35,83.32672
2024-01-16,54,75.196236
2024-01-17,100,78.164536
2024-01-18,96,76.69246
2024-01-19,58,78.75367
2024-01-20,72,77.91084
2024-01-21,64,78.90879
2024-01-22,71,77.787544
2024-01-23,53,79.385895
2024-01-24,153,75.10884
2024-01-25,115,85.48929
2024-01-26,153,77.25539
2024-01-27,77,86.424255
2024-01-28,80,87.35011
2024-01-29,105,56.834198
2024-01-30,61,59.781456
2023-12-03,70,88.92847
2023-12-04,72,85.459045
2023-12-05,110,89.14564
2023-12-06,68,87.80953
2023-12-07,83,85.013275
2023-12-08,68,85.400085
2023-12-09,61,81.81292
2023-12-10,52,84.78733
2023-12-11,105,81.1165
2023-12-12,65,82.1665
2023-12-13,124,85.0769
2023-12-14,72,87.490746
2023-12-15,64,88.91469
2023-12-16,123,87.617424
2023-12-17,75,86.66969
2023-12-18,67,87.4746
2023-12-19,96,85.99173
2023-12-20,79,83.44302
2023-12-21,65,82.03451
2023-12-22,110,83.89709
2023-12-23,94,77.29298
2023-12-24,61,83.09133
2023-12-25,89,92.13655
2023-12-26,74,88.0403
2023-12-27,45,106.15141
2023-12-28,26,89.15665
2023-12-29,37,73.677505
2023-12-30,15,80.13234
2023-12-31,27,83.465324
2024-01-01,25,40.102917
2024-01-02,38,44.112648
2024-01-03,28,45.458897
2024-01-04,18,46.896282
2024-01-05,65,39.642002
2024-01-06,25,37.927135
2024-01-07,15,41.43612
2024-01-08,37,34.953213
2024-01-09,59,38.80487
2024-01-10,65,42.64068
2024-01-11,109,42.280346
2024-01-12,73,50.371933
2024-01-13,47,55.311726
2024-01-14,77,68.38146
2024-01-15,64,74.15618
2024-01-16,69,76.724396
2024-01-17,71,78.83753
2024-01-18,119,74.29938
2024-01-19,65,87.321945
2024-01-20,66,79.3164
2024-01-21,104,75.321434
2024-01-22,54,79.522675
2024-01-23,83,79.828285
2024-01-24,82,75.64702
2024-01-25,48,75.801994
2024-01-26,69,69.986374
2024-01-27,79,70.303894
2024-01-28,103,75.527016
2024-01-29,72,55.46326
2024-01-30,73,54.477642
2023-12-03,116,121.55939
2023-12-04,145,124.19416
2023-12-05,113,128.81346
2023-12-06,143,126.403206
2023-12-07,161,126.68104
2023-12-08,116,124.07917
2023-12-09,113,125.50376
2023-12-10,198,121.83516
2023-12-11,69,122.538376
2023-12-12,101,126.9119
2023-12-13,158,124.68546
2023-12-14,164,121.90561
2023-12-15,182,127.3401
2023-12-16,83,123.385254
2023-12-17,53,123.767685
2023-12-18,138,127.50851
2023-12-19,67,123.673935
2023-12-20,140,123.68454
2023-12-21,145,121.52167
2023-12-22,127,123.96645
2023-12-23,77,124.16649
2023-12-24,108,123.57966
2023-12-25,203,123.74679
2023-12-26,119,117.1317
2023-12-27,72,121.74349
2023-12-28,116,127.82838
2023-12-29,63,114.180214
2023-12-30,58,118.493614
2023-12-31,137,124.12063
2024-01-01,51,119.34541
2024-01-02,75,99.36415
2024-01-03,113,99.172935
2024-01-04,67,96.99571
2024-01-05,38,105.15027
2024-01-06,104,94.386475
2024-01-07,61,96.82596
2024-01-08,94,95.11801
2024-01-09,93,101.270256
2024-01-10,78,101.89178
2024-01-11,143,97.99932
2024-01-12,63,117.461235
2024-01-13,211,106.60211
2024-01-14,78,143.89493
2024-01-15,120,118.37636
2024-01-16,129,115.87897
2024-01-17,154,118.645706
2024-01-18,139,119.294624
2024-01-19,232,128.98535
2024-01-20,155,132.41502
2024-01-21,99,137.12944
2024-01-22,51,134.08348
2024-01-23,87,122.76394
2024-01-24,89,118.68268
2024-01-25,49,110.47129
2024-01-26,102,95.65026
2024-01-27,150,91.73586
2024-01-28,151,85.72121
2024-01-29,57,84.37283
2024-01-30,87,77.741104
2023-12-03,90,112.287544
2023-12-04,194,105.17501
2023-12-05,102,115.34128
2023-12-06,85,113.933525
2023-12-07,69,117.960434
2023-12-08,80,114.61192
2023-12-09,106,106.86617
2023-12-10,96,109.91475
2023-12-11,115,98.29233
2023-12-12,65,105.87031
2023-12-13,99,115.76664
2023-12-14,168,109.80263
2023-12-15,147,108.74549
2023-12-16,108,111.5185
2023-12-17,122,105.66235
2023-12-18,139,119.20979
2023-12-19,115,104.44431
2023-12-20,130,116.44448
2023-12-21,108,108.78951
2023-12-22,200,116.8017
2023-12-23,155,116.65644
2023-12-24,142,118.76726
2023-12-25,78,128.36923
2023-12-26,75,118.47389
2023-12-27,58,119.14553
2023-12-28,29,125.28388
2023-12-29,33,126.12924
2023-12-30,41,100.492325
2023-12-31,39,94.64135
2024-01-01,48,55.641483
2024-01-02,52,52.7434
2024-01-03,7,56.784065
2024-01-04,29,34.088146
2024-01-05,30,46.510574
2024-01-06,38,45.239063
2024-01-07,25,51.212524
2024-01-08,20,33.860268
2024-01-09,69,34.400997
2024-01-10,134,41.275276
2024-01-11,110,53.11471
2024-01-12,117,80.194405
2024-01-13,115,73.20686
2024-01-14,145,88.523575
2024-01-15,98,103.72143
2024-01-16,127,108.79454
2024-01-17,52,106.30607
2024-01-18,73,109.99226
2024-01-19,26,104.67702
2024-01-20,60,94.259796
2024-01-21,47,79.06768
2024-01-22,56,79.77493
2024-01-23,57,75.80945
2024-01-24,80,61.122284
2024-01-25,54,64.41214
2024-01-26,111,58.530457
2024-01-27,196,76.62451
2024-01-28,104,80.536804
2024-01-29,69,75.11937
2024-01-30,78,78.637634
2023-12-03,72,115.52351
2023-12-04,135,121.156944
2023-12-05,82,122.96746
2023-12-06,193,115.0682
2023-12-07,99,123.814766
2023-12-08,117,129.09749
2023-12-09,146,121.68442
2023-12-10,154,119.023865
2023-12-11,95,118.42402
2023-12-12,104,120.02428
2023-12-13,62,122.71565
2023-12-14,102,126.5782
2023-12-15,91,132.56563
2023-12-16,145,131.22054
2023-12-17,66,125.89453
2023-12-18,154,128.66516
2023-12-19,116,120.03414
2023-12-20,118,131.5002
2023-12-21,147,118.53557
2023-12-22,91,121.507484
2023-12-23,144,121.079506
2023-12-24,69,119.74763
2023-12-25,95,121.76904
2023-12-26,50,116.64693
2023-12-27,74,133.21478
2023-12-28,69,121.770226
2023-12-29,89,113.10563
2023-12-30,14,101.24464
2023-12-31,34,95.30995
2024-01-01,91,89.56912
2024-01-02,127,82.82732
2024-01-03,119,92.00236
2024-01-04,93,89.65176
2024-01-05,89,99.19093
2024-01-06,94,99.574936
2024-01-07,72,106.70851
2024-01-08,66,103.820915
2024-01-09,50,102.54769
2024-01-10,148,91.07766
2024-01-11,193,103.556984
2024-01-12,47,94.67974
2024-01-13,72,104.620026
2024-01-14,76,105.67673
2024-01-15,62,104.283485
2024-01-16,95,105.19421
2024-01-17,77,107.21704
2024-01-18,101,83.729294
2024-01-19,100,89.65903
2024-01-20,38,89.67246
2024-01-21,82,88.12208
2024-01-22,168,91.56596
2024-01-23,110,97.244064
2024-01-24,60,94.44441
2024-01-25,78,89.22327
2024-01-26,159,85.44107
2024-01-27,143,97.362946
2024-01-28,170,105.9272
2024-01-29,102,102.356445
2024-01-30,79,78.96857
2023-12-03,114,114.80013
2023-12-04,102,118.61751
2023-12-05,208,115.80286
2023-12-06,125,132.31017
2023-12-07,137,137.2023
2023-12-08,74,125.4916
2023-12-09,168,118.901505
2023-12-10,154,111.7652
2023-12-11,136,121.72908
2023-12-12,131,128.48526
2023-12-13,114,121.296364
2023-12-14,110,124.0709
2023-12-15,116,135.27997
2023-12-16,141,117.91164
2023-12-17,146,127.10468
2023-12-18,92,122.833534
2023-12-19,54,136.66815
2023-12-20,93,127.755035
2023-12-21,150,132.87857
2023-12-22,178,122.566
2023-12-23,135,122.18868
2023-12-24,205,125.74749
2023-12-25,112,118.535805
2023-12-26,99,124.09266
2023-12-27,79,124.60876
2023-12-28,58,130.03596
2023-12-29,73,119.186844
2023-12-30,90,133.41965
2023-12-31,69,123.17426
2024-01-01,75,101.93698
2024-01-02,94,101.54589
2024-01-03,86,95.61565
2024-01-04,52,90.734146
2024-01-05,72,107.20717
2024-01-06,32,84.3137
2024-01-07,105,91.903046
2024-01-08,45,98.734245
2024-01-09,142,90.70213
2024-01-10,150,105.41573
2024-01-11,111,104.88541
2024-01-12,98,107.17731
2024-01-13,72,112.03668
2024-01-14,111,103.033134
2024-01-15,139,113.71719
2024-01-16,208,104.843575
2024-01-17,87,120.77171
2024-01-18,188,119.98684
2024-01-19,152,116.881615
2024-01-20,235,120.58266
2024-01-21,181,135.96779
2024-01-22,108,139.53589
2024-01-23,123,143.37616
2024-01-24,128,130.32715
2024-01-25,109,132.0481
2024-01-26,122,122.68105
2024-01-27,111,120.63185
2024-01-28,124,121.259254
2024-01-29,139,94.24462
2024-01-30,73,100.46209
2023-12-03,61,118.27804
2023-12-04,114,112.80099
2023-12-05,163,118.16017
2023-12-06,145,114.15958
2023-12-07,63,116.17859
2023-12-08,86,116.75909
2023-12-09,75,113.810425
2023-12-10,97,100.357414
2023-12-11,63,108.312935
2023-12-12,86,111.3714
2023-12-13,103,109.08752
2023-12-14,184,112.46432
2023-12-15,147,105.057655
2023-12-16,82,104.90291
2023-12-17,84,107.16807
2023-12-18,137,110.74295
2023-12-19,101,107.6945
2023-12-20,122,111.11716
2023-12-21,110,100.250626
2023-12-22,157,109.22525
2023-12-23,99,99.557076
2023-12-24,139,110.79149
2023-12-25,91,118.80591
2023-12-26,63,114.64811
2023-12-27,54,120.502716
2023-12-28,72,117.13869
2023-12-29,71,95.74365
2023-12-30,47,104.41405
2023-12-31,44,95.09615
2024-01-01,55,81.57804
2024-01-02,54,74.13918
2024-01-03,97,73.88282
2024-01-04,39,79.35307
2024-01-05,75,77.58806
2024-01-06,42,69.915115
2024-01-07,57,71.598114
2024-01-08,93,71.78495
2024-01-09,115,80.51095
2024-01-10,74,87.83543
2024-01-11,81,88.67814
2024-01-12,103,81.891205
2024-01-13,30,91.07403
2024-01-14,99,81.31758
2024-01-15,63,85.552895
2024-01-16,115,84.44614
2024-01-17,113,86.878876
2024-01-18,37,86.38607
2024-01-19,115,80.039185
2024-01-20,199,84.9139
2024-01-21,88,99.72662
2024-01-22,79,93.73889
2024-01-23,95,96.919586
2024-01-24,77,96.6661
2024-01-25,133,96.24108
2024-01-26,175,98.66607
2024-01-27,132,99.19407
2024-01-28,101,103.41805
2024-01-29,68,72.94653
2024-01-30,138,77.839096
2023-12-03,137,109.99066
2023-12-04,80,105.785515
2023-12-05,158,118.13497
2023-12-06,86,114.372665
2023-12-07,161,116.10034
2023-12-08,176,119.77875
2023-12-09,146,121.95035
2023-12-10,115,124.278496
2023-12-11,125,122.582184
2023-12-12,100,116.55249
2023-12-13,140,121.717674
2023-12-14,203,126.29659
2023-12-15,255,131.91876
2023-12-16,36,121.331245
2023-12-17,148,143.49593
2023-12-18,214,132.83578
2023-12-19,121,131.48926
2023-12-20,107,114.04592
2023-12-21,106,127.58282
2023-12-22,40,123.38071
2023-12-23,94,132.13947
2023-12-24,90,116.60256
2023-12-25,142,131.64139
2023-12-26,97,116.3563
2023-12-27,139,123.180984
2023-12-28,81,137.36552
2023-12-29,76,118.31301
2023-12-30,157,108.04233
2023-12-31,121,117.549095
2024-01-01,83,128.70251
2024-01-02,201,136.54459
2024-01-03,128,128.6482
2024-01-04,205,130.91815
2024-01-05,136,117.76739
2024-01-06,102,131.25421
2024-01-07,103,126.77413
2024-01-08,195,136.8803
2024-01-09,138,133.15273
2024-01-10,113,144.4783
2024-01-11,90,128.49016
2024-01-12,117,125.23394
2024-01-13,85,131.8644
2024-01-14,113,127.92681
2024-01-15,103,129.25922
2024-01-16,91,120.110855
2024-01-17,21,127.891624
2024-01-18,72,110.0011
2024-01-19,87,100.9955
2024-01-20,96,96.07829
2024-01-21,84,97.36263
2024-01-22,88,92.12494
2024-01-23,80,93.53031
2024-01-24,165,94.26155
2024-01-25,226,108.50939
2024-01-26,121,105.25295
2024-01-27,167,112.585014
2024-01-28,167,107.12684
2024-01-29,100,110.099945
2024-01-30,118,118.1308
2023-12-03,58,110.65455
2023-12-04,151,108.327156
2023-12-05,44,108.80745
2023-12-06,135,113.193855
2023-12-07,112,107.07592
2023-12-08,105,109.09129
2023-12-09,53,106.00143
2023-12-10,132,107.65425
2023-12-11,131,100.637085
2023-12-12,59,108.24855
2023-12-13,113,112.27463
2023-12-14,38,111.88948
2023-12-15,105,106.94972
2023-12-16,105,116.05245
2023-12-17,100,108.509476
2023-12-18,173,114.746346
2023-12-19,75,109.05242
2023-12-20,57,118.2738
2023-12-21,63,108.52206
2023-12-22,42,107.322464
2023-12-23,133,114.27662
2023-12-24,126,110.16763
2023-12-25,92,104.41897
2023-12-26,76,112.79587
2023-12-27,20,116.73954
2023-12-28,19,120.97694
2023-12-29,16,96.49432
2023-12-30,9,87.72491
2023-12-31,30,93.729095
2024-01-01,36,57.337055
2024-01-02,32,45.34834
2024-01-03,61,41.319572
2024-01-04,62,36.21223
2024-01-05,9,44.951515
2024-01-06,67,32.670547
2024-01-07,49,44.424587
2024-01-08,30,41.457363
2024-01-09,67,42.560993
2024-01-10,137,55.27249
2024-01-11,50,75.72618
2024-01-12,43,54.815876
2024-01-13,56,74.654205
2024-01-14,120,74.43553
2024-01-15,115,80.53
2024-01-16,134,90.51106
2024-01-17,99,98.12623
2024-01-18,49,87.729355
2024-01-19,61,88.19438
2024-01-20,101,86.306885
2024-01-21,47,88.905014
2024-01-22,68,82.6361
2024-01-23,104,84.53143
2024-01-24,99,80.26118
2024-01-25,155,80.079865
2024-01-26,75,91.11854
2024-01-27,174,91.215904
2024-01-28,60,97.83259
2024-01-29,129,79.1913
2024-01-30,109,78.260925
2023-12-03,119,126.51567
2023-12-04,97,120.92248
2023-12-05,235,131.25908
2023-12-06,181,122.25528
2023-12-07,153,124.87991
2023-12-08,95,124.48958
2023-12-09,76,133.43057
2023-12-10,106,118.741196
2023-12-11,71,125.499466
2023-12-12,64,121.6836
2023-12-13,159,133.34288
2023-12-14,215,118.70803
2023-12-15,211,131.7136
2023-12-16,104,128.9215
2023-12-17,105,124.93118
2023-12-18,119,122.55409
2023-12-19,73,120.80255
2023-12-20,68,123.901634
2023-12-21,126,127.69663
2023-12-22,178,123.03436
2023-12-23,127,121.06962
2023-12-24,146,127.98967
2023-12-25,122,115.85645
2023-12-26,223,133.18477
2023-12-27,97,123.05161
2023-12-28,105,131.90627
2023-12-29,115,125.39469
2023-12-30,76,115.76698
2023-12-31,47,111.574104
2024-01-01,52,121.22867
2024-01-02,58,119.387215
2024-01-03,81,101.87537
2024-01-04,64,89.37239
2024-01-05,114,92.06533
2024-01-06,68,93.76667
2024-01-07,104,100.93473
2024-01-08,73,97.645386
2024-01-09,145,93.87991
2024-01-10,73,107.817154
2024-01-11,189,105.82537
2024-01-12,106,120.090416
2024-01-13,85,116.14191
2024-01-14,142,110.46167
2024-01-15,72,116.34966
2024-01-16,110,114.952545
2024-01-17,92,121.10622
2024-01-18,127,116.25229
2024-01-19,105,111.55371
2024-01-20,118,115.73168
2024-01-21,132,108.75871
2024-01-22,66,115.55608
2024-01-23,157,112.173744
2024-01-24,130,112.42391
2024-01-25,120,109.64342
2024-01-26,104,101.99335
2024-01-27,173,98.142685
2024-01-28,124,107.06643
2024-01-29,111,80.34034
2024-01-30,96,87.28559
2023-12-03,67,129.13722
2023-12-04,181,134.94771
2023-12-05,89,130.89268
2023-12-06,91,126.74342
2023-12-07,186,130.69383
2023-12-08,166,124.852
2023-12-09,159,122.50363
2023-12-10,92,134.89246
2023-12-11,152,109.24133
2023-12-12,244,119.88196
2023-12-13,182,114.13508
2023-12-14,193,109.624146
2023-12-15,130,145.48822
2023-12-16,88,125.19839
2023-12-17,127,126.62585
2023-12-18,194,121.401505
2023-12-19,83,126.446175
2023-12-20,124,118.2444
2023-12-21,174,115.302826
2023-12-22,81,120.013374
2023-12-23,160,122.56236
2023-12-24,85,119.70951
2023-12-25,110,116.376
2023-12-26,249,127.47306
2023-12-27,105,114.71771
2023-12-28,66,142.76494
2023-12-29,128,111.16651
2023-12-30,74,112.813156
2023-12-31,35,107.02569
2024-01-01,89,137.8561
2024-01-02,116,111.07793
2024-01-03,80,104.89003
2024-01-04,44,100.89708
2024-01-05,66,95.55885
2024-01-06,92,92.084305
2024-01-07,120,93.41956
2024-01-08,91,106.23029
2024-01-09,150,100.969
2024-01-10,106,119.29677
2024-01-11,109,111.79804
2024-01-12,116,127.42258
2024-01-13,138,117.06789
2024-01-14,111,115.77245
2024-01-15,71,112.80646
2024-01-16,123,109.25233
2024-01-17,184,114.246185
2024-01-18,150,118.517555
2024-01-19,80,117.31882
2024-01-20,139,115.534355
2024-01-21,157,118.72264
2024-01-22,116,136.80719
2024-01-23,61,118.93913
2024-01-24,284,116.56897
2024-01-25,135,124.37206
2024-01-26,135,124.07749
2024-01-27,148,132.25476
2024-01-28,131,119.294624
2024-01-29,85,109.49827
2024-01-30,108,98.4546
2023-12-03,133,117.83702
2023-12-04,201,128.70393
2023-12-05,67,121.96832
2023-12-06,110,134.19492
2023-12-07,133,125.79386
2023-12-08,122,121.243996
2023-12-09,193,122.27453
2023-12-10,188,125.02241
2023-12-11,135,115.96375
2023-12-12,140,129.01065
2023-12-13,167,132.37029
2023-12-14,149,127.469696
2023-12-15,94,127.43132
2023-12-16,53,131.08427
2023-12-17,150,122.842285
2023-12-18,143,128.45943
2023-12-19,162,119.80488
2023-12-20,178,118.64951
2023-12-21,143,120.87934
2023-12-22,98,124.47421
2023-12-23,95,124.98932
2023-12-24,99,126.74299
2023-12-25,102,130.76607
2023-12-26,109,135.68407
2023-12-27,167,137.30821
2023-12-28,83,141.53082
2023-12-29,116,115.59121
2023-12-30,74,126.080734
2023-12-31,94,116.06474
2024-01-01,90,135.45074
2024-01-02,93,130.7265
2024-01-03,62,115.72276
2024-01-04,89,100.98004
2024-01-05,130,96.014565
2024-01-06,81,106.82667
2024-01-07,189,111.10097
2024-01-08,134,135.97478
2024-01-09,147,121.65417
2024-01-10,74,129.08531
2024-01-11,118,114.00342
2024-01-12,174,120.231285
2024-01-13,124,124.89894
2024-01-14,152,124.34003
2024-01-15,140,118.24688
2024-01-16,103,118.757614
2024-01-17,182,136.95187
2024-01-18,164,130.9827
2024-01-19,86,130.1427
2024-01-20,86,126.821365
2024-01-21,156,125.599434
2024-01-22,180,126.66099
2024-01-23,98,123.85987
2024-01-24,169,126.108955
2024-01-25,115,123.94022
2024-01-26,120,116.7757
2024-01-27,159,121.06689
2024-01-28,112,114.63986
2024-01-29,120,97.35348
2024-01-30,107,104.0406
2023-12-03,94,110.34873
2023-12-04,164,118.16082
2023-12-05,135,108.96321
2023-12-06,47,113.85544
2023-12-07,159,119.149315
2023-12-08,139,115.738655
2023-12-09,163,126.82754
2023-12-10,124,127.151855
2023-12-11,82,118.78585
2023-12-12,108,115.58064
2023-12-13,141,115.017044
2023-12-14,123,117.167145
2023-12-15,135,121.70257
2023-12-16,159,136.86449
2023-12-17,79,123.75016
2023-12-18,205,130.6365
2023-12-19,130,118.15662
2023-12-20,119,123.85821
2023-12-21,63,138.36307
2023-12-22,25,120.31434
2023-12-23,98,139.69858
2023-12-24,124,118.53822
2023-12-25,42,124.69714
2023-12-26,192,113.350945
2023-12-27,108,125.80673
2023-12-28,82,123.49238
2023-12-29,84,123.028046
2023-12-30,65,107.08701
2023-12-31,75,106.877464
2024-01-01,129,121.63043
2024-01-02,77,107.567604
2024-01-03,135,96.18174
2024-01-04,44,107.90722
2024-01-05,106,97.25339
2024-01-06,99,108.31774
2024-01-07,99,113.00445
2024-01-08,79,115.78344
2024-01-09,165,118.309105
2024-01-10,123,109.527596
2024-01-11,201,106.55102
2024-01-12,61,122.12727
2024-01-13,155,118.30527
2024-01-14,97,126.30255
2024-01-15,225,113.711945
2024-01-16,105,133.81935
2024-01-17,96,117.086525
2024-01-18,130,115.749565
2024-01-19,103,122.6385
2024-01-20,136,119.09743
2024-01-21,118,123.02798
2024-01-22,146,120.74022
2024-01-23,69,123.36776
2024-01-24,119,118.69695
2024-01-25,80,116.88174
2024-01-26,78,112.15546
2024-01-27,66,106.68523
2024-01-28,121,96.50573
2024-01-29,152,54.360336
2024-01-30,62,80.95221
2023-12-03,102,113.68763
2023-12-04,114,115.99282
2023-12-05,75,111.2198
2023-12-06,85,119.95403
2023-12-07,110,115.899345
2023-12-08,71,113.33731
2023-12-09,109,118.64297
2023-12-10,128,105.28912
2023-12-11,142,112.67717
2023-12-12,96,108.27057
2023-12-13,98,112.014435
2023-12-14,130,110.59694
2023-12-15,110,114.16597
2023-12-16,104,105.6916
2023-12-17,122,110.11028
2023-12-18,106,118.22324
2023-12-19,119,108.12768
2023-12-20,108,107.82286
2023-12-21,118,115.754684
2023-12-22,108,118.93078
2023-12-23,89,114.10615
2023-12-24,79,118.18069
2023-12-25,32,121.68155
2023-12-26,76,113.57924
2023-12-27,47,109.42318
2023-12-28,51,113.81431
2023-12-29,46,101.05088
2023-12-30,50,96.808876
2023-12-31,30,97.34747
2024-01-01,31,54.900208
2024-01-02,76,52.04692
2024-01-03,59,45.57394
2024-01-04,26,49.479927
2024-01-05,51,47.046993
2024-01-06,75,47.70563
2024-01-07,18,51.3282
2024-01-08,58,50.650803
2024-01-09,93,62.10316
2024-01-10,118,60.98495
2024-01-11,65,71.93451
2024-01-12,122,77.60594
2024-01-13,162,79.7126
2024-01-14,79,99.400826
2024-01-15,124,92.296036
2024-01-16,89,100.04501
2024-01-17,72,96.77717
2024-01-18,105,92.231285
2024-01-19,68,94.278275
2024-01-20,115,87.88527
2024-01-21,45,85.63541
2024-01-22,94,86.610695
2024-01-23,91,84.305305
2024-01-24,119,83.84501
2024-01-25,86,84.3242
2024-01-26,49,84.49935
2024-01-27,81,74.82445
2024-01-28,87,77.272095
2024-01-29,77,48.96389
2024-01-30,96,55.527424
2023-12-03,82,120.8519
2023-12-04,227,120.00847
2023-12-05,91,123.43478
2023-12-06,111,129.68486
2023-12-07,96,128.11435
2023-12-08,61,126.161575
2023-12-09,94,130.77505
2023-12-10,68,121.02547
2023-12-11,144,115.90313
2023-12-12,61,110.91389
2023-12-13,183,116.2319
2023-12-14,73,108.853584
2023-12-15,173,121.0466
2023-12-16,123,108.09568
2023-12-17,92,113.886444
2023-12-18,207,120.76535
2023-12-19,125,108.93471
2023-12-20,150,121.706505
2023-12-21,71,121.136536
2023-12-22,40,131.04631
2023-12-23,138,133.69945
2023-12-24,111,129.41177
2023-12-25,87,132.14197
2023-12-26,100,122.3493
2023-12-27,80,117.65679
2023-12-28,64,119.77505
2023-12-29,124,115.7555
2023-12-30,50,111.23093
2023-12-31,39,114.94199
2024-01-01,99,97.023705
2024-01-02,63,95.359
2024-01-03,72,87.914
2024-01-04,109,95.067665
2024-01-05,84,100.150444
2024-01-06,80,92.19397
2024-01-07,123,100.62618
2024-01-08,34,106.34715
2024-01-09,151,100.51126
2024-01-10,63,116.77968
2024-01-11,4,108.08095
2024-01-12,152,86.74124
2024-01-13,146,109.19731
2024-01-14,146,112.90636
2024-01-15,111,114.9418
2024-01-16,128,118.03333
2024-01-17,118,116.850784
2024-01-18,107,111.943375
2024-01-19,168,115.51543
2024-01-20,131,112.12062
2024-01-21,82,107.23582
2024-01-22,114,111.68233
2024-01-23,138,113.189
2024-01-24,134,113.79397
2024-01-25,114,119.11347
2024-01-26,120,111.28504
2024-01-27,117,107.74366
2024-01-28,130,107.19041
2024-01-29,80,78.96642
2024-01-30,129,82.80954
2023-12-03,97,75.70334
2023-12-04,118,80.37562
2023-12-05,97,85.85146
2023-12-06,109,85.35545
2023-12-07,46,83.33241
2023-12-08,106,82.05452
2023-12-09,117,88.5516
2023-12-10,135,86.46139
2023-12-11,80,91.65622
2023-12-12,93,85.31426
2023-12-13,86,88.66607
2023-12-14,129,85.02495
2023-12-15,97,94.869125
2023-12-16,113,93.95744
2023-12-17,86,92.398285
2023-12-18,102,96.75494
2023-12-19,133,92.02805
2023-12-20,99,93.85638
2023-12-21,103,86.33881
2023-12-22,74,99.78906
2023-12-23,96,103.013596
2023-12-24,130,99.35498
2023-12-25,54,106.488525
2023-12-26,168,112.88229
2023-12-27,58,111.63297
2023-12-28,11,119.51771
2023-12-29,57,107.604645
2023-12-30,29,98.858055
2023-12-31,80,86.84235
2024-01-01,61,93.14764
2024-01-02,43,71.94074
2024-01-03,47,59.72252
2024-01-04,51,50.948948
2024-01-05,38,55.21027
2024-01-06,49,51.365925
2024-01-07,53,55.279243
2024-01-08,37,50.535736
2024-01-09,81,62.78545
2024-01-10,51,57.31818
2024-01-11,117,58.827747
2024-01-12,98,70.94385
2024-01-13,122,77.07234
2024-01-14,72,83.20763
2024-01-15,72,79.658554
2024-01-16,90,89.89229
2024-01-17,77,80.72713
2024-01-18,184,80.42771
2024-01-19,108,97.701675
2024-01-20,161,99.62079
2024-01-21,135,108.51283
2024-01-22,80,115.25778
2024-01-23,95,112.198425
2024-01-24,87,113.08362
2024-01-25,87,87.01547
2024-01-26,121,93.81815
2024-01-27,148,95.92477
2024-01-28,37,105.112495
2024-01-29,90,57.17178
2024-01-30,101,60.503963
2023-12-03,172,113.20447
2023-12-04,123,104.824646
2023-12-05,118,121.86962
2023-12-06,132,126.92936
2023-12-07,101,128.99617
2023-12-08,96,128.42204
2023-12-09,106,127.87239
2023-12-10,70,107.61534
2023-12-11,62,117.14275
2023-12-12,116,115.79714
2023-12-13,97,111.53929
2023-12-14,118,108.727745
2023-12-15,83,115.48757
2023-12-16,149,114.50091
2023-12-17,127,114.84303
2023-12-18,162,112.321815
2023-12-19,78,111.949234
2023-12-20,64,117.36307
2023-12-21,93,113.86114
2023-12-22,117,111.07971
2023-12-23,61,103.21107
2023-12-24,80,107.11812
2023-12-25,133,113.56449
2023-12-26,82,115.55013
2023-12-27,221,120.93334
2023-12-28,106,114.7887
2023-12-29,153,104.69529
2023-12-30,125,112.98895
2023-12-31,165,111.76224
2024-01-01,121,119.57999
2024-01-02,185,139.56065
2024-01-03,139,145.4792
2024-01-04,154,125.332504
2024-01-05,133,120.80422
2024-01-06,31,131.32559
2024-01-07,230,123.12416
2024-01-08,100,118.036385
2024-01-09,135,127.8778
2024-01-10,96,128.05685
2024-01-11,90,135.80641
2024-01-12,130,123.300705
2024-01-13,162,137.36844
2024-01-14,137,146.76738
2024-01-15,170,130.69905
2024-01-16,92,123.7792
2024-01-17,99,129.52364
2024-01-18,125,138.93494
2024-01-19,123,121.478905
2024-01-20,202,126.60662
2024-01-21,139,117.66673
2024-01-22,111,121.6768
2024-01-23,108,126.77127
2024-01-24,79,126.35202
2024-01-25,121,119.8847
2024-01-26,206,116.99588
2024-01-27,179,113.83956
2024-01-28,58,125.238014
2024-01-29,122,94.93598
2024-01-30,67,87.09815
2023-12-03,205,114.64095
2023-12-04,144,103.30204
2023-12-05,189,118.347694
2023-12-06,81,127.44426
2023-12-07,187,124.64563
2023-12-08,131,128.26611
2023-12-09,143,127.75268
2023-12-10,105,122.28896
2023-12-11,67,116.924034
2023-12-12,98,115.82214
2023-12-13,84,127.28998
2023-12-14,86,116.684975
2023-12-15,182,124.71426
2023-12-16,82,113.55862
2023-12-17,102,145.03506
2023-12-18,101,126.42154
2023-12-19,118,124.0836
2023-12-20,95,120.019585
2023-12-21,159,128.06305
2023-12-22,119,112.93375
2023-12-23,128,127.56755
2023-12-24,150,119.69562
2023-12-25,132,122.78171
2023-12-26,154,123.78245
2023-12-27,130,117.87007
2023-12-28,116,137.84766
2023-12-29,114,114.62048
2023-12-30,125,105.036644
2023-12-31,62,120.41724
2024-01-01,134,113.863945
2024-01-02,127,130.44469
2024-01-03,92,126.787865
2024-01-04,107,120.7548
2024-01-05,117,110.44725
2024-01-06,129,105.21115
2024-01-07,134,122.72134
2024-01-08,184,122.86073
2024-01-09,237,117.72539
2024-01-10,102,127.079254
2024-01-11,132,127.14283
2024-01-12,113,143.15892
2024-01-13,173,130.64523
2024-01-14,155,127.08121
2024-01-15,88,127.74654
2024-01-16,159,131.83334
2024-01-17,88,124.65521
2024-01-18,173,126.1481
2024-01-19,32,134.25552
2024-01-20,224,132.57625
2024-01-21,103,127.44987
2024-01-22,49,132.45638
2024-01-23,106,125.63178
2024-01-24,72,124.10133
2024-01-25,132,118.21284
2024-01-26,101,115.02764
2024-01-27,110,108.56182
2024-01-28,61,102.48785
2024-01-29,137,68.01038
2024-01-30,105,88.406685
2023-12-03,108,107.470245
2023-12-04,110,112.69137
2023-12-05,39,112.32452
2023-12-06,120,112.07902
2023-12-07,108,115.057495
2023-12-08,69,113.501686
2023-12-09,66,107.318474
2023-12-10,113,113.29614
2023-12-11,132,100.60719
2023-12-12,103,105.50138
2023-12-13,132,107.88713
2023-12-14,65,107.21996
2023-12-15,129,108.48519
2023-12-16,54,113.607605
2023-12-17,101,117.04907
2023-12-18,93,107.097435
2023-12-19,56,99.51505
2023-12-20,129,112.14316
2023-12-21,92,110.36678
2023-12-22,209,102.21302
2023-12-23,118,106.342865
2023-12-24,51,111.31176
2023-12-25,97,109.65174
2023-12-26,144,119.49791
2023-12-27,39,113.14188
2023-12-28,26,116.570465
2023-12-29,22,111.53752
2023-12-30,22,101.32062
2023-12-31,27,126.473724
2024-01-01,13,32.36413
2024-01-02,17,31.831856
2024-01-03,12,34.120766
2024-01-04,15,33.40314
2024-01-05,17,51.599865
2024-01-06,26,41.42456
2024-01-07,21,38.63267
2024-01-08,66,31.524351
2024-01-09,50,38.97342
2024-01-10,43,40.39089
2024-01-11,79,41.57474
2024-01-12,132,36.866325
2024-01-13,99,66.13705
2024-01-14,90,80.40376
2024-01-15,100,83.749405
2024-01-16,100,87.57054
2024-01-17,108,96.02513
2024-01-18,96,97.96654
2024-01-19,76,101.37059
2024-01-20,156,96.357
2024-01-21,148,101.03154
2024-01-22,136,109.37175
2024-01-23,68,100.21968
2024-01-24,99,107.43745
2024-01-25,98,112.23895
2024-01-26,81,106.781456
2024-01-27,99,91.81527
2024-01-28,124,96.05404
2024-01-29,79,90.87554
2024-01-30,72,67.46916
2023-12-03,84,98.51856
2023-12-04,61,95.43715
2023-12-05,107,106.06086
2023-12-06,163,100.86118
2023-12-07,102,109.31026
2023-12-08,70,111.51296
2023-12-09,120,107.6687
2023-12-10,130,104.88745
2023-12-11,103,106.89886
2023-12-12,76,104.367096
2023-12-13,148,107.95012
2023-12-14,175,109.784836
2023-12-15,213,109.84067
2023-12-16,102,120.24115
2023-12-17,74,109.826836
2023-12-18,78,116.888596
2023-12-19,102,118.541664
2023-12-20,152,117.74027
2023-12-21,141,111.46383
2023-12-22,140,106.32591
2023-12-23,159,122.90634
2023-12-24,45,121.97756
2023-12-25,129,135.77235
2023-12-26,125,115.96288
2023-12-27,136,123.54574
2023-12-28,119,131.65279
2023-12-29,126,116.43645
2023-12-30,136,110.383606
2023-12-31,48,112.51112
2024-01-01,138,117.25418
2024-01-02,205,123.691986
2024-01-03,150,121.0632
2024-01-04,47,117.44927
2024-01-05,99,116.37244
2024-01-06,180,111.616936
2024-01-07,100,131.80429
2024-01-08,107,124.94145
2024-01-09,86,121.55992
2024-01-10,82,118.97313
2024-01-11,98,121.741714
2024-01-12,175,125.593666
2024-01-13,84,123.63563
2024-01-14,113,124.81227
2024-01-15,67,120.02175
2024-01-16,23,113.07834
2024-01-17,95,114.87219
2024-01-18,65,110.811905
2024-01-19,112,95.5733
2024-01-20,73,99.77633
2024-01-21,99,93.15283
2024-01-22,16,93.81449
2024-01-23,67,85.125046
2024-01-24,103,96.4501
2024-01-25,120,97.2325
2024-01-26,179,89.2094
2024-01-27,218,96.46883
2024-01-28,147,115.76118
2024-01-29,85,108.74988
2024-01-30,149,100.45286
2023-12-03,104,107.54099
2023-12-04,117,109.99422
2023-12-05,170,106.20034
2023-12-06,155,114.946976
2023-12-07,110,122.23382
2023-12-08,142,118.16536
2023-12-09,161,114.48791
2023-12-10,120,112.9521
2023-12-11,84,118.49534
2023-12-12,174,109.920906
2023-12-13,205,116.758224
2023-12-14,43,124.985016
2023-12-15,129,120.19552
2023-12-16,79,123.63243
2023-12-17,119,123.28678
2023-12-18,153,128.96962
2023-12-19,81,125.46574
2023-12-20,43,133.7816
2023-12-21,129,124.21631
2023-12-22,117,128.85265
2023-12-23,143,119.71259
2023-12-24,87,123.49524
2023-12-25,126,115.52144
2023-12-26,120,125.91468
2023-12-27,243,126.53227
2023-12-28,96,119.217964
2023-12-29,149,118.65352
2023-12-30,97,111.21312
2023-12-31,109,121.96127
2024-01-01,151,130.3241
2024-01-02,127,133.49608
2024-01-03,105,127.13707
2024-01-04,164,124.44579
2024-01-05,130,127.12737
2024-01-06,88,123.53853
2024-01-07,75,125.91059
2024-01-08,92,129.23499
2024-01-09,110,123.98742
2024-01-10,121,121.41992
2024-01-11,88,133.27686
2024-01-12,182,115.59893
2024-01-13,172,122.90456
2024-01-14,110,128.88324
2024-01-15,98,123.57429
2024-01-16,82,125.041
2024-01-17,89,122.88591
2024-01-18,137,128.83748
2024-01-19,57,125.651115
2024-01-20,158,115.986824
2024-01-21,57,122.19858
2024-01-22,173,116.244385
2024-01-23,125,121.186775
2024-01-24,176,125.0196
2024-01-25,131,117.734215
2024-01-26,146,132.87878
2024-01-27,79,119.27659
2024-01-28,117,114.18039
2024-01-29,118,92.057434
2024-01-30,118,84.78831
2023-12-03,43,81.79886
2023-12-04,62,75.98556
2023-12-05,54,79.90565
2023-12-06,52,78.98624
2023-12-07,36,81.57705
2023-12-08,92,75.36038
2023-12-09,88,87.26127
2023-12-10,48,76.00668
2023-12-11,140,77.780304
2023-12-12,71,82.88319
2023-12-13,73,87.296
2023-12-14,76,84.9868
2023-12-15,76,82.298485
2023-12-16,34,85.50716
2023-12-17,51,84.74361
2023-12-18,129,77.74243
2023-12-19,47,86.25262
2023-12-20,87,78.430435
2023-12-21,82,81.32339
2023-12-22,134,83.05276
2023-12-23,110,85.49337
2023-12-24,82,84.497765
2023-12-25,110,100.407974
2023-12-26,130,84.46704
2023-12-27,34,93.36532
2023-12-28,33,100.33209
2023-12-29,44,81.307076
2023-12-30,50,77.41894
2023-12-31,26,75.464645
2024-01-01,55,50.712833
2024-01-02,44,50.727955
2024-01-03,40,46.236305
2024-01-04,37,40.611073
2024-01-05,33,42.230732
2024-01-06,49,41.248154
2024-01-07,31,39.827145
2024-01-08,42,43.84781
2024-01-09,90,46.291477
2024-01-10,49,42.372116
2024-01-11,90,43.322815
2024-01-12,77,50.03451
2024-01-13,88,73.383934
2024-01-14,89,73.78138
2024-01-15,59,82.79282
2024-01-16,66,79.79242
2024-01-17,63,84.35294
2024-01-18,85,72.50614
2024-01-19,44,77.64744
2024-01-20,92,76.90517
2024-01-21,20,75.84613
2024-01-22,106,65.47382
2024-01-23,39,74.894875
2024-01-24,49,69.157845
2024-01-25,56,69.14036
2024-01-26,119,66.84616
2024-01-27,72,72.09723
2024-01-28,134,71.2835
2024-01-29,43,53.32376
2024-01-30,82,39.91422
2023-12-03,131,104.4705
2023-12-04,126,109.0839
2023-12-05,88,120.80354
2023-12-06,64,122.10686
2023-12-07,51,122.6366
2023-12-08,127,114.77882
2023-12-09,95,106.762886
2023-12-10,105,113.228645
2023-12-11,103,109.30438
2023-12-12,147,117.65901
2023-12-13,57,119.40279
2023-12-14,74,128.71164
2023-12-15,137,105.477295
2023-12-16,108,119.061714
2023-12-17,53,115.763954
2023-12-18,68,117.12968
2023-12-19,112,103.262794
2023-12-20,117,108.20336
2023-12-21,151,115.41033
2023-12-22,55,106.8264
2023-12-23,115,104.61218
2023-12-24,163,110.37006
2023-12-25,103,105.595345
2023-12-26,175,118.88814
2023-12-27,11,109.23575
2023-12-28,41,121.32806
2023-12-29,30,105.516495
2023-12-30,47,113.137726
2023-12-31,11,103.43604
2024-01-01,31,46.459938
2024-01-02,42,31.54776
2024-01-03,22,42.76036
2024-01-04,36,46.49083
2024-01-05,34,35.117683
2024-01-06,95,35.64814
2024-01-07,8,67.76363
2024-01-08,23,48.300896
2024-01-09,109,52.041145
2024-01-10,88,48.490288
2024-01-11,164,66.73837
2024-01-12,161,95.773796
2024-01-13,151,104.43506
2024-01-14,126,101.7197
2024-01-15,101,112.56806
2024-01-16,91,112.85028
2024-01-17,94,113.90605
2024-01-18,66,111.2581
2024-01-19,115,101.7019
2024-01-20,45,107.233185
2024-01-21,52,89.53716
2024-01-22,119,96.42729
2024-01-23,89,94.96255
2024-01-24,64,89.51238
2024-01-25,73,90.32175
2024-01-26,81,92.69186
2024-01-27,125,80.86189
2024-01-28,103,86.14196
2024-01-29,55,70.0167
2024-01-30,58,56.128227
2023-12-03,129,119.907005
2023-12-04,162,129.77797
2023-12-05,120,131.70071
2023-12-06,128,129.93484
2023-12-07,105,133.23112
2023-12-08,20,122.75439
2023-12-09,102,123.69747
2023-12-10,125,115.46929
2023-12-11,96,121.1772
2023-12-12,242,112.46863
2023-12-13,210,135.93388
2023-12-14,79,120.27091
2023-12-15,118,130.96393
2023-12-16,138,131.18065
2023-12-17,154,134.3718
2023-12-18,184,124.398834
2023-12-19,107,118.789925
2023-12-20,167,129.76212
2023-12-21,221,119.94511
2023-12-22,119,140.3788
2023-12-23,74,131.26576
2023-12-24,138,124.38516
2023-12-25,26,122.16522
2023-12-26,48,129.59134
2023-12-27,157,121.32424
2023-12-28,88,138.17555
2023-12-29,69,99.751305
2023-12-30,101,116.91751
2023-12-31,53,115.11098
2024-01-01,115,107.68314
2024-01-02,68,113.12735
2024-01-03,141,110.12509
2024-01-04,69,114.15421
2024-01-05,60,102.50486
2024-01-06,83,93.53353
2024-01-07,39,106.97547
2024-01-08,96,107.53736
2024-01-09,90,101.13015
2024-01-10,92,102.233826
2024-01-11,130,96.844505
2024-01-12,140,110.87429
2024-01-13,108,105.27904
2024-01-14,153,105.08001
2024-01-15,75,116.14942
2024-01-16,151,123.83862
2024-01-17,63,112.752014
2024-01-18,80,119.30204
2024-01-19,61,112.96929
2024-01-20,118,104.821106
2024-01-21,62,100.288246
2024-01-22,100,91.68488
2024-01-23,94,89.342354
2024-01-24,126,86.05938
2024-01-25,73,89.868
2024-01-26,57,99.616394
2024-01-27,112,86.712906
2024-01-28,111,80.367546
2024-01-29,116,53.04284
2024-01-30,112,52.789524
2023-12-03,100,121.58886
2023-12-04,103,119.34834
2023-12-05,90,128.17549
2023-12-06,148,130.1346
2023-12-07,178,127.61831
2023-12-08,66,127.10021
2023-12-09,124,128.73499
2023-12-10,134,128.12305
2023-12-11,126,125.16843
2023-12-12,100,125.140945
2023-12-13,153,130.73663
2023-12-14,146,116.09671
2023-12-15,50,132.73007
2023-12-16,161,132.13585
2023-12-17,118,122.32087
2023-12-18,144,123.51587
2023-12-19,119,119.73661
2023-12-20,108,134.14354
2023-12-21,144,127.07358
2023-12-22,71,127.09465
2023-12-23,100,123.58441
2023-12-24,111,133.75641
2023-12-25,82,128.90892
2023-12-26,123,124.85283
2023-12-27,68,127.16545
2023-12-28,76,130.01726
2023-12-29,82,112.957245
2023-12-30,59,102.45456
2023-12-31,66,113.01327
2024-01-01,62,98.927055
2024-01-02,34,91.01772
2024-01-03,82,80.49275
2024-01-04,28,83.54019
2024-01-05,56,79.58982
2024-01-06,93,72.67969
2024-01-07,34,86.324455
2024-01-08,79,69.58494
2024-01-09,94,70.33322
2024-01-10,131,90.54371
2024-01-11,136,95.39431
2024-01-12,102,98.33401
2024-01-13,25,102.17055
2024-01-14,23,88.081024
2024-01-15,75,80.813194
2024-01-16,127,85.80589
2024-01-17,44,87.31123
2024-01-18,68,69.81184
2024-01-19,71,74.33169
2024-01-20,60,82.087654
2024-01-21,30,85.528015
2024-01-22,105,68.67564
2024-01-23,150,85.02532
2024-01-24,167,78.90643
2024-01-25,100,94.69643
2024-01-26,110,91.73825
2024-01-27,84,92.24823
2024-01-28,164,103.18962
2024-01-29,87,80.14616
2024-01-30,103,85.147545
2023-12-03,171,126.35852
2023-12-04,78,123.25032
2023-12-05,159,130.20668
2023-12-06,222,125.3194
2023-12-07,102,116.70638
2023-12-08,73,129.673
2023-12-09,141,119.86798
2023-12-10,71,118.53822
2023-12-11,157,129.53917
2023-12-12,91,120.07641
2023-12-13,170,124.055016
2023-12-14,127,126.51738
2023-12-15,143,127.15741
2023-12-16,107,128.46611
2023-12-17,122,130.16988
2023-12-18,114,128.48071
2023-12-19,148,130.09244
2023-12-20,87,124.76869
2023-12-21,150,121.50686
2023-12-22,198,118.00751
2023-12-23,130,135.73279
2023-12-24,176,123.42847
2023-12-25,134,132.85175
2023-12-26,160,135.08719
2023-12-27,48,124.1772
2023-12-28,86,152.9858
2023-12-29,57,113.13614
2023-12-30,72,110.81519
2023-12-31,67,124.10467
2024-01-01,59,105.10546
2024-01-02,112,98.155334
2024-01-03,85,99.60746
2024-01-04,31,97.40241
2024-01-05,96,89.06201
2024-01-06,110,90.97489
2024-01-07,114,106.923004
2024-01-08,90,106.768074
2024-01-09,63,106.47047
2024-01-10,68,107.33818
2024-01-11,224,103.26314
2024-01-12,173,121.07116
2024-01-13,217,124.113815
2024-01-14,187,134.78346
2024-01-15,168,139.27043
2024-01-16,96,137.10611
2024-01-17,85,144.24837
2024-01-18,185,132.11601
2024-01-19,91,146.82031
2024-01-20,174,148.09814
2024-01-21,88,120.67483
2024-01-22,162,130.38797
2024-01-23,93,131.49837
2024-01-24,92,132.26059
2024-01-25,162,137.88785
2024-01-26,189,116.97386
2024-01-27,134,135.54187
2024-01-28,175,121.67879
2024-01-29,100,109.57855
2024-01-30,84,99.33293
2023-12-03,125,116.76323
2023-12-04,153,128.15187
2023-12-05,163,120.84055
2023-12-06,68,130.07207
2023-12-07,83,126.70803
2023-12-08,132,121.427444
2023-12-09,89,120.07112
2023-12-10,99,108.111565
2023-12-11,74,108.05148
2023-12-12,119,108.94541
2023-12-13,63,112.843605
2023-12-14,115,114.30698
2023-12-15,110,117.296906
2023-12-16,52,114.30264
2023-12-17,123,116.57093
2023-12-18,68,131.09917
2023-12-19,110,118.000015
2023-12-20,55,109.44611
2023-12-21,68,106.130974
2023-12-22,98,111.30215
2023-12-23,84,105.9506
2023-12-24,87,106.39836
2023-12-25,93,105.459564
2023-12-26,163,112.52942
2023-12-27,17,111.110016
2023-12-28,21,124.49777
2023-12-29,29,106.17446
2023-12-30,28,101.631775
2023-12-31,17,101.10459
2024-01-01,26,43.384018
2024-01-02,19,39.775307
2024-01-03,57,49.69479
2024-01-04,50,45.872128
2024-01-05,30,39.456158
2024-01-06,38,40.423637
2024-01-07,7,39.84069
2024-01-08,35,37.9095
2024-01-09,12,54.48045
2024-01-10,130,39.80083
2024-01-11,141,53.890923
2024-01-12,140,82.41923
2024-01-13,107,92.22857
2024-01-14,122,105.73701
2024-01-15,140,106.19589
2024-01-16,124,114.558655
2024-01-17,84,118.796074
2024-01-18,113,110.48153
2024-01-19,145,108.68074
2024-01-20,111,107.317406
2024-01-21,42,109.278595
2024-01-22,128,100.93122
2024-01-23,74,104.54873
2024-01-24,85,104.88465
2024-01-25,147,102.858185
2024-01-26,86,92.87175
2024-01-27,109,89.49597
2024-01-28,29,91.78953
2024-01-29,66,73.916565
2024-01-30,130,63.265747
2023-12-03,110,115.90609
2023-12-04,128,110.69044
2023-12-05,59,114.04793
2023-12-06,191,116.67995
2023-12-07,111,109.881325
2023-12-08,116,120.636665
2023-12-09,155,119.22811
2023-12-10,110,113.079575
2023-12-11,119,120.05003
2023-12-12,136,117.58334
2023-12-13,123,120.84329
2023-12-14,65,120.09857
2023-12-15,97,129.97154
2023-12-16,87,118.19655
2023-12-17,138,122.99927
2023-12-18,94,119.17821
2023-12-19,55,114.87316
2023-12-20,132,111.11229
2023-12-21,173,114.00073
2023-12-22,90,114.24907
2023-12-23,57,105.4172
2023-12-24,127,119.73291
2023-12-25,75,108.193375
2023-12-26,102,113.786674
2023-12-27,5,115.1398
2023-12-28,30,121.80965
2023-12-29,33,87.923416
2023-12-30,26,87.13737
2023-12-31,49,118.27181
2024-01-01,57,47.15612
2024-01-02,41,55.414608
2024-01-03,27,44.821877
2024-01-04,42,44.443996
2024-01-05,26,45.46797
2024-01-06,7,48.35446
2024-01-07,34,40.11225
2024-01-08,10,42.149742
2024-01-09,91,37.605247
2024-01-10,100,48.89884
2024-01-11,140,45.93288
2024-01-12,85,82.79745
2024-01-13,90,88.78932
2024-01-14,46,90.347466
2024-01-15,80,95.60137
2024-01-16,66,89.3651
2024-01-17,84,81.33085
2024-01-18,85,86.860634
2024-01-19,72,78.44058
2024-01-20,79,82.01538
2024-01-21,63,79.01105
2024-01-22,114,75.45807
2024-01-23,179,83.422165
2024-01-24,105,90.5976
2024-01-25,103,93.635
2024-01-26,120,93.91008
2024-01-27,122,95.55588
2024-01-28,111,91.164055
2024-01-29,88,67.534615
2024-01-30,147,68.061554
2023-12-03,142,123.481766
2023-12-04,75,114.31901
2023-12-05,102,123.26514
2023-12-06,98,125.289825
2023-12-07,152,125.82433
2023-12-08,143,131.45827
2023-12-09,110,129.33752
2023-12-10,174,122.3301
2023-12-11,167,139.79608
2023-12-12,121,126.946526
2023-12-13,115,131.49689
2023-12-14,109,134.14897
2023-12-15,164,128.53615
2023-12-16,20,130.4475
2023-12-17,106,141.09633
2023-12-18,141,125.42957
2023-12-19,53,127.10983
2023-12-20,71,117.67381
2023-12-21,166,110.41409
2023-12-22,114,121.58699
2023-12-23,109,127.70472
2023-12-24,199,133.95392
2023-12-25,130,126.36624
2023-12-26,91,125.148506
2023-12-27,74,123.14417
2023-12-28,86,125.618645
2023-12-29,76,110.221214
2023-12-30,59,101.96699
2023-12-31,25,100.92695
2024-01-01,78,91.655914
2024-01-02,80,90.076775
2024-01-03,48,90.482475
2024-01-04,28,84.23463
2024-01-05,64,69.312584
2024-01-06,92,64.35195
2024-01-07,79,97.47039
2024-01-08,67,92.10354
2024-01-09,105,96.09562
2024-01-10,166,97.6966
2024-01-11,76,102.921
2024-01-12,152,95.19378
2024-01-13,158,114.4693
2024-01-14,128,111.69759
2024-01-15,143,123.699585
2024-01-16,131,122.85761
2024-01-17,75,123.09941
2024-01-18,99,120.972244
2024-01-19,81,118.01655
2024-01-20,162,115.12475
2024-01-21,87,111.464264
2024-01-22,65,109.51356
2024-01-23,65,102.86572
2024-01-24,56,97.659096
2024-01-25,145,92.2585
2024-01-26,83,91.72876
2024-01-27,162,94.27802
2024-01-28,123,88.845146
2024-01-29,113,58.60104
2024-01-30,114,72.1486
2023-12-03,106,113.87967
2023-12-04,197,119.7562
2023-12-05,83,108.730316
2023-12-06,108,111.358246
2023-12-07,124,107.393936
2023-12-08,54,108.872025
2023-12-09,102,112.51832
2023-12-10,114,102.285995
2023-12-11,72,101.92301
2023-12-12,151,115.34498
2023-12-13,85,104.77926
2023-12-14,166,111.39421
2023-12-15,192,112.90024
2023-12-16,64,109.56122
2023-12-17,104,116.22107
2023-12-18,106,110.80058
2023-12-19,135,107.87785
2023-12-20,224,106.59728
2023-12-21,150,116.103806
2023-12-22,135,118.57262
2023-12-23,159,123.18149
2023-12-24,133,131.71335
2023-12-25,103,124.30021
2023-12-26,112,128.3764
2023-12-27,53,144.35724
2023-12-28,77,139.77832
2023-12-29,103,115.68041
2023-12-30,128,119.92195
2023-12-31,178,126.8784
2024-01-01,38,127.33765
2024-01-02,120,115.5512
2024-01-03,115,124.91797
2024-01-04,121,123.429985
2024-01-05,212,125.07094
2024-01-06,189,118.46688
2024-01-07,93,126.329994
2024-01-08,191,133.62915
2024-01-09,93,113.41433
2024-01-10,118,132.13159
2024-01-11,107,134.3427
2024-01-12,75,127.518684
2024-01-13,168,119.208466
2024-01-14,111,123.03729
2024-01-15,129,118.7235
2024-01-16,120,130.31395
2024-01-17,155,128.75351
2024-01-18,50,124.75124
2024-01-19,106,135.14374
2024-01-20,116,120.58906
2024-01-21,107,121.276634
2024-01-22,122,120.71811
2024-01-23,88,112.84518
2024-01-24,187,119.7171
2024-01-25,109,117.156044
2024-01-26,135,119.26405
2024-01-27,149,116.435974
2024-01-28,74,118.887856
2024-01-29,166,94.79169
2024-01-30,114,104.00193
2023-12-03,169,129.11734
2023-12-04,162,124.69151
2023-12-05,118,121.0712
2023-12-06,265,125.097466
2023-12-07,179,117.149445
2023-12-08,183,132.22958
2023-12-09,140,122.45297
2023-12-10,165,136.7355
2023-12-11,167,130.51617
2023-12-12,150,132.56116
2023-12-13,239,119.80451
2023-12-14,130,129.28342
2023-12-15,97,116.39783
2023-12-16,69,118.13475
2023-12-17,172,133.7729
2023-12-18,152,117.24686
2023-12-19,106,124.0032
2023-12-20,113,120.9503
2023-12-21,116,130.18768
2023-12-22,70,125.30491
2023-12-23,126,129.31792
2023-12-24,125,131.3299
2023-12-25,60,119.06461
2023-12-26,203,118.59332
2023-12-27,39,129.38002
2023-12-28,59,128.53519
2023-12-29,92,105.91487
2023-12-30,76,113.23341
2023-12-31,68,110.68861
2024-01-01,86,98.2157
2024-01-02,59,107.52368
2024-01-03,73,89.22364
2024-01-04,49,91.25562
2024-01-05,69,98.316
2024-01-06,57,89.09644
2024-01-07,40,86.49684
2024-01-08,47,84.9911
2024-01-09,138,79.223976
2024-01-10,88,106.40196
2024-01-11,175,101.12214
2024-01-12,106,101.604805
2024-01-13,102,108.30206
2024-01-14,81,107.11479
2024-01-15,131,113.76074
2024-01-16,110,115.92168
2024-01-17,161,108.72288
2024-01-18,24,113.64807
2024-01-19,128,106.66107
2024-01-20,106,119.45502
2024-01-21,133,113.19419
2024-01-22,106,118.33662
2024-01-23,121,117.39697
2024-01-24,193,111.73845
2024-01-25,180,113.14253
2024-01-26,94,114.17961
2024-01-27,164,115.78121
2024-01-28,103,119.69549
2024-01-29,138,90.13072
2024-01-30,151,109.743416
2023-12-03,118,128.92908
2023-12-04,131,132.24873
2023-12-05,97,130.04276
2023-12-06,182,128.92938
2023-12-07,109,129.46379
2023-12-08,176,129.88213
2023-12-09,108,127.6757
2023-12-10,146,129.13162
2023-12-11,77,123.15211
2023-12-12,129,119.21974
2023-12-13,144,116.38638
2023-12-14,79,119.95027
2023-12-15,51,119.44013
2023-12-16,52,130.2537
2023-12-17,106,130.00452
2023-12-18,100,117.09393
2023-12-19,38,115.35915
2023-12-20,224,112.489525
2023-12-21,181,109.39854
2023-12-22,104,135.14215
2023-12-23,84,118.63401
2023-12-24,207,126.63454
2023-12-25,4,126.39213
2023-12-26,172,128.77338
2023-12-27,96,127.71958
2023-12-28,123,133.65018
2023-12-29,66,122.029785
2023-12-30,86,115.111046
2023-12-31,95,119.78348
2024-01-01,94,124.112526
2024-01-02,52,114.82917
2024-01-03,58,102.92515
2024-01-04,45,92.63527
2024-01-05,193,87.28665
2024-01-06,75,105.72307
2024-01-07,68,112.43392
2024-01-08,56,99.320076
2024-01-09,161,107.94455
2024-01-10,186,113.748665
2024-01-11,124,127.84322
2024-01-12,116,114.39046
2024-01-13,107,113.476295
2024-01-14,114,110.8522
2024-01-15,119,112.0039
2024-01-16,142,116.23417
2024-01-17,98,113.997
2024-01-18,122,109.7654
2024-01-19,116,123.95953
2024-01-20,58,114.77458
2024-01-21,77,111.65423
2024-01-22,94,112.26328
2024-01-23,96,103.73379
2024-01-24,228,106.465485
2024-01-25,90,120.029976
2024-01-26,18,104.41751
2024-01-27,137,86.20833
2024-01-28,104,102.66041
2024-01-29,94,95.48189
2024-01-30,132,99.20183
2023-12-03,156,124.23714
2023-12-04,94,125.4528
2023-12-05,59,126.83164
2023-12-06,215,127.80665
2023-12-07,169,115.724075
2023-12-08,120,128.55951
2023-12-09,69,125.52885
2023-12-10,67,119.34538
2023-12-11,146,123.13613
2023-12-12,97,127.50333
2023-12-13,103,117.17055
2023-12-14,138,130.36043
2023-12-15,104,126.7665
2023-12-16,66,137.78403
2023-12-17,144,135.00395
2023-12-18,121,119.37263
2023-12-19,124,128.13084
2023-12-20,141,131.4868
2023-12-21,131,120.38964
2023-12-22,73,128.11516
2023-12-23,111,120.70927
2023-12-24,65,129.72215
2023-12-25,131,138.4562
2023-12-26,122,125.725266
2023-12-27,37,143.05083
2023-12-28,64,128.90773
2023-12-29,96,100.78822
2023-12-30,18,111.91342
2023-12-31,31,101.64724
2024-01-01,53,71.78665
2024-01-02,57,71.11742
2024-01-03,40,70.85611
2024-01-04,67,59.206898
2024-01-05,48,67.19151
2024-01-06,108,49.417217
2024-01-07,54,70.99816
2024-01-08,53,71.62766
2024-01-09,56,71.842285
2024-01-10,46,76.51053
2024-01-11,157,71.9686
2024-01-12,72,83.06043
2024-01-13,64,78.467514
2024-01-14,116,91.6517
2024-01-15,87,89.55106
2024-01-16,66,86.273315
2024-01-17,194,84.55008
2024-01-18,108,113.84053
2024-01-19,133,97.50404
2024-01-20,166,118.25878
2024-01-21,75,118.88827
2024-01-22,141,117.41424
2024-01-23,102,121.117004
2024-01-24,81,107.48407
2024-01-25,106,117.09436
2024-01-26,91,104.76655
2024-01-27,101,103.112656
2024-01-28,106,93.35826
2024-01-29,114,78.085464
2024-01-30,134,70.74476
2023-12-03,100,91.08804
2023-12-04,92,109.790886
2023-12-05,57,108.77493
2023-12-06,72,114.55553
2023-12-07,93,105.419266
2023-12-08,78,112.36661
2023-12-09,85,108.905754
2023-12-10,73,98.555176
2023-12-11,54,96.288414
2023-12-12,79,97.58486
2023-12-13,89,96.95457
2023-12-14,82,100.15992
2023-12-15,113,97.88794
2023-12-16,77,100.396126
2023-12-17,122,100.79511
2023-12-18,55,103.27375
2023-12-19,79,105.26418
2023-12-20,49,95.61998
2023-12-21,37,94.88709
2023-12-22,102,83.30678
2023-12-23,81,91.86231
2023-12-24,53,84.63372
2023-12-25,76,91.0716
2023-12-26,113,88.359215
2023-12-27,30,89.12754
2023-12-28,43,83.45541
2023-12-29,29,80.940384
2023-12-30,44,81.18782
2023-12-31,37,78.74991
2024-01-01,23,49.207485
2024-01-02,28,42.7443
2024-01-03,35,45.063118
2024-01-04,22,46.452408
2024-01-05,46,42.381096
2024-01-06,35,41.060326
2024-01-07,41,40.052525
2024-01-08,22,40.190323
2024-01-09,139,39.577396
2024-01-10,67,56.666912
2024-01-11,87,55.34791
2024-01-12,102,75.445366
2024-01-13,69,83.41653
2024-01-14,58,78.740906
2024-01-15,98,93.01772
2024-01-16,106,79.84595
2024-01-17,66,79.80067
2024-01-18,91,81.24223
2024-01-19,87,76.919945
2024-01-20,133,75.16142
2024-01-21,92,86.33387
2024-01-22,94,90.17131
2024-01-23,109,89.03966
2024-01-24,111,86.82648
2024-01-25,85,87.02781
2024-01-26,93,88.10045
2024-01-27,107,85.77025
2024-01-28,112,83.08902
2024-01-29,43,50.550232
2024-01-30,49,49.86681
2023-12-03,113,132.05255
2023-12-04,141,130.0342
2023-12-05,138,127.79001
2023-12-06,80,135.63637
2023-12-07,132,132.69476
2023-12-08,140,129.67625
2023-12-09,93,122.161674
2023-12-10,149,129.73145
2023-12-11,94,135.10893
2023-12-12,137,126.03865
2023-12-13,117,132.15775
2023-12-14,102,127.04167
2023-12-15,105,134.17743
2023-12-16,152,143.60936
2023-12-17,152,127.47953
2023-12-18,106,130.45032
2023-12-19,116,137.64987
2023-12-20,15,133.71536
2023-12-21,153,151.44977
2023-12-22,125,126.53267
2023-12-23,141,119.00198
2023-12-24,157,127.129
2023-12-25,129,126.65186
2023-12-26,55,132.89209
2023-12-27,85,149.60469
2023-12-28,92,120.88301
2023-12-29,45,114.73592
2023-12-30,72,118.565285
2023-12-31,105,104.6572
2024-01-01,67,92.45238
2024-01-02,82,96.42939
2024-01-03,36,95.660934
2024-01-04,85,97.32192
2024-01-05,95,89.71752
2024-01-06,90,90.8308
2024-01-07,140,99.42855
2024-01-08,69,106.6145
2024-01-09,162,105.36027
2024-01-10,117,107.06646
2024-01-11,83,104.48841
2024-01-12,88,108.6268
2024-01-13,124,96.68335
2024-01-14,151,100.74182
2024-01-15,87,112.70664
2024-01-16,148,112.224625
2024-01-17,144,103.96142
2024-01-18,111,114.197334
2024-01-19,137,112.31255
2024-01-20,206,110.093346
2024-01-21,112,126.14037
2024-01-22,174,116.73355
2024-01-23,57,125.87126
2024-01-24,70,112.47419
2024-01-25,220,110.72417
2024-01-26,52,113.46848
2024-01-27,152,110.786316
2024-01-28,121,103.00534
2024-01-29,109,89.35821
2024-01-30,121,93.43988
2023-12-03,185,124.24029
2023-12-04,124,132.19426
2023-12-05,121,126.81034
2023-12-06,94,135.12854
2023-12-07,42,129.62471
2023-12-08,79,131.44621
2023-12-09,137,125.677376
2023-12-10,142,119.6069
2023-12-11,198,121.884865
2023-12-12,167,132.30046
2023-12-13,104,118.44921
2023-12-14,124,125.60245
2023-12-15,97,129.81618
2023-12-16,153,129.57455
2023-12-17,108,142.79124
2023-12-18,99,124.21093
2023-12-19,168,123.73526
2023-12-20,171,117.34816
2023-12-21,211,122.83729
2023-12-22,141,121.90064
2023-12-23,220,125.985405
2023-12-24,130,129.08586
2023-12-25,70,120.36327
2023-12-26,63,127.7189
2023-12-27,66,131.20464
2023-12-28,79,143.7143
2023-12-29,69,105.45266
2023-12-30,86,118.34328
2023-12-31,73,106.21537
2024-01-01,115,95.86325
2024-01-02,128,126.362206
2024-01-03,64,120.9491
2024-01-04,101,109.69865
2024-01-05,135,103.30006
2024-01-06,62,115.85787
2024-01-07,78,107.17137
2024-01-08,25,103.85394
2024-01-09,127,95.59534
2024-01-10,119,108.69754
2024-01-11,66,117.8099
2024-01-12,112,95.39281
2024-01-13,92,101.95627
2024-01-14,183,105.56203
2024-01-15,154,129.34386
2024-01-16,144,114.07806
2024-01-17,75,120.696144
2024-01-18,172,123.13143
2024-01-19,160,125.29543
2024-01-20,151,124.05547
2024-01-21,218,131.57587
2024-01-22,86,122.675514
2024-01-23,115,125.658
2024-01-24,104,122.80709
2024-01-25,115,137.56648
2024-01-26,128,117.32867
2024-01-27,65,115.99621
2024-01-28,138,123.94731
2024-01-29,96,91.57087
2024-01-30,157,92.26344
2023-12-03,128,123.364784
2023-12-04,160,126.36353
2023-12-05,96,123.9544
2023-12-06,144,130.97156
2023-12-07,70,130.50519
2023-12-08,49,126.99315
2023-12-09,50,126.921906
2023-12-10,93,106.11906
2023-12-11,78,111.81313
2023-12-12,87,115.46368
2023-12-13,90,110.524536
2023-12-14,73,107.89236
2023-12-15,49,109.22209
2023-12-16,189,105.00258
2023-12-17,184,115.12526
2023-12-18,124,124.25435
2023-12-19,92,126.382576
2023-12-20,138,127.29831
2023-12-21,142,114.51768
2023-12-22,91,131.36595
2023-12-23,75,124.21748
2023-12-24,167,109.98808
2023-12-25,91,113.017456
2023-12-26,105,117.27688
2023-12-27,122,117.03642
2023-12-28,78,125.09777
2023-12-29,94,109.30932
2023-12-30,118,109.75774
2023-12-31,75,99.2554
2024-01-01,58,111.79861
2024-01-02,18,112.52119
2024-01-03,78,111.22952
2024-01-04,69,90.08144
2024-01-05,61,95.13094
2024-01-06,41,84.28895
2024-01-07,88,71.85202
2024-01-08,46,74.09881
2024-01-09,150,75.50148
2024-01-10,100,109.66361
2024-01-11,111,100.88496
2024-01-12,142,103.09561
2024-01-13,226,106.56471
2024-01-14,115,120.55012
2024-01-15,101,131.01898
2024-01-16,88,116.93945
2024-01-17,79,136.55194
2024-01-18,142,130.16649
2024-01-19,93,124.77078
2024-01-20,237,106.38933
2024-01-21,68,116.80327
2024-01-22,188,119.32811
2024-01-23,112,126.93027
2024-01-24,154,124.91897
2024-01-25,188,122.240974
2024-01-26,146,130.89186
2024-01-27,183,126.56955
2024-01-28,126,116.41052
2024-01-29,81,104.49295
2024-01-30,134,104.67461
2023-12-03,152,127.008064
2023-12-04,129,130.27997
2023-12-05,100,132.63506
2023-12-06,109,122.95923
2023-12-07,103,130.16486
2023-12-08,156,117.24307
2023-12-09,53,127.19783
2023-12-10,97,117.87066
2023-12-11,112,114.230095
2023-12-12,165,118.18412
2023-12-13,74,137.71523
2023-12-14,86,128.23087
2023-12-15,123,126.87647
2023-12-16,105,143.323
2023-12-17,99,131.68443
2023-12-18,221,124.56176
2023-12-19,65,124.19531
2023-12-20,54,122.35036
2023-12-21,132,121.28732
2023-12-22,158,122.279205
2023-12-23,105,121.874695
2023-12-24,82,119.600945
2023-12-25,34,120.026566
2023-12-26,246,117.76394
2023-12-27,74,122.270905
2023-12-28,39,130.69653
2023-12-29,63,121.69277
2023-12-30,40,97.002174
2023-12-31,99,112.177734
2024-01-01,49,108.51164
2024-01-02,65,86.51576
2024-01-03,38,93.33971
2024-01-04,92,74.65908
2024-01-05,75,90.214165
2024-01-06,64,89.48087
2024-01-07,19,89.28738
2024-01-08,76,61.826775
2024-01-09,73,84.71664
2024-01-10,139,79.56317
2024-01-11,59,100.651115
2024-01-12,167,76.40391
2024-01-13,119,95.65301
2024-01-14,123,97.41305
2024-01-15,100,116.940346
2024-01-16,124,107.994156
2024-01-17,105,109.17664
2024-01-18,205,115.66215
2024-01-19,57,114.742165
2024-01-20,99,110.2353
2024-01-21,135,109.743164
2024-01-22,156,114.66732
2024-01-23,111,116.050705
2024-01-24,82,110.5178
2024-01-25,151,117.48897
2024-01-26,157,109.89446
2024-01-27,88,106.77493
2024-01-28,65,111.04883
2024-01-29,111,91.90671
2024-01-30,124,84.4046
2023-12-03,91,78.44759
2023-12-04,77,80.15135
2023-12-05,41,80.82098
2023-12-06,142,74.695305
2023-12-07,34,79.26165
2023-12-08,110,78.59685
2023-12-09,35,84.13332
2023-12-10,74,78.04951
2023-12-11,61,82.82701
2023-12-12,117,83.04196
2023-12-13,87,84.19866
2023-12-14,88,81.35928
2023-12-15,91,81.79894
2023-12-16,68,84.09328
2023-12-17,74,87.708206
2023-12-18,82,88.264366
2023-12-19,59,79.11737
2023-12-20,130,84.92191
2023-12-21,103,82.50118
2023-12-22,109,84.54879
2023-12-23,91,84.1675
2023-12-24,87,82.627014
2023-12-25,65,83.16563
2023-12-26,67,86.739944
2023-12-27,52,88.9975
2023-12-28,36,93.14093
2023-12-29,43,72.07498
2023-12-30,10,81.16195
2023-12-31,51,81.95888
2024-01-01,16,51.16503
2024-01-02,27,47.109
2024-01-03,27,44.051594
2024-01-04,13,34.00218
2024-01-05,15,42.15279
2024-01-06,34,40.274895
2024-01-07,20,40.888245
2024-01-08,18,40.414715
2024-01-09,50,39.547474
2024-01-10,69,40.678055
2024-01-11,120,37.257984
2024-01-12,94,40.318905
2024-01-13,109,81.66066
2024-01-14,65,78.927315
2024-01-15,68,87.94444
2024-01-16,70,90.24879
2024-01-17,95,83.05198
2024-01-18,87,83.01282
2024-01-19,79,76.82024
2024-01-20,101,77.22162
2024-01-21,61,80.40248
2024-01-22,129,83.10631
2024-01-23,101,82.57988
2024-01-24,79,82.39708
2024-01-25,64,82.06494
2024-01-26,118,77.06825
2024-01-27,117,80.74954
2024-01-28,131,85.843185
2024-01-29,77,65.55234
2024-01-30,118,55.928177
2023-12-03,122,83.053246
2023-12-04,54,88.32188
2023-12-05,92,85.2235
2023-12-06,97,96.154884
2023-12-07,48,90.840324
2023-12-08,70,90.52998
2023-12-09,56,87.36567
2023-12-10,104,79.937584
2023-12-11,78,81.26912
2023-12-12,77,81.04678
2023-12-13,80,85.13535
2023-12-14,58,83.53745
2023-12-15,45,82.80441
2023-12-16,18,80.67996
2023-12-17,67,79.56319
2023-12-18,114,82.41529
2023-12-19,120,82.387276
2023-12-20,117,82.92453
2023-12-21,101,82.40174
2023-12-22,82,83.95335
2023-12-23,102,86.11657
2023-12-24,54,84.579865
2023-12-25,55,99.90914
2023-12-26,103,93.88998
2023-12-27,49,88.71019
2023-12-28,40,89.32213
2023-12-29,30,77.54153
2023-12-30,42,75.46767
2023-12-31,15,72.86439
2024-01-01,26,42.24264
2024-01-02,21,46.123245
2024-01-03,50,40.860245
2024-01-04,42,38.645844
2024-01-05,71,39.749603
2024-01-06,45,38.85231
2024-01-07,21,42.52405
2024-01-08,23,40.97251
2024-01-09,53,39.219166
2024-01-10,61,42.786808
2024-01-11,69,45.26335
2024-01-12,77,45.923008
2024-01-13,58,47.87475
2024-01-14,67,61.80369
2024-01-15,92,73.647224
2024-01-16,49,68.8115
2024-01-17,40,73.69046
2024-01-18,73,72.72247
2024-01-19,92,73.0112
2024-01-20,111,70.238884
2024-01-21,68,77.64034
2024-01-22,102,80.05359
2024-01-23,100,79.21373
2024-01-24,59,80.039734
2024-01-25,102,79.90068
2024-01-26,114,76.16293
2024-01-27,16,79.7204
2024-01-28,97,61.29526
2024-01-29,79,46.203148
2024-01-30,90,55.54197
2023-12-03,166,120.45017
2023-12-04,163,125.15392
2023-12-05,121,135.23181
2023-12-06,174,132.51031
2023-12-07,143,137.05994
2023-12-08,106,123.333565
2023-12-09,67,130.99165
2023-12-10,107,120.77169
2023-12-11,122,119.94222
2023-12-12,77,132.63007
2023-12-13,153,123.90766
2023-12-14,112,121.6174
2023-12-15,54,126.49861
2023-12-16,94,133.33714
2023-12-17,127,132.95259
2023-12-18,19,130.47571
2023-12-19,93,126.01232
2023-12-20,65,114.2935
2023-12-21,190,111.27513
2023-12-22,123,112.39549
2023-12-23,196,121.3841
2023-12-24,83,124.25486
2023-12-25,115,133.11028
2023-12-26,126,127.521576
2023-12-27,91,124.78871
2023-12-28,88,122.54689
2023-12-29,69,114.14692
2023-12-30,53,105.04966
2023-12-31,135,110.175415
2024-01-01,99,99.7892
2024-01-02,29,115.27353
2024-01-03,93,103.759575
2024-01-04,45,96.01404
2024-01-05,94,93.55166
2024-01-06,84,100.03274
2024-01-07,86,97.412994
2024-01-08,82,100.338936
2024-01-09,140,100.275276
2024-01-10,104,109.4357
2024-01-11,185,112.48623
2024-01-12,150,111.69053
2024-01-13,117,114.50513
2024-01-14,85,120.24665
2024-01-15,128,120.57969
2024-01-16,114,118.778984
2024-01-17,128,121.68772
2024-01-18,156,117.82794
2024-01-19,151,118.9877
2024-01-20,147,130.2231
2024-01-21,107,119.9871
2024-01-22,184,110.072845
2024-01-23,103,121.9346
2024-01-24,128,118.90457
2024-01-25,154,117.16916
2024-01-26,114,115.49122
2024-01-27,66,112.66255
2024-01-28,188,103.62444
2024-01-29,81,95.606834
2024-01-30,132,98.162506
2023-12-03,121,109.49486
2023-12-04,203,108.83715
2023-12-05,128,122.88977
2023-12-06,182,124.66671
2023-12-07,175,139.31308
2023-12-08,146,134.82132
2023-12-09,106,135.36086
2023-12-10,60,124.89114
2023-12-11,106,125.70601
2023-12-12,109,121.75212
2023-12-13,199,124.072296
2023-12-14,118,121.344765
2023-12-15,172,128.46252
2023-12-16,144,124.97079
2023-12-17,142,127.805244
2023-12-18,295,132.46146
2023-12-19,119,150.47394
2023-12-20,95,131.28775
2023-12-21,148,124.36317
2023-12-22,161,130.41342
2023-12-23,223,119.43307
2023-12-24,147,150.52452
2023-12-25,111,134.82257
2023-12-26,119,127.02736
2023-12-27,155,140.56021
2023-12-28,172,138.54532
2023-12-29,122,113.509926
2023-12-30,204,108.10624
2023-12-31,106,120.54851
2024-01-01,56,142.49477
2024-01-02,122,128.54791
2024-01-03,58,124.785675
2024-01-04,116,121.571526
2024-01-05,248,126.11903
2024-01-06,98,139.24876
2024-01-07,102,128.28098
2024-01-08,119,142.55841
2024-01-09,71,122.300514
2024-01-10,109,140.48828
2024-01-11,181,125.24573
2024-01-12,127,133.65019
2024-01-13,125,132.60654
2024-01-14,214,131.7457
2024-01-15,126,138.70496
2024-01-16,104,141.43706
2024-01-17,77,132.27658
2024-01-18,139,125.916145
2024-01-19,75,134.17462
2024-01-20,98,132.68022
2024-01-21,97,119.5587
2024-01-22,119,124.35103
2024-01-23,142,124.67599
2024-01-24,115,125.54563
2024-01-25,158,116.17659
2024-01-26,69,116.647545
2024-01-27,114,117.29893
2024-01-28,161,116.38358
2024-01-29,109,89.242325
2024-01-30,96,98.17966
2023-12-03,106,113.51036
2023-12-04,231,111.76834
2023-12-05,117,117.727684
2023-12-06,65,120.56798
2023-12-07,131,120.552
2023-12-08,189,131.9591
2023-12-09,101,136.26413
2023-12-10,75,119.43026
2023-12-11,80,122.79024
2023-12-12,146,112.148346
2023-12-13,125,134.02797
2023-12-14,99,113.81266
2023-12-15,203,118.6004
2023-12-16,137,133.66565
2023-12-17,53,122.64961
2023-12-18,110,132.08064
2023-12-19,144,112.77221
2023-12-20,99,112.842224
2023-12-21,131,117.76997
2023-12-22,135,113.34921
2023-12-23,108,118.39097
2023-12-24,193,118.70966
2023-12-25,155,118.18764
2023-12-26,191,127.90791
2023-12-27,85,128.46922
2023-12-28,90,141.29567
2023-12-29,70,111.32217
2023-12-30,80,122.50841
2023-12-31,82,132.06528
2024-01-01,31,116.78606
2024-01-02,101,112.490425
2024-01-03,90,107.26734
2024-01-04,124,96.430466
2024-01-05,39,111.28769
2024-01-06,80,104.46046
2024-01-07,75,101.56951
2024-01-08,106,114.69019
2024-01-09,128,110.157906
2024-01-10,128,114.65548
2024-01-11,199,104.573006
2024-01-12,85,126.1991
2024-01-13,112,124.79915
2024-01-14,4,123.58975
2024-01-15,192,123.774734
2024-01-16,117,115.16486
2024-01-17,78,121.49893
2024-01-18,95,99.45169
2024-01-19,116,109.5568
2024-01-20,115,108.44788
2024-01-21,63,119.3839
2024-01-22,152,115.09145
2024-01-23,65,99.160286
2024-01-24,115,112.549034
2024-01-25,135,101.24047
2024-01-26,86,123.59834
2024-01-27,120,102.41297
2024-01-28,175,104.740456
2024-01-29,171,87.33723
2024-01-30,123,109.020164
2023-12-03,85,126.51698
2023-12-04,109,122.85345
2023-12-05,163,121.3443
2023-12-06,97,120.90328
2023-12-07,78,112.937386
2023-12-08,93,117.85
2023-12-09,82,115.10243
2023-12-10,128,116.856995
2023-12-11,84,122.0706
2023-12-12,99,122.39944
2023-12-13,188,116.86486
2023-12-14,143,119.488945
2023-12-15,155,119.03757
2023-12-16,194,116.50675
2023-12-17,143,115.64689
2023-12-18,44,123.754196
2023-12-19,195,128.4212
2023-12-20,238,119.103226
2023-12-21,226,123.533905
2023-12-22,107,135.68672
2023-12-23,116,115.22245
2023-12-24,126,124.83959
2023-12-25,128,127.78168
2023-12-26,85,124.42314
2023-12-27,103,131.0511
2023-12-28,91,149.45691
2023-12-29,46,115.08247
2023-12-30,69,109.77489
2023-12-31,50,125.40099
2024-01-01,115,101.81471
2024-01-02,94,112.03667
2024-01-03,104,114.26191
2024-01-04,56,105.18358
2024-01-05,54,89.0506
2024-01-06,50,91.6433
2024-01-07,86,98.00774
2024-01-08,63,98.76578
2024-01-09,80,95.60839
2024-01-10,132,103.10637
2024-01-11,83,98.314316
2024-01-12,61,101.84597
2024-01-13,102,102.40249
2024-01-14,211,101.369446
2024-01-15,197,136.15884
2024-01-16,11,125.7678
2024-01-17,107,93.53886
2024-01-18,113,119.406555
2024-01-19,41,119.05881
2024-01-20,68,117.53793
2024-01-21,42,100.335785
2024-01-22,84,98.41968
2024-01-23,79,88.21766
2024-01-24,110,91.85355
2024-01-25,105,97.71961
2024-01-26,108,92.70445
2024-01-27,170,104.088554
2024-01-28,97,100.33235
2024-01-29,137,101.52208
2024-01-30,57,105.704926
2023-12-03,86,104.47248
2023-12-04,52,99.84728
2023-12-05,91,100.96587
2023-12-06,168,105.47133
2023-12-07,79,106.640854
2023-12-08,68,102.11761
2023-12-09,93,107.255974
2023-12-10,44,103.19504
2023-12-11,79,114.107666
2023-12-12,97,93.7732
2023-12-13,110,103.10409
2023-12-14,106,105.93386
2023-12-15,145,104.37121
2023-12-16,115,104.147285
2023-12-17,76,105.46919
2023-12-18,72,107.22081
2023-12-19,142,102.30695
2023-12-20,92,118.8763
2023-12-21,108,103.846985
2023-12-22,44,108.94972
2023-12-23,56,109.37363
2023-12-24,88,106.3371
2023-12-25,75,108.49452
2023-12-26,85,111.985146
2023-12-27,55,119.0321
2023-12-28,28,87.58946
2023-12-29,20,79.188126
2023-12-30,34,93.49297
2023-12-31,6,96.73959
2024-01-01,24,44.844494
2024-01-02,58,47.563
2024-01-03,16,37.627647
2024-01-04,30,35.07299
2024-01-05,73,46.768867
2024-01-06,32,43.39156
2024-01-07,39,41.18157
2024-01-08,50,41.37507
2024-01-09,60,42.08784
2024-01-10,96,47.852764
2024-01-11,87,49.13015
2024-01-12,39,66.97276
2024-01-13,59,65.20179
2024-01-14,72,74.60289
2024-01-15,53,74.7008
2024-01-16,51,74.19625
2024-01-17,51,71.57651
2024-01-18,52,62.46598
2024-01-19,80,61.03812
2024-01-20,70,59.95587
2024-01-21,33,67.89245
2024-01-22,75,52.245243
2024-01-23,77,73.48166
2024-01-24,116,76.846596
2024-01-25,68,76.9882
2024-01-26,106,79.933105
2024-01-27,73,78.683846
2024-01-28,126,80.75139
2024-01-29,74,60.90366
2024-01-30,59,65.23288
2023-12-03,116,131.09789
2023-12-04,120,131.40556
2023-12-05,4,137.83197
2023-12-06,217,149.05263
2023-12-07,208,129.10487
2023-12-08,133,126.561584
2023-12-09,160,133.28256
2023-12-10,125,116.83701
2023-12-11,69,129.76854
2023-12-12,134,133.36913
2023-12-13,64,132.20332
2023-12-14,116,127.86236
2023-12-15,88,130.82202
2023-12-16,175,127.60566
2023-12-17,133,132.72058
2023-12-18,130,134.78743
2023-12-19,102,115.50483
2023-12-20,89,119.59361
2023-12-21,92,118.928345
2023-12-22,157,132.44861
2023-12-23,86,113.99051
2023-12-24,90,123.93071
2023-12-25,209,122.75932
2023-12-26,111,131.5213
2023-12-27,65,129.20328
2023-12-28,82,135.60258
2023-12-29,56,115.57848
2023-12-30,116,124.12004
2023-12-31,59,117.7667
2024-01-01,101,110.02484
2024-01-02,33,99.44857
2024-01-03,69,91.88401
2024-01-04,76,106.527
2024-01-05,74,93.00724
2024-01-06,82,89.37824
2024-01-07,90,88.62375
2024-01-08,100,103.363075
2024-01-09,94,105.52578
2024-01-10,164,102.57066
2024-01-11,188,107.77805
2024-01-12,147,111.221725
2024-01-13,144,117.928085
2024-01-14,143,123.09153
2024-01-15,168,128.73863
2024-01-16,121,118.44708
2024-01-17,136,130.32903
2024-01-18,178,127.493385
2024-01-19,95,133.5649
2024-01-20,201,129.84529
2024-01-21,122,123.89409
2024-01-22,120,128.04315
2024-01-23,162,123.60692
2024-01-24,140,118.64637
2024-01-25,95,129.41327
2024-01-26,216,122.91969
2024-01-27,158,111.129295
2024-01-28,136,131.50548
2024-01-29,132,100.78606
2024-01-30,132,101.3533
2023-12-03,76,121.06765
2023-12-04,30,120.17015
2023-12-05,185,114.381485
2023-12-06,154,111.71932
2023-12-07,100,122.05022
2023-12-08,33,113.295296
2023-12-09,104,110.49901
2023-12-10,104,114.1656
2023-12-11,150,109.92997
2023-12-12,136,108.64249
2023-12-13,116,117.43704
2023-12-14,96,111.87723
2023-12-15,179,122.62644
2023-12-16,76,124.1886
2023-12-17,206,122.511665
2023-12-18,111,122.58144
2023-12-19,167,120.315895
2023-12-20,105,118.1344
2023-12-21,129,119.13072
2023-12-22,122,121.94129
2023-12-23,88,122.22925
2023-12-24,84,122.20696
2023-12-25,162,125.64178
2023-12-26,157,128.33455
2023-12-27,116,119.14798
2023-12-28,193,131.723
2023-12-29,82,121.58238
2023-12-30,134,104.17076
2023-12-31,71,113.009445
2024-01-01,141,122.27888
2024-01-02,204,135.37923
2024-01-03,160,121.66984
2024-01-04,81,129.73169
2024-01-05,128,129.13904
2024-01-06,113,122.711365
2024-01-07,110,132.56177
2024-01-08,127,120.086685
2024-01-09,53,125.49025
2024-01-10,85,119.21749
2024-01-11,91,117.75197
2024-01-12,93,117.55872
2024-01-13,189,120.26606
2024-01-14,67,123.22179
2024-01-15,105,115.07611
2024-01-16,117,128.1868
2024-01-17,103,130.53133
2024-01-18,101,121.10165
2024-01-19,148,114.41869
2024-01-20,198,120.596214
2024-01-21,106,124.20049
2024-01-22,31,123.0869
2024-01-23,80,120.4829
2024-01-24,101,117.92115
2024-01-25,105,116.06452
2024-01-26,151,114.16145
2024-01-27,222,117.78105
2024-01-28,153,108.327354
2024-01-29,56,93.12391
2024-01-30,98,96.17963
2023-12-03,96,127.26953
2023-12-04,129,121.097084
2023-12-05,81,115.93331
2023-12-06,169,123.57268
2023-12-07,177,125.310486
2023-12-08,125,123.68234
2023-12-09,96,122.38113
2023-12-10,145,117.71035
2023-12-11,63,125.79011
2023-12-12,100,128.93477
2023-12-13,89,124.62113
2023-12-14,95,123.55163
2023-12-15,50,122.510345
2023-12-16,129,134.71944
2023-12-17,61,120.71136
2023-12-18,105,125.3217
2023-12-19,128,118.386925
2023-12-20,141,117.80463
2023-12-21,71,122.72371
2023-12-22,73,114.79097
2023-12-23,130,120.79646
2023-12-24,122,124.33709
2023-12-25,94,128.07191
2023-12-26,91,127.88492
2023-12-27,43,132.67307
2023-12-28,55,122.46911
2023-12-29,63,108.14059
2023-12-30,89,105.07502
2023-12-31,56,109.833015
2024-01-01,129,89.89721
2024-01-02,63,99.83562
2024-01-03,71,98.437775
2024-01-04,113,93.831085
2024-01-05,33,96.822205
2024-01-06,103,88.64743
2024-01-07,63,100.75594
2024-01-08,149,83.45984
2024-01-09,150,94.84885
2024-01-10,154,105.783264
2024-01-11,105,107.53191
2024-01-12,100,109.20314
2024-01-13,65,105.37471
2024-01-14,73,109.6486
2024-01-15,92,104.2302
2024-01-16,55,97.81691
2024-01-17,30,98.07488
2024-01-18,101,90.084404
2024-01-19,80,89.266785
2024-01-20,89,83.034676
2024-01-21,87,83.91462
2024-01-22,157,76.34919
2024-01-23,119,91.165306
2024-01-24,121,89.67792
2024-01-25,191,93.990364
2024-01-26,140,96.48352
2024-01-27,87,106.72249
2024-01-28,223,107.12353
2024-01-29,118,93.04998
2024-01-30,98,111.10158
2023-12-03,70,112.907005
2023-12-04,101,112.31475
2023-12-05,39,120.483
2023-12-06,201,123.75004
2023-12-07,160,122.29937
2023-12-08,128,140.25557
2023-12-09,198,117.97116
2023-12-10,139,122.07304
2023-12-11,89,120.33928
2023-12-12,120,132.69405
2023-12-13,61,141.4852
2023-12-14,138,124.300064
2023-12-15,15,118.35154
2023-12-16,220,138.74614
2023-12-17,110,138.24461
2023-12-18,154,131.07468
2023-12-19,124,122.06399
2023-12-20,70,129.96204
2023-12-21,101,119.29891
2023-12-22,120,128.38608
2023-12-23,128,119.0825
2023-12-24,221,134.78645
2023-12-25,58,131.4137
2023-12-26,153,133.9164
2023-12-27,105,129.28273
2023-12-28,55,133.70097
2023-12-29,26,140.61572
2023-12-30,105,121.72588
2023-12-31,116,105.1998
2024-01-01,42,114.5298
2024-01-02,46,87.65129
2024-01-03,75,88.59051
2024-01-04,88,88.019585
2024-01-05,50,91.85919
2024-01-06,72,88.39574
2024-01-07,77,100.85934
2024-01-08,39,94.53788
2024-01-09,116,100.158066
2024-01-10,125,95.02068
2024-01-11,98,98.21056
2024-01-12,107,108.25295
2024-01-13,210,107.33704
2024-01-14,146,114.66725
2024-01-15,157,123.21243
2024-01-16,158,120.84318
2024-01-17,81,130.72588
2024-01-18,38,121.37419
2024-01-19,103,116.33441
2024-01-20,116,116.160446
2024-01-21,52,113.247314
2024-01-22,69,113.46114
2024-01-23,86,95.6216
2024-01-24,76,90.83436
2024-01-25,152,90.46416
2024-01-26,94,96.9343
2024-01-27,218,92.627144
2024-01-28,156,101.72461
2024-01-29,89,98.5014
2024-01-30,154,101.47614
2023-12-03,39,79.914154
2023-12-04,101,80.53747
2023-12-05,130,89.05756
2023-12-06,58,86.01317
2023-12-07,51,88.71973
2023-12-08,42,82.57696
2023-12-09,63,80.37187
2023-12-10,57,76.86125
2023-12-11,48,78.293755
2023-12-12,117,75.34269
2023-12-13,98,84.091
2023-12-14,111,82.717384
2023-12-15,50,88.003624
2023-12-16,51,84.61079
2023-12-17,121,85.07166
2023-12-18,93,88.64349
2023-12-19,112,89.55831
2023-12-20,105,86.08365
2023-12-21,85,82.30627
2023-12-22,72,85.35085
2023-12-23,71,83.28059
2023-12-24,35,87.49885
2023-12-25,59,87.793106
2023-12-26,106,100.73184
2023-12-27,42,84.94755
2023-12-28,52,87.91338
2023-12-29,22,78.39202
2023-12-30,38,80.30284
2023-12-31,30,84.581924
2024-01-01,49,50.899754
2024-01-02,18,57.467896
2024-01-03,51,42.39537
2024-01-04,34,46.375683
2024-01-05,37,43.50834
2024-01-06,28,41.867958
2024-01-07,46,41.251625
2024-01-08,6,39.279804
2024-01-09,49,40.71049
2024-01-10,79,37.009087
2024-01-11,103,40.67257
2024-01-12,47,52.970196
2024-01-13,66,49.286053
2024-01-14,96,60.604237
2024-01-15,71,72.53894
2024-01-16,140,83.37603
2024-01-17,120,81.85881
2024-01-18,46,86.07715
2024-01-19,76,80.202705
2024-01-20,81,81.18865
2024-01-21,101,83.40917
2024-01-22,44,87.721954
2024-01-23,72,79.71229
2024-01-24,78,76.32455
2024-01-25,96,75.98203
2024-01-26,109,77.12262
2024-01-27,83,78.07821
2024-01-28,73,82.60254
2024-01-29,83,55.04519
2024-01-30,69,53.21652
2023-12-03,118,106.86122
2023-12-04,59,100.59125
2023-12-05,175,98.12155
2023-12-06,271,110.71213
2023-12-07,187,130.4472
2023-12-08,161,130.42433
2023-12-09,123,137.04333
2023-12-10,137,120.132095
2023-12-11,192,137.02328
2023-12-12,142,152.0447
2023-12-13,178,122.95509
2023-12-14,93,127.95727
2023-12-15,74,133.98224
2023-12-16,77,134.15015
2023-12-17,121,128.71779
2023-12-18,112,130.81122
2023-12-19,113,125.78184
2023-12-20,88,112.396866
2023-12-21,162,127.785736
2023-12-22,90,124.18153
2023-12-23,45,133.38254
2023-12-24,89,142.84827
2023-12-25,140,120.684586
2023-12-26,111,113.11372
2023-12-27,131,110.52948
2023-12-28,103,136.82642
2023-12-29,107,114.76636
2023-12-30,40,115.43463
2023-12-31,143,119.37978
2024-01-01,121,115.07485
2024-01-02,166,133.12495
2024-01-03,115,130.56508
2024-01-04,116,127.33603
2024-01-05,188,114.9485
2024-01-06,195,130.45467
2024-01-07,110,121.11773
2024-01-08,132,138.26553
2024-01-09,82,131.215
2024-01-10,125,130.08455
2024-01-11,142,124.47209
2024-01-12,101,123.48607
2024-01-13,118,130.02419
2024-01-14,89,138.99376
2024-01-15,88,120.96391
2024-01-16,169,130.03778
2024-01-17,99,123.30425
2024-01-18,110,120.149666
2024-01-19,60,126.77091
2024-01-20,192,116.169266
2024-01-21,84,121.55646
2024-01-22,97,120.422615
2024-01-23,99,118.670235
2024-01-24,176,115.634285
2024-01-25,189,119.46824
2024-01-26,168,115.309525
2024-01-27,175,119.50733
2024-01-28,82,114.6861
2024-01-29,42,106.697205
2024-01-30,127,82.83929
2023-12-03,130,128.83769
2023-12-04,36,124.78836
2023-12-05,55,116.93478
2023-12-06,143,109.402824
2023-12-07,180,113.20957
2023-12-08,77,121.457504
2023-12-09,250,114.81118
2023-12-10,139,111.6206
2023-12-11,59,131.94366
2023-12-12,96,133.53291
2023-12-13,118,132.66743
2023-12-14,106,115.032776
2023-12-15,129,146.71461
2023-12-16,159,122.483246
2023-12-17,162,118.891815
2023-12-18,167,124.03573
2023-12-19,82,116.24929
2023-12-20,120,132.3028
2023-12-21,209,130.59459
2023-12-22,47,126.57511
2023-12-23,103,127.394775
2023-12-24,202,125.59014
2023-12-25,148,115.33032
2023-12-26,165,120.722435
2023-12-27,133,127.17536
2023-12-28,60,148.89893
2023-12-29,34,110.48618
2023-12-30,145,125.36919
2023-12-31,31,106.0104
2024-01-01,153,111.17198
2024-01-02,89,112.91668
2024-01-03,77,115.63963
2024-01-04,118,103.77052
2024-01-05,123,114.72499
2024-01-06,76,109.46882
2024-01-07,91,117.717094
2024-01-08,127,110.1112
2024-01-09,101,124.4298
2024-01-10,215,117.208244
2024-01-11,159,117.15775
2024-01-12,106,121.89923
2024-01-13,114,126.40826
2024-01-14,51,127.90584
2024-01-15,155,126.25274
2024-01-16,64,127.04299
2024-01-17,89,129.01332
2024-01-18,161,117.946785
2024-01-19,119,120.566475
2024-01-20,119,113.49632
2024-01-21,165,123.66033
2024-01-22,86,115.938705
2024-01-23,138,126.035286
2024-01-24,129,119.59749
2024-01-25,140,121.013916
2024-01-26,103,111.25268
2024-01-27,131,112.44025
2024-01-28,122,110.309395
2024-01-29,115,90.30922
2024-01-30,117,98.08539
2023-12-03,106,117.94865
2023-12-04,102,111.232315
2023-12-05,145,108.70837
2023-12-06,183,114.549095
2023-12-07,190,124.48052
2023-12-08,92,124.78268
2023-12-09,124,125.52513
2023-12-10,75,114.092384
2023-12-11,113,116.234184
2023-12-12,93,115.78612
2023-12-13,122,119.36869
2023-12-14,62,114.2388
2023-12-15,108,117.40266
2023-12-16,101,118.40542
2023-12-17,175,115.60112
2023-12-18,82,118.074486
2023-12-19,133,125.23276
2023-12-20,77,152.37112
2023-12-21,91,119.15536
2023-12-22,175,117.77947
2023-12-23,108,114.55884
2023-12-24,110,115.661896
2023-12-25,115,125.86027
2023-12-26,153,124.71184
2023-12-27,95,131.92969
2023-12-28,59,124.76767
2023-12-29,189,106.908745
2023-12-30,102,115.13004
2023-12-31,120,118.41938
2024-01-01,110,119.119484
2024-01-02,108,125.97565
2024-01-03,151,119.53012
2024-01-04,114,133.18684
2024-01-05,206,117.743195
2024-01-06,209,117.39025
2024-01-07,122,128.00902
2024-01-08,161,129.61638
2024-01-09,99,139.13785
2024-01-10,130,130.45587
2024-01-11,262,136.72142
2024-01-12,8,118.75729
2024-01-13,215,135.84111
2024-01-14,120,122.85529
2024-01-15,158,135.51176
2024-01-16,80,132.58551
2024-01-17,104,139.19856
2024-01-18,181,125.116516
2024-01-19,101,161.0397
2024-01-20,101,146.02892
2024-01-21,116,126.54468
2024-01-22,168,132.25868
2024-01-23,131,130.07152
2024-01-24,82,128.72598
2024-01-25,153,132.91284
2024-01-26,88,130.55826
2024-01-27,55,118.10612
2024-01-28,55,107.68054
2024-01-29,97,94.41084
2024-01-30,96,86.94883
2023-12-03,121,127.321396
2023-12-04,109,125.90605
2023-12-05,130,125.729004
2023-12-06,137,135.01378
2023-12-07,116,136.02686
2023-12-08,97,142.1275
2023-12-09,81,124.76876
2023-12-10,88,132.49377
2023-12-11,89,125.60957
2023-12-12,138,127.15377
2023-12-13,105,135.292
2023-12-14,97,126.821785
2023-12-15,108,126.9506
2023-12-16,64,129.04057
2023-12-17,144,130.904
2023-12-18,96,118.72644
2023-12-19,137,127.95444
2023-12-20,80,134.85014
2023-12-21,113,121.0657
2023-12-22,173,119.91381
2023-12-23,123,124.97505
2023-12-24,51,124.09717
2023-12-25,160,116.51917
2023-12-26,141,124.356064
2023-12-27,65,118.69627
2023-12-28,44,113.85383
2023-12-29,37,103.047745
2023-12-30,56,102.34279
2023-12-31,49,104.3211
2024-01-01,74,81.26898
2024-01-02,67,90.791214
2024-01-03,80,81.01313
2024-01-04,45,78.05315
2024-01-05,65,87.86895
2024-01-06,49,78.84716
2024-01-07,75,73.02217
2024-01-08,36,86.729385
2024-01-09,147,76.17296
2024-01-10,121,95.7569
2024-01-11,190,97.09876
2024-01-12,98,102.525314
2024-01-13,189,112.756516
2024-01-14,128,114.34661
2024-01-15,90,127.97076
2024-01-16,90,117.43497
2024-01-17,109,116.50502
2024-01-18,144,121.77354
2024-01-19,66,122.54934
2024-01-20,159,118.21227
2024-01-21,79,116.60888
2024-01-22,107,115.83603
2024-01-23,99,113.94091
2024-01-24,87,113.545265
2024-01-25,120,103.35041
2024-01-26,81,108.366325
2024-01-27,51,110.68068
2024-01-28,146,84.36631
2024-01-29,166,55.972164
2024-01-30,91,98.537285
2023-12-03,110,117.530556
2023-12-04,112,111.533066
2023-12-05,196,125.3255
2023-12-06,120,120.00292
2023-12-07,165,127.30019
2023-12-08,85,126.67285
2023-12-09,127,127.31942
2023-12-10,79,125.18337
2023-12-11,128,116.962364
2023-12-12,157,113.34274
2023-12-13,194,126.49723
2023-12-14,186,122.82971
2023-12-15,117,125.188934
2023-12-16,4,135.61693
2023-12-17,176,136.08759
2023-12-18,131,117.77697
2023-12-19,77,126.99063
2023-12-20,148,112.71471
2023-12-21,148,129.32657
2023-12-22,118,122.98163
2023-12-23,182,139.55785
2023-12-24,130,126.298096
2023-12-25,83,127.34222
2023-12-26,96,122.9595
2023-12-27,86,124.07111
2023-12-28,48,132.95088
2023-12-29,94,119.48842
2023-12-30,62,118.592834
2023-12-31,47,106.04808
2024-01-01,116,91.54072
2024-01-02,105,106.081024
2024-01-03,87,97.50838
2024-01-04,45,97.77502
2024-01-05,114,94.85584
2024-01-06,67,106.65785
2024-01-07,89,105.420715
2024-01-08,87,103.277824
2024-01-09,111,100.42041
2024-01-10,161,107.8249
2024-01-11,144,116.58188
2024-01-12,76,99.846466
2024-01-13,85,114.126686
2024-01-14,101,106.698975
2024-01-15,59,117.199104
2024-01-16,122,102.45373
2024-01-17,173,97.464714
2024-01-18,107,111.82453
2024-01-19,55,108.2178
2024-01-20,143,105.59805
2024-01-21,51,112.281006
2024-01-22,158,106.34324
2024-01-23,153,102.358055
2024-01-24,94,100.733475
2024-01-25,212,106.20029
2024-01-26,146,124.4503
2024-01-27,151,110.85034
2024-01-28,146,115.563866
2024-01-29,120,110.75902
2024-01-30,34,90.746185
2023-12-03,69,78.67744
2023-12-04,102,78.45545
2023-12-05,59,83.85974
2023-12-06,24,80.44409
2023-12-07,54,72.32782
2023-12-08,66,77.98449
2023-12-09,137,80.135826
2023-12-10,66,84.94691
2023-12-11,82,80.71856
2023-12-12,65,83.45216
2023-12-13,87,86.65713
2023-12-14,92,87.31073
2023-12-15,41,87.02223
2023-12-16,177,83.07474
2023-12-17,43,89.29203
2023-12-18,49,88.77406
2023-12-19,53,83.11032
2023-12-20,71,78.0244
2023-12-21,107,81.506424
2023-12-22,44,85.24341
2023-12-23,89,89.21006
2023-12-24,149,83.77792
2023-12-25,72,90.98222
2023-12-26,41,94.538704
2023-12-27,17,89.17546
2023-12-28,37,95.14033
2023-12-29,29,75.827965
2023-12-30,36,79.32361
2023-12-31,27,99.969315
2024-01-01,64,38.688267
2024-01-02,15,54.410866
2024-01-03,57,40.946472
2024-01-04,42,41.03415
2024-01-05,43,47.966393
2024-01-06,51,33.330368
2024-01-07,30,47.497265
2024-01-08,32,37.934498
2024-01-09,74,39.831078
2024-01-10,69,44.93922
2024-01-11,101,46.184296
2024-01-12,86,59.153046
2024-01-13,117,67.81066
2024-01-14,104,77.24699
2024-01-15,54,87.119606
2024-01-16,108,80.62247
2024-01-17,70,89.73988
2024-01-18,82,84.56632
2024-01-19,78,82.68722
2024-01-20,110,82.58574
2024-01-21,110,83.08288
2024-01-22,103,84.81667
2024-01-23,90,87.16554
2024-01-24,65,89.82122
2024-01-25,57,87.33423
2024-01-26,85,87.23431
2024-01-27,112,80.09261
2024-01-28,126,76.86187
2024-01-29,83,60.11689
2024-01-30,39,49.630657
2023-12-03,112,84.12148
2023-12-04,89,85.98898
2023-12-05,98,84.07506
2023-12-06,95,86.89983
2023-12-07,34,82.87385
2023-12-08,51,84.528336
2023-12-09,87,84.279305
2023-12-10,53,80.28521
2023-12-11,30,78.50179
2023-12-12,35,74.87298
2023-12-13,68,77.513306
2023-12-14,96,70.68611
2023-12-15,50,79.9815
2023-12-16,119,78.937416
2023-12-17,66,92.78243
2023-12-18,85,85.06095
2023-12-19,100,83.579605
2023-12-20,89,80.87425
2023-12-21,68,80.208984
2023-12-22,37,84.45195
2023-12-23,74,87.15711
2023-12-24,77,80.9204
2023-12-25,120,83.57321
2023-12-26,79,87.84919
2023-12-27,51,89.090164
2023-12-28,47,90.25318
2023-12-29,26,77.50714
2023-12-30,27,77.637955
2023-12-31,25,76.302185
2024-01-01,53,32.331795
2024-01-02,21,51.752747
2024-01-03,26,41.720184
2024-01-04,23,43.80103
2024-01-05,23,45.05449
2024-01-06,42,46.282223
2024-01-07,35,39.39973
2024-01-08,46,42.00274
2024-01-09,78,42.520718
2024-01-10,32,49.625164
2024-01-11,67,50.165462
2024-01-12,21,47.844086
2024-01-13,131,47.705807
2024-01-14,144,70.97507
2024-01-15,127,86.08835
2024-01-16,69,90.68493
2024-01-17,65,99.56087
2024-01-18,71,89.42076
2024-01-19,29,86.93374
2024-01-20,55,81.57052
2024-01-21,67,85.838066
2024-01-22,71,77.88602
2024-01-23,61,73.00259
2024-01-24,69,71.95305
2024-01-25,73,73.925354
2024-01-26,89,73.19238
2024-01-27,131,73.380615
2024-01-28,88,81.22224
2024-01-29,66,53.261272
2024-01-30,40,58.754906
2023-12-03,43,83.373215
2023-12-04,94,80.934906
2023-12-05,106,83.221375
2023-12-06,57,85.44643
2023-12-07,102,83.23852
2023-12-08,138,84.134445
2023-12-09,84,86.268364
2023-12-10,71,79.90193
2023-12-11,70,81.7015
2023-12-12,86,87.44935
2023-12-13,85,84.308365
2023-12-14,47,78.37906
2023-12-15,62,79.182495
2023-12-16,96,89.054596
2023-12-17,73,81.87652
2023-12-18,76,87.358086
2023-12-19,58,84.11052
2023-12-20,33,80.98943
2023-12-21,127,86.34925
2023-12-22,113,86.93191
2023-12-23,88,81.71589
2023-12-24,41,86.91977
2023-12-25,74,80.570206
2023-12-26,100,90.56639
2023-12-27,27,90.56508
2023-12-28,27,90.72637
2023-12-29,40,71.525925
2023-12-30,51,81.98944
2023-12-31,44,82.51263
2024-01-01,30,50.409252
2024-01-02,51,50.785915
2024-01-03,26,47.221706
2024-01-04,35,47.54616
2024-01-05,29,41.651485
2024-01-06,35,42.994263
2024-01-07,88,43.150196
2024-01-08,73,62.413742
2024-01-09,54,52.280537
2024-01-10,111,57.126163
2024-01-11,94,76.954
2024-01-12,40,73.9081
2024-01-13,132,79.48543
2024-01-14,48,84.85793
2024-01-15,51,88.25745
2024-01-16,82,80.5033
2024-01-17,69,81.96893
2024-01-18,110,80.02371
2024-01-19,44,80.48943
2024-01-20,142,83.05247
2024-01-21,76,93.23829
2024-01-22,81,80.64657
2024-01-23,84,81.91376
2024-01-24,65,82.671326
2024-01-25,85,80.555275
2024-01-26,91,81.60732
2024-01-27,77,78.84833
2024-01-28,87,77.76873
2024-01-29,71,50.718384
2024-01-30,43,53.203857
2023-12-03,104,117.50951
2023-12-04,78,126.72952
2023-12-05,148,118.33391
2023-12-06,117,130.9266
2023-12-07,76,120.479
2023-12-08,88,118.477264
2023-12-09,145,119.71591
2023-12-10,77,106.97244
2023-12-11,36,107.03585
2023-12-12,49,117.76949
2023-12-13,111,98.58131
2023-12-14,173,99.76021
2023-12-15,209,107.19164
2023-12-16,68,101.444466
2023-12-17,100,106.443886
2023-12-18,75,108.5868
2023-12-19,134,116.07253
2023-12-20,92,118.75149
2023-12-21,67,104.32958
2023-12-22,145,105.92538
2023-12-23,136,116.89701
2023-12-24,162,122.17958
2023-12-25,101,101.792786
2023-12-26,167,117.94226
2023-12-27,165,115.061035
2023-12-28,128,123.952705
2023-12-29,108,113.228096
2023-12-30,191,119.16608
2023-12-31,143,134.64651
2024-01-01,119,131.069
2024-01-02,123,133.05573
2024-01-03,117,133.10854
2024-01-04,150,128.99799
2024-01-05,193,126.54659
2024-01-06,102,125.311584
2024-01-07,106,127.13036
2024-01-08,234,124.54219
2024-01-09,111,141.62433
2024-01-10,168,139.31491
2024-01-11,95,133.58955
2024-01-12,74,126.14931
2024-01-13,126,128.00812
2024-01-14,80,117.34005
2024-01-15,108,130.98117
2024-01-16,116,124.92648
2024-01-17,140,123.77737
2024-01-18,79,129.96378
2024-01-19,127,123.32503
2024-01-20,206,124.377914
2024-01-21,173,129.84775
2024-01-22,177,119.5509
2024-01-23,28,126.961975
2024-01-24,169,129.12697
2024-01-25,134,129.5535
2024-01-26,135,129.7491
2024-01-27,68,118.16792
2024-01-28,116,120.684326
2024-01-29,132,84.36919
2024-01-30,121,89.66221
2023-12-03,63,80.71291
2023-12-04,88,80.55381
2023-12-05,62,82.36048
2023-12-06,100,81.37058
2023-12-07,85,82.453865
2023-12-08,91,80.61381
2023-12-09,88,84.4383
2023-12-10,91,76.911804
2023-12-11,98,78.66866
2023-12-12,26,81.04979
2023-12-13,72,80.16656
2023-12-14,82,84.71106
2023-12-15,51,82.394264
2023-12-16,104,82.7919
2023-12-17,118,83.76393
2023-12-18,86,83.00731
2023-12-19,26,83.39805
2023-12-20,69,78.37198
2023-12-21,120,82.12646
2023-12-22,70,81.31504
2023-12-23,59,82.32698
2023-12-24,92,81.76922
2023-12-25,113,85.16353
2023-12-26,104,90.27967
2023-12-27,28,85.30847
2023-12-28,27,90.78505
2023-12-29,32,69.771385
2023-12-30,25,79.0706
2023-12-31,40,82.25585
2024-01-01,71,36.736954
2024-01-02,34,58.15824
2024-01-03,36,43.166725
2024-01-04,32,38.45168
2024-01-05,36,40.824963
2024-01-06,24,44.126816
2024-01-07,31,47.070473
2024-01-08,16,43.798187
2024-01-09,48,41.361526
2024-01-10,62,41.86093
2024-01-11,75,45.74265
2024-01-12,71,36.657753
2024-01-13,84,47.53005
2024-01-14,59,58.22436
2024-01-15,54,74.28466
2024-01-16,77,75.14667
2024-01-17,82,77.74742
2024-01-18,51,74.556206
2024-01-19,48,75.89014
2024-01-20,38,74.427536
2024-01-21,61,61.61621
2024-01-22,159,67.50508
2024-01-23,39,84.821045
2024-01-24,52,67.18892
2024-01-25,96,77.97617
2024-01-26,69,76.915344
2024-01-27,84,78.302795
2024-01-28,89,70.380974
2024-01-29,97,63.39695
2024-01-30,66,52.553074
2023-12-03,39,122.40397
2023-12-04,136,128.45435
2023-12-05,170,133.12088
2023-12-06,94,130.64995
2023-12-07,77,128.31277
2023-12-08,90,129.6262
2023-12-09,117,121.29754
2023-12-10,121,120.45189
2023-12-11,87,116.44348
2023-12-12,132,112.81935
2023-12-13,78,118.531555
2023-12-14,131,116.32807
2023-12-15,120,119.00104
2023-12-16,138,126.68235
2023-12-17,153,114.69429
2023-12-18,114,123.6446
2023-12-19,90,130.10487
2023-12-20,105,121.42078
2023-12-21,123,122.19953
2023-12-22,81,122.52717
2023-12-23,160,122.46993
2023-12-24,107,127.60481
2023-12-25,218,129.57799
2023-12-26,138,124.66898
2023-12-27,156,117.30856
2023-12-28,145,140.10588
2023-12-29,98,129.01115
2023-12-30,147,127.27506
2023-12-31,137,125.40118
2024-01-01,161,136.03276
2024-01-02,59,128.63426
2024-01-03,155,113.64467
2024-01-04,87,119.17149
2024-01-05,121,126.274475
2024-01-06,139,112.01886
2024-01-07,161,120.313065
2024-01-08,168,117.43954
2024-01-09,116,140.09006
2024-01-10,82,120.056274
2024-01-11,102,131.0516
2024-01-12,46,123.607605
2024-01-13,141,122.48581
2024-01-14,10,126.804276
2024-01-15,121,142.58916
2024-01-16,83,108.303314
2024-01-17,101,108.80352
2024-01-18,152,108.42955
2024-01-19,91,121.992836
2024-01-20,117,115.62196
2024-01-21,82,130.76788
2024-01-22,157,117.605225
2024-01-23,90,119.48058
2024-01-24,69,117.653336
2024-01-25,112,109.49602
2024-01-26,258,114.03644
2024-01-27,59,117.46072
2024-01-28,58,119.22699
2024-01-29,120,82.14598
2024-01-30,126,105.81408
2023-12-03,65,80.25771
2023-12-04,4,79.34935
2023-12-05,125,76.33647
2023-12-06,79,82.67107
2023-12-07,85,78.72669
2023-12-08,122,82.9715
2023-12-09,106,89.803444
2023-12-10,22,87.47527
2023-12-11,107,98.03778
2023-12-12,64,81.01268
2023-12-13,61,83.10882
2023-12-14,47,85.78491
2023-12-15,56,78.4827
2023-12-16,86,78.19979
2023-12-17,44,79.22333
2023-12-18,97,72.69923
2023-12-19,65,82.147385
2023-12-20,88,79.87826
2023-12-21,132,79.955376
2023-12-22,146,87.76161
2023-12-23,35,93.85751
2023-12-24,49,90.18787
2023-12-25,77,92.869995
2023-12-26,52,85.77987
2023-12-27,28,91.76723
2023-12-28,23,90.35009
2023-12-29,44,89.78805
2023-12-30,50,79.53922
2023-12-31,47,85.069756
2024-01-01,66,42.16373
2024-01-02,49,52.198803
2024-01-03,33,61.121243
2024-01-04,19,51.52084
2024-01-05,38,45.382538
2024-01-06,49,42.08657
2024-01-07,22,40.810577
2024-01-08,39,39.968845
2024-01-09,48,40.909534
2024-01-10,73,38.83892
2024-01-11,73,38.791256
2024-01-12,70,46.02374
2024-01-13,66,54.462524
2024-01-14,72,63.148903
2024-01-15,64,74.501274
2024-01-16,49,73.709076
2024-01-17,71,71.788414
2024-01-18,87,73.29025
2024-01-19,61,70.93463
2024-01-20,83,76.32479
2024-01-21,89,75.0973
2024-01-22,157,69.68725
2024-01-23,59,88.22696
2024-01-24,73,81.35555
2024-01-25,44,78.33914
2024-01-26,74,71.57851
2024-01-27,68,79.23737
2024-01-28,75,72.98437
2024-01-29,63,52.39657
2024-01-30,93,54.305897
2023-12-03,80,128.41072
2023-12-04,186,117.50202
2023-12-05,119,117.700356
2023-12-06,126,122.59781
2023-12-07,174,126.62103
2023-12-08,163,120.5256
2023-12-09,6,133.69
2023-12-10,206,135.53645
2023-12-11,121,132.21443
2023-12-12,125,120.58963
2023-12-13,160,127.07459
2023-12-14,72,119.91537
2023-12-15,175,128.71083
2023-12-16,87,123.58903
2023-12-17,59,124.91608
2023-12-18,94,136.8041
2023-12-19,58,121.58129
2023-12-20,95,121.08603
2023-12-21,196,123.90192
2023-12-22,155,119.134575
2023-12-23,118,119.77698
2023-12-24,206,129.75304
2023-12-25,166,122.16965
2023-12-26,140,131.18674
2023-12-27,114,140.845
2023-12-28,84,131.92538
2023-12-29,63,114.89171
2023-12-30,37,114.33454
2023-12-31,82,125.03567
2024-01-01,106,128.06071
2024-01-02,59,109.93911
2024-01-03,71,98.08617
2024-01-04,90,88.129234
2024-01-05,110,100.105965
2024-01-06,58,107.38309
2024-01-07,82,99.28529
2024-01-08,90,112.80071
2024-01-09,169,102.60825
2024-01-10,53,108.10223
2024-01-11,141,117.604836
2024-01-12,142,113.26273
2024-01-13,149,111.30226
2024-01-14,123,114.733536
2024-01-15,103,121.7474
2024-01-16,104,114.9778
2024-01-17,31,115.12573
2024-01-18,132,113.38849
2024-01-19,105,105.0681
2024-01-20,95,101.15934
2024-01-21,148,108.79808
2024-01-22,177,102.42567
2024-01-23,49,102.90758
2024-01-24,236,122.628044
2024-01-25,209,116.470505
2024-01-26,152,131.52611
2024-01-27,68,132.28798
2024-01-28,128,132.92451
2024-01-29,118,104.24176
2024-01-30,99,98.764755
2023-12-03,121,118.60919
2023-12-04,93,109.012276
2023-12-05,88,114.71636
2023-12-06,128,116.17474
2023-12-07,34,113.22267
2023-12-08,119,106.91743
2023-12-09,88,117.74618
2023-12-10,101,109.70966
2023-12-11,77,114.07257
2023-12-12,158,111.747536
2023-12-13,65,104.59205
2023-12-14,165,108.9831
2023-12-15,119,112.92651
2023-12-16,177,111.71322
2023-12-17,140,108.182915
2023-12-18,130,108.27972
2023-12-19,92,107.71737
2023-12-20,155,113.84453
2023-12-21,143,116.784325
2023-12-22,106,116.50752
2023-12-23,133,121.107574
2023-12-24,114,121.52047
2023-12-25,92,119.46675
2023-12-26,92,125.559906
2023-12-27,38,125.14463
2023-12-28,75,129.22119
2023-12-29,38,107.71508
2023-12-30,44,105.900696
2023-12-31,66,100.1365
2024-01-01,57,85.101036
2024-01-02,86,70.13427
2024-01-03,43,88.973564
2024-01-04,59,72.53174
2024-01-05,82,72.13111
2024-01-06,42,81.44803
2024-01-07,67,86.056755
2024-01-08,65,73.9878
2024-01-09,149,80.53707
2024-01-10,67,103.87761
2024-01-11,83,99.1635
2024-01-12,83,94.927185
2024-01-13,43,93.10249
2024-01-14,72,78.715965
2024-01-15,187,88.65635
2024-01-16,95,91.17468
2024-01-17,47,90.91524
2024-01-18,106,86.1733
2024-01-19,37,91.997185
2024-01-20,78,94.01984
2024-01-21,64,88.0513
2024-01-22,109,77.739044
2024-01-23,100,82.287544
2024-01-24,70,83.24283
2024-01-25,101,83.22108
2024-01-26,84,78.47709
2024-01-27,83,79.72612
2024-01-28,115,76.37347
2024-01-29,118,48.24959
2024-01-30,136,54.124977
2023-12-03,144,121.942566
2023-12-04,87,121.132225
2023-12-05,127,121.84389
2023-12-06,118,123.977425
2023-12-07,113,119.18064
2023-12-08,104,122.06574
2023-12-09,92,121.17646
2023-12-10,95,118.03955
2023-12-11,85,111.56007
2023-12-12,123,110.22895
2023-12-13,118,113.15138
2023-12-14,36,114.30167
2023-12-15,119,114.8076
2023-12-16,135,113.3727
2023-12-17,142,112.01836
2023-12-18,151,107.514206
2023-12-19,72,108.0504
2023-12-20,45,108.18884
2023-12-21,99,119.63114
2023-12-22,124,104.91502
2023-12-23,104,111.50876
2023-12-24,73,107.31675
2023-12-25,56,113.83683
2023-12-26,95,116.542175
2023-12-27,44,119.10112
2023-12-28,27,117.86514
2023-12-29,18,98.00636
2023-12-30,21,94.67965
2023-12-31,49,135.51782
2024-01-01,19,53.2383
2024-01-02,23,49.92987
2024-01-03,39,48.69993
2024-01-04,28,43.37666
2024-01-05,27,42.507614
2024-01-06,71,42.291042
2024-01-07,14,37.89888
2024-01-08,31,38.13047
2024-01-09,97,34.482258
2024-01-10,115,49.794228
2024-01-11,4,57.71499
2024-01-12,83,46.766346
2024-01-13,95,88.9979
2024-01-14,78,83.53675
2024-01-15,80,81.92302
2024-01-16,74,80.105576
2024-01-17,73,77.645485
2024-01-18,43,80.74018
2024-01-19,34,78.05525
2024-01-20,104,69.189766
2024-01-21,68,79.532104
2024-01-22,183,76.86072
2024-01-23,59,95.05327
2024-01-24,150,89.17528
2024-01-25,62,101.726875
2024-01-26,80,91.21769
2024-01-27,92,88.90215
2024-01-28,113,95.48122
2024-01-29,100,75.657776
2024-01-30,121,59.807007
2023-12-03,137,131.19711
2023-12-04,93,121.78374
2023-12-05,117,124.69832
2023-12-06,208,135.7493
2023-12-07,100,124.86204
2023-12-08,123,128.0448
2023-12-09,60,121.82802
2023-12-10,68,120.4503
2023-12-11,140,132.07195
2023-12-12,71,133.48723
2023-12-13,149,128.30249
2023-12-14,198,119.7758
2023-12-15,105,125.12825
2023-12-16,122,128.82082
2023-12-17,34,134.01405
2023-12-18,109,121.75062
2023-12-19,134,127.804474
2023-12-20,166,131.05382
2023-12-21,148,118.97933
2023-12-22,250,125.01458
2023-12-23,93,109.4955
2023-12-24,252,135.71829
2023-12-25,113,121.309265
2023-12-26,116,139.42397
2023-12-27,73,133.61626
2023-12-28,140,150.41312
2023-12-29,37,115.22935
2023-12-30,51,113.613945
2023-12-31,101,124.153175
2024-01-01,67,109.807304
2024-01-02,81,99.569336
2024-01-03,100,104.46098
2024-01-04,30,98.59915
2024-01-05,116,93.24734
2024-01-06,81,93.24741
2024-01-07,73,104.22731
2024-01-08,133,100.264336
2024-01-09,38,102.984314
2024-01-10,68,107.56833
2024-01-11,152,94.85347
2024-01-12,204,118.71084
2024-01-13,141,116.32459
2024-01-14,122,115.63041
2024-01-15,156,111.2793
2024-01-16,176,125.85423
2024-01-17,125,124.273865
2024-01-18,108,123.86069
2024-01-19,86,121.92792
2024-01-20,158,116.1096
2024-01-21,139,130.11057
2024-01-22,144,115.9081
2024-01-23,146,116.07121
2024-01-24,145,119.36308
2024-01-25,143,120.51108
2024-01-26,167,117.53154
2024-01-27,69,116.3675
2024-01-28,147,122.44091
2024-01-29,87,78.264015
2024-01-30,115,95.79997
2023-12-03,107,123.919876
2023-12-04,61,121.64657
2023-12-05,118,127.84692
2023-12-06,186,127.69247
2023-12-07,120,121.5512
2023-12-08,178,124.6637
2023-12-09,55,123.681175
2023-12-10,51,120.58027
2023-12-11,58,123.7863
2023-12-12,187,122.47616
2023-12-13,112,137.50856
2023-12-14,129,126.11745
2023-12-15,93,122.873245
2023-12-16,148,120.69695
2023-12-17,116,134.00449
2023-12-18,98,132.57188
2023-12-19,109,120.91026
2023-12-20,124,127.08203
2023-12-21,135,123.2791
2023-12-22,177,125.70903
2023-12-23,107,126.8746
2023-12-24,114,127.017395
2023-12-25,71,128.4214
2023-12-26,118,131.79439
2023-12-27,60,142.60886
2023-12-28,46,129.57942
2023-12-29,87,114.36403
2023-12-30,33,107.624954
2023-12-31,59,104.12105
2024-01-01,110,82.96539
2024-01-02,75,90.38701
2024-01-03,71,89.91014
2024-01-04,99,87.532936
2024-01-05,69,98.085396
2024-01-06,45,97.08951
2024-01-07,83,106.72451
2024-01-08,113,92.20446
2024-01-09,130,98.361664
2024-01-10,163,108.32311
2024-01-11,85,107.53401
2024-01-12,123,111.43461
2024-01-13,95,113.53201
2024-01-14,149,107.68147
2024-01-15,104,112.565865
2024-01-16,149,105.34234
2024-01-17,114,117.00375
2024-01-18,115,104.38911
2024-01-19,141,110.005394
2024-01-20,192,107.15732
2024-01-21,196,116.79399
2024-01-22,133,119.60837
2024-01-23,108,134.08194
2024-01-24,64,117.86852
2024-01-25,145,115.98409
2024-01-26,248,114.04193
2024-01-27,111,126.98707
2024-01-28,98,117.739815
2024-01-29,164,82.51139
2024-01-30,113,95.883675
2023-12-03,218,120.253845
2023-12-04,80,99.94489
2023-12-05,173,133.50964
2023-12-06,199,107.37326
2023-12-07,230,126.47759
2023-12-08,121,126.37236
2023-12-09,95,122.67266
2023-12-10,88,116.882614
2023-12-11,85,124.07901
2023-12-12,193,115.34695
2023-12-13,175,121.499985
2023-12-14,131,95.05189
2023-12-15,48,112.896904
2023-12-16,122,116.35125
2023-12-17,151,126.07538
2023-12-18,123,117.213425
2023-12-19,97,129.90108
2023-12-20,70,120.500175
2023-12-21,222,127.8242
2023-12-22,133,135.76614
2023-12-23,119,125.99835
2023-12-24,177,124.55504
2023-12-25,177,129.83324
2023-12-26,157,114.2852
2023-12-27,77,132.37434
2023-12-28,112,135.44481
2023-12-29,55,134.41359
2023-12-30,49,120.140396
2023-12-31,43,115.309425
2024-01-01,74,111.26016
2024-01-02,37,91.75688
2024-01-03,149,95.94399
2024-01-04,122,122.51063
2024-01-05,80,91.43526
2024-01-06,90,96.66568
2024-01-07,115,115.45806
2024-01-08,80,116.78652
2024-01-09,93,115.18617
2024-01-10,116,110.893265
2024-01-11,96,110.79884
2024-01-12,120,105.54132
2024-01-13,87,106.995995
2024-01-14,63,93.5722
2024-01-15,118,109.25054
2024-01-16,63,112.36808
2024-01-17,108,108.886765
2024-01-18,83,104.336655
2024-01-19,73,99.24397
2024-01-20,84,93.501945
2024-01-21,148,91.91795
2024-01-22,123,98.54961
2024-01-23,134,104.9276
2024-01-24,167,101.407715
2024-01-25,141,107.54281
2024-01-26,76,104.14643
2024-01-27,142,105.59124
2024-01-28,112,106.92977
2024-01-29,78,76.21648
2024-01-30,163,70.45937
2023-12-03,131,133.25008
2023-12-04,100,128.88274
2023-12-05,58,128.6327
2023-12-06,205,126.8207
2023-12-07,142,120.38474
2023-12-08,151,118.4762
2023-12-09,74,125.80607
2023-12-10,124,118.569824
2023-12-11,46,117.91684
2023-12-12,156,116.87982
2023-12-13,158,119.34542
2023-12-14,46,121.57099
2023-12-15,73,119.02827
2023-12-16,111,117.66486
2023-12-17,126,127.12689
2023-12-18,172,115.61167
2023-12-19,144,122.6618
2023-12-20,151,116.398636
2023-12-21,101,121.62
2023-12-22,169,121.77707
2023-12-23,130,121.99695
2023-12-24,162,132.50786
2023-12-25,42,137.84357
2023-12-26,49,130.03761
2023-12-27,91,123.35175
2023-12-28,65,121.978645
2023-12-29,86,117.46721
2023-12-30,62,104.64051
2023-12-31,69,105.36887
2024-01-01,116,88.81787
2024-01-02,60,91.720406
2024-01-03,88,97.39283
2024-01-04,111,85.92345
2024-01-05,70,96.87696
2024-01-06,80,97.04998
2024-01-07,53,100.54679
2024-01-08,56,102.55419
2024-01-09,111,102.99336
2024-01-10,154,105.35473
2024-01-11,126,108.46487
2024-01-12,105,107.87628
2024-01-13,196,101.293655
2024-01-14,143,110.329796
2024-01-15,95,115.72375
2024-01-16,195,122.551285
2024-01-17,90,128.13647
2024-01-18,138,119.75533
2024-01-19,51,122.50445
2024-01-20,81,105.8848
2024-01-21,142,118.42664
2024-01-22,80,118.68202
2024-01-23,65,112.6843
2024-01-24,56,109.49663
2024-01-25,37,97.13343
2024-01-26,99,83.73817
2024-01-27,92,82.60774
2024-01-28,96,84.96397
2024-01-29,133,56.646812
2024-01-30,56,61.083652
2023-12-03,134,116.985344
2023-12-04,115,122.42448
2023-12-05,212,126.88105
2023-12-06,172,120.124756
2023-12-07,189,130.0375
2023-12-08,54,131.15111
2023-12-09,96,125.88257
2023-12-10,110,118.967896
2023-12-11,35,126.35229
2023-12-12,237,134.93454
2023-12-13,103,124.52236
2023-12-14,182,129.03532
2023-12-15,37,136.11008
2023-12-16,159,113.39988
2023-12-17,122,123.852806
2023-12-18,180,126.50045
2023-12-19,139,133.28632
2023-12-20,119,132.0821
2023-12-21,82,129.2236
2023-12-22,179,123.10699
2023-12-23,158,122.37913
2023-12-24,127,122.81251
2023-12-25,71,109.92006
2023-12-26,210,121.6008
2023-12-27,84,122.586716
2023-12-28,66,128.74133
2023-12-29,113,110.11929
2023-12-30,54,107.408455
2023-12-31,101,118.1411
2024-01-01,28,140.21082
2024-01-02,75,129.13962
2024-01-03,172,93.63424
2024-01-04,88,98.27479
2024-01-05,81,120.41344
2024-01-06,87,99.74554
2024-01-07,90,112.06341
2024-01-08,55,110.19398
2024-01-09,129,106.17954
2024-01-10,78,111.2247
2024-01-11,236,93.82057
2024-01-12,134,122.92585
2024-01-13,132,117.30069
2024-01-14,101,122.493164
2024-01-15,131,133.27661
2024-01-16,145,122.73566
2024-01-17,133,138.68216
2024-01-18,132,123.80591
2024-01-19,168,126.732895
2024-01-20,127,116.374565
2024-01-21,162,127.62278
2024-01-22,193,131.92265
2024-01-23,139,125.45684
2024-01-24,146,129.16905
2024-01-25,148,128.85497
2024-01-26,122,122.3004
2024-01-27,119,121.68534
2024-01-28,133,131.36414
2024-01-29,169,105.38406
2024-01-30,81,104.9325
2023-12-03,154,123.08884
2023-12-04,147,132.95389
2023-12-05,69,134.61136
2023-12-06,199,130.70906
2023-12-07,171,126.674995
2023-12-08,175,134.08154
2023-12-09,158,123.94144
2023-12-10,124,122.79453
2023-12-11,68,134.65613
2023-12-12,160,134.43376
2023-12-13,251,131.88164
2023-12-14,124,110.5652
2023-12-15,111,149.25607
2023-12-16,83,119.5499
2023-12-17,179,120.444244
2023-12-18,262,122.8368
2023-12-19,151,92.42595
2023-12-20,96,124.90958
2023-12-21,148,146.51854
2023-12-22,118,139.91588
2023-12-23,115,133.97034
2023-12-24,117,121.715775
2023-12-25,66,113.688255
2023-12-26,86,129.34662
2023-12-27,102,118.31331
2023-12-28,92,122.85306
2023-12-29,110,108.79832
2023-12-30,49,122.537025
2023-12-31,65,109.10711
2024-01-01,90,110.23863
2024-01-02,77,106.54637
2024-01-03,26,103.31214
2024-01-04,72,92.480644
2024-01-05,62,84.88787
2024-01-06,100,85.351295
2024-01-07,62,99.574135
2024-01-08,71,92.9501
2024-01-09,75,93.30275
2024-01-10,105,88.868904
2024-01-11,115,101.504814
2024-01-12,219,95.5636
2024-01-13,170,130.3184
2024-01-14,136,113.33071
2024-01-15,103,122.909874
2024-01-16,70,120.52998
2024-01-17,128,121.012695
2024-01-18,159,120.30596
2024-01-19,90,124.71572
2024-01-20,225,108.918915
2024-01-21,148,125.220345
2024-01-22,137,120.83221
2024-01-23,59,122.818665
2024-01-24,140,125.38779
2024-01-25,112,117.20843
2024-01-26,62,111.48943
2024-01-27,92,118.437485
2024-01-28,98,102.19205
2024-01-29,67,77.34497
2024-01-30,94,72.0811
2023-12-03,131,131.6848
2023-12-04,111,127.89491
2023-12-05,78,130.7132
2023-12-06,61,133.96033
2023-12-07,125,112.826546
2023-12-08,124,105.063896
2023-12-09,118,112.61772
2023-12-10,134,122.35492
2023-12-11,52,123.976425
2023-12-12,175,125.52544
2023-12-13,68,115.14655
2023-12-14,201,124.36327
2023-12-15,75,122.588264
2023-12-16,56,117.93411
2023-12-17,131,124.074066
2023-12-18,104,109.81304
2023-12-19,179,122.94148
2023-12-20,113,125.02877
2023-12-21,180,122.618065
2023-12-22,152,117.754295
2023-12-23,104,122.89057
2023-12-24,199,129.56546
2023-12-25,190,114.271484
2023-12-26,111,124.04313
2023-12-27,112,135.56096
2023-12-28,69,147.30469
2023-12-29,51,112.08087
2023-12-30,35,121.62044
2023-12-31,44,118.54458
2024-01-01,100,107.50682
2024-01-02,30,110.29425
2024-01-03,66,80.11963
2024-01-04,113,70.394066
2024-01-05,47,83.80526
2024-01-06,124,86.883194
2024-01-07,116,114.00359
2024-01-08,59,110.74716
2024-01-09,114,100.36449
2024-01-10,84,104.2298
2024-01-11,122,108.37963
2024-01-12,152,117.26146
2024-01-13,94,114.49718
2024-01-14,121,105.90016
2024-01-15,108,111.04977
2024-01-16,126,112.10849
2024-01-17,175,115.25387
2024-01-18,106,121.50198
2024-01-19,78,117.831894
2024-01-20,162,112.672005
2024-01-21,108,113.1399
2024-01-22,160,118.40551
2024-01-23,102,105.59053
2024-01-24,153,101.85848
2024-01-25,76,111.34793
2024-01-26,29,107.82119
2024-01-27,108,101.91142
2024-01-28,87,99.022995
2024-01-29,90,75.898285
2024-01-30,78,66.35787
2023-12-03,59,107.5929
2023-12-04,120,107.2672
2023-12-05,114,115.28971
2023-12-06,151,117.19395
2023-12-07,94,112.313866
2023-12-08,117,115.88496
2023-12-09,88,115.96434
2023-12-10,44,114.05151
2023-12-11,112,105.86654
2023-12-12,81,104.89908
2023-12-13,129,111.54489
2023-12-14,92,114.28805
2023-12-15,132,106.31675
2023-12-16,130,115.53733
2023-12-17,41,120.02489
2023-12-18,101,124.288795
2023-12-19,166,111.43046
2023-12-20,81,109.79126
2023-12-21,114,111.20973
2023-12-22,33,108.204796
2023-12-23,106,110.24518
2023-12-24,63,109.29373
2023-12-25,121,113.28542
2023-12-26,134,109.52971
2023-12-27,70,118.77252
2023-12-28,50,113.2242
2023-12-29,4,109.2863
2023-12-30,40,109.229805
2023-12-31,42,86.791595
2024-01-01,40,61.07142
2024-01-02,71,54.60002
2024-01-03,43,50.024597
2024-01-04,57,36.22304
2024-01-05,74,53.899452
2024-01-06,30,49.405003
2024-01-07,33,56.159325
2024-01-08,40,55.157112
2024-01-09,95,53.355373
2024-01-10,45,61.65988
2024-01-11,111,57.245476
2024-01-12,103,75.59832
2024-01-13,177,77.06576
2024-01-14,44,103.78652
2024-01-15,194,91.570366
2024-01-16,89,100.85565
2024-01-17,171,125.02783
2024-01-18,93,120.730034
2024-01-19,111,122.341415
2024-01-20,172,110.7339
2024-01-21,81,105.917145
2024-01-22,81,96.020226
2024-01-23,104,110.498
2024-01-24,74,99.70734
2024-01-25,85,111.04045
2024-01-26,118,97.668335
2024-01-27,89,92.76644
2024-01-28,112,107.810295
2024-01-29,51,67.33443
2024-01-30,74,62.687603
2023-12-03,103,106.95582
2023-12-04,101,107.22424
2023-12-05,57,117.90813
2023-12-06,83,110.24503
2023-12-07,92,108.966934
2023-12-08,58,102.974625
2023-12-09,82,99.88722
2023-12-10,82,98.10231
2023-12-11,140,98.94787
2023-12-12,92,102.789635
2023-12-13,95,108.46453
2023-12-14,56,110.28148
2023-12-15,77,110.13051
2023-12-16,53,106.63707
2023-12-17,121,104.57923
2023-12-18,86,101.89512
2023-12-19,94,101.805176
2023-12-20,69,98.34532
2023-12-21,65,103.75515
2023-12-22,91,100.19964
2023-12-23,96,96.42202
2023-12-24,62,89.33012
2023-12-25,67,89.272385
2023-12-26,85,92.81377
2023-12-27,44,86.70749
2023-12-28,41,87.228645
2023-12-29,51,73.88243
2023-12-30,15,80.12431
2023-12-31,32,84.922775
2024-01-01,19,56.314064
2024-01-02,22,47.834938
2024-01-03,18,46.385586
2024-01-04,38,41.082664
2024-01-05,49,39.20072
2024-01-06,46,38.827503
2024-01-07,61,38.161827
2024-01-08,54,43.847073
2024-01-09,91,42.145725
2024-01-10,96,49.80515
2024-01-11,73,73.41571
2024-01-12,83,76.56318
2024-01-13,102,77.308304
2024-01-14,57,80.37165
2024-01-15,132,78.468155
2024-01-16,72,84.235954
2024-01-17,112,84.18893
2024-01-18,123,85.18102
2024-01-19,63,91.5252
2024-01-20,105,87.42876
2024-01-21,96,86.61717
2024-01-22,123,89.30276
2024-01-23,110,89.60914
2024-01-24,60,83.46648
2024-01-25,4,86.769424
2024-01-26,65,73.034805
2024-01-27,66,80.80905
2024-01-28,96,76.51469
2024-01-29,71,59.800102
2024-01-30,54,51.231457
2023-12-03,104,134.87595
2023-12-04,127,128.38123
2023-12-05,161,132.46298
2023-12-06,122,130.62175
2023-12-07,96,133.94887
2023-12-08,122,126.7017
2023-12-09,123,125.2322
2023-12-10,119,125.605515
2023-12-11,134,125.62763
2023-12-12,89,126.65621
2023-12-13,128,128.2466
2023-12-14,175,131.55557
2023-12-15,104,129.3341
2023-12-16,35,131.9845
2023-12-17,208,123.2969
2023-12-18,134,113.46088
2023-12-19,199,120.446724
2023-12-20,134,118.874344
2023-12-21,129,124.18922
2023-12-22,157,125.98562
2023-12-23,133,124.48024
2023-12-24,115,138.1242
2023-12-25,103,141.62097
2023-12-26,145,129.5503
2023-12-27,47,131.31831
2023-12-28,49,133.75427
2023-12-29,92,117.28528
2023-12-30,36,120.93484
2023-12-31,89,103.73938
2024-01-01,38,94.32154
2024-01-02,84,92.93034
2024-01-03,100,92.48202
2024-01-04,64,92.85352
2024-01-05,92,93.617836
2024-01-06,77,91.188736
2024-01-07,63,97.56598
2024-01-08,85,93.43024
2024-01-09,59,95.24168
2024-01-10,121,96.37064
2024-01-11,121,105.93956
2024-01-12,87,111.51495
2024-01-13,49,104.98955
2024-01-14,112,104.869965
2024-01-15,97,108.81552
2024-01-16,104,108.64197
2024-01-17,229,97.413574
2024-01-18,155,126.39566
2024-01-19,92,114.11996
2024-01-20,205,121.97787
2024-01-21,107,115.33144
2024-01-22,143,123.17678
2024-01-23,101,127.92021
2024-01-24,163,123.088196
2024-01-25,151,117.09831
2024-01-26,127,111.046165
2024-01-27,175,115.06104
2024-01-28,116,118.141464
2024-01-29,142,94.0265
2024-01-30,97,103.77647
2023-12-03,52,84.569336
2023-12-04,97,80.54515
2023-12-05,99,85.72854
2023-12-06,126,83.73534
2023-12-07,92,82.598274
2023-12-08,96,84.328926
2023-12-09,117,83.93392
2023-12-10,101,91.286095
2023-12-11,119,83.992516
2023-12-12,102,90.46905
2023-12-13,94,93.71021
2023-12-14,142,86.806
2023-12-15,52,101.75444
2023-12-16,36,96.43188
2023-12-17,71,83.27826
2023-12-18,56,98.4492
2023-12-19,68,89.20235
2023-12-20,84,84.18136
2023-12-21,117,75.86183
2023-12-22,83,82.05301
2023-12-23,40,86.3229
2023-12-24,136,82.430565
2023-12-25,77,91.2517
2023-12-26,73,93.77327
2023-12-27,16,88.28033
2023-12-28,29,100.20877
2023-12-29,34,74.06105
2023-12-30,33,93.67886
2023-12-31,59,92.759
2024-01-01,62,51.736584
2024-01-02,34,45.994545
2024-01-03,33,43.8266
2024-01-04,33,36.7121
2024-01-05,52,47.102806
2024-01-06,28,45.55724
2024-01-07,15,55.34781
2024-01-08,36,38.549248
2024-01-09,65,40.509964
2024-01-10,95,39.690674
2024-01-11,46,46.256916
2024-01-12,124,42.668488
2024-01-13,37,68.83438
2024-01-14,66,74.22502
2024-01-15,114,83.74468
2024-01-16,86,78.119255
2024-01-17,36,78.81573
2024-01-18,107,79.855484
2024-01-19,78,86.287636
2024-01-20,112,80.67809
2024-01-21,98,86.78208
2024-01-22,63,76.340096
2024-01-23,51,83.80593
2024-01-24,111,79.16065
2024-01-25,66,77.30787
2024-01-26,65,84.087616
2024-01-27,67,75.170685
2024-01-28,85,76.583664
2024-01-29,90,53.714085
2024-01-30,120,50.96762
2023-12-03,69,127.21078
2023-12-04,105,124.57254
2023-12-05,75,129.96011
2023-12-06,132,117.77089
2023-12-07,78,133.68329
2023-12-08,77,122.292786
2023-12-09,67,121.403076
2023-12-10,57,118.61513
2023-12-11,50,110.16599
2023-12-12,99,97.43176
2023-12-13,48,114.48515
2023-12-14,121,102.94568
2023-12-15,93,105.8595
2023-12-16,137,109.1114
2023-12-17,87,111.75901
2023-12-18,100,109.43769
2023-12-19,178,112.08937
2023-12-20,44,120.53617
2023-12-21,144,111.68947
2023-12-22,179,105.72146
2023-12-23,144,122.45058
2023-12-24,86,115.29496
2023-12-25,190,118.07525
2023-12-26,103,121.27482
2023-12-27,84,142.89943
2023-12-28,106,118.669495
2023-12-29,91,100.83281
2023-12-30,65,97.02972
2023-12-31,64,117.55424
2024-01-01,164,106.15898
2024-01-02,105,117.56344
2024-01-03,69,105.92943
2024-01-04,75,108.67394
2024-01-05,103,114.51897
2024-01-06,71,108.225
2024-01-07,66,113.411095
2024-01-08,55,102.5827
2024-01-09,101,102.6337
2024-01-10,43,102.51226
2024-01-11,109,98.876854
2024-01-12,180,101.50573
2024-01-13,111,113.80599
2024-01-14,109,117.133545
2024-01-15,94,121.63902
2024-01-16,111,108.249504
2024-01-17,76,112.239296
2024-01-18,109,112.663376
2024-01-19,126,109.837845
2024-01-20,140,108.76861
2024-01-21,159,104.54773
2024-01-22,86,110.405556
2024-01-23,104,108.4408
2024-01-24,136,103.162834
2024-01-25,103,109.00055
2024-01-26,151,110.91141
2024-01-27,120,115.99907
2024-01-28,193,110.82543
2024-01-29,94,83.99467
2024-01-30,122,88.408005
2023-12-03,145,103.05885
2023-12-04,83,116.83117
2023-12-05,87,118.23848
2023-12-06,76,111.872925
2023-12-07,96,116.56744
2023-12-08,133,112.19568
2023-12-09,59,117.948654
2023-12-10,88,114.25661
2023-12-11,78,107.92897
2023-12-12,122,105.516266
2023-12-13,118,115.55237
2023-12-14,159,115.31959
2023-12-15,25,112.539085
2023-12-16,154,113.214714
2023-12-17,111,107.59619
2023-12-18,115,105.38018
2023-12-19,185,102.204544
2023-12-20,97,110.96276
2023-12-21,115,114.12579
2023-12-22,151,115.24376
2023-12-23,131,110.410965
2023-12-24,62,123.0678
2023-12-25,96,118.980225
2023-12-26,159,116.697235
2023-12-27,18,116.78067
2023-12-28,8,121.766556
2023-12-29,11,95.52777
2023-12-30,35,90.700455
2023-12-31,25,130.97658
2024-01-01,22,41.97248
2024-01-02,14,58.80211
2024-01-03,37,35.281414
2024-01-04,40,38.328846
2024-01-05,14,39.643356
2024-01-06,30,36.29739
2024-01-07,33,42.000515
2024-01-08,18,33.791885
2024-01-09,106,49.066673
2024-01-10,154,47.24199
2024-01-11,97,69.130264
2024-01-12,111,85.675476
2024-01-13,164,104.95947
2024-01-14,106,99.05795
2024-01-15,103,113.46609
2024-01-16,148,109.05154
2024-01-17,101,121.98306
2024-01-18,138,117.840645
2024-01-19,33,118.795006
2024-01-20,122,107.66971
2024-01-21,112,111.9513
2024-01-22,126,108.2647
2024-01-23,149,96.82864
2024-01-24,83,105.81499
2024-01-25,98,103.628334
2024-01-26,69,102.66902
2024-01-27,48,111.38852
2024-01-28,65,91.75784
2024-01-29,109,53.837475
2024-01-30,64,58.418926
2023-12-03,118,119.758705
2023-12-04,112,120.33273
2023-12-05,92,122.15559
2023-12-06,117,121.993965
2023-12-07,84,123.782036
2023-12-08,51,114.44345
2023-12-09,36,116.50844
2023-12-10,57,113.45755
2023-12-11,69,97.02875
2023-12-12,203,97.49102
2023-12-13,155,104.18398
2023-12-14,144,101.02763
2023-12-15,55,110.25773
2023-12-16,114,122.18559
2023-12-17,100,113.56133
2023-12-18,78,114.183754
2023-12-19,138,109.37805
2023-12-20,122,112.39183
2023-12-21,75,117.235275
2023-12-22,114,114.58433
2023-12-23,129,119.04434
2023-12-24,105,122.06716
2023-12-25,107,118.21477
2023-12-26,70,127.27889
2023-12-27,25,112.55793
2023-12-28,12,131.35178
2023-12-29,25,108.65187
2023-12-30,27,96.79255
2023-12-31,14,121.26012
2024-01-01,33,29.332558
2024-01-02,16,49.70826
2024-01-03,28,37.410645
2024-01-04,17,36.930183
2024-01-05,18,38.686344
2024-01-06,8,37.61593
2024-01-07,11,41.12485
2024-01-08,7,38.447193
2024-01-09,75,37.555984
2024-01-10,82,36.992622
2024-01-11,92,46.480354
2024-01-12,60,47.047745
2024-01-13,146,48.14449
2024-01-14,87,85.21631
2024-01-15,101,92.65389
2024-01-16,59,91.73106
2024-01-17,83,93.607475
2024-01-18,149,94.53499
2024-01-19,99,103.037155
2024-01-20,156,98.55602
2024-01-21,118,105.49006
2024-01-22,124,109.32968
2024-01-23,30,104.87098
2024-01-24,93,109.02186
2024-01-25,117,99.27528
2024-01-26,75,101.097694
2024-01-27,111,102.83133
2024-01-28,106,87.05844
2024-01-29,132,67.6366
2024-01-30,137,81.44883
2023-12-03,122,126.44342
2023-12-04,68,130.32191
2023-12-05,176,135.42894
2023-12-06,118,130.93481
2023-12-07,131,128.98965
2023-12-08,176,127.22034
2023-12-09,108,118.008125
2023-12-10,106,117.943954
2023-12-11,74,117.8405
2023-12-12,82,116.53372
2023-12-13,145,126.43099
2023-12-14,175,125.70556
2023-12-15,171,124.671814
2023-12-16,121,127.30925
2023-12-17,47,126.38837
2023-12-18,77,126.16397
2023-12-19,82,129.1948
2023-12-20,150,122.90082
2023-12-21,87,119.539825
2023-12-22,197,127.17655
2023-12-23,130,119.38018
2023-12-24,174,125.570175
2023-12-25,101,119.65403
2023-12-26,68,118.62665
2023-12-27,60,119.95128
2023-12-28,193,132.46725
2023-12-29,194,118.16433
2023-12-30,138,104.90602
2023-12-31,197,116.81581
2024-01-01,172,154.49512
2024-01-02,128,143.2939
2024-01-03,83,142.90802
2024-01-04,168,138.96446
2024-01-05,217,127.89228
2024-01-06,155,136.69383
2024-01-07,86,138.44917
2024-01-08,79,132.57373
2024-01-09,61,127.99957
2024-01-10,83,126.06997
2024-01-11,78,140.887
2024-01-12,72,131.06465
2024-01-13,123,102.92041
2024-01-14,83,119.12426
2024-01-15,96,110.66407
2024-01-16,115,103.951096
2024-01-17,184,107.2868
2024-01-18,146,131.69424
2024-01-19,151,134.17093
2024-01-20,135,123.691
2024-01-21,121,125.57263
2024-01-22,260,126.600044
2024-01-23,144,157.66853
2024-01-24,139,129.55249
2024-01-25,175,123.88829
2024-01-26,135,125.69737
2024-01-27,136,127.23447
2024-01-28,115,114.36674
2024-01-29,202,116.95162
2024-01-30,68,113.45265
2023-12-03,41,88.98819
2023-12-04,77,77.367096
2023-12-05,86,82.29076
2023-12-06,128,83.32639
2023-12-07,51,81.82658
2023-12-08,60,83.64361
2023-12-09,44,83.04766
2023-12-10,111,76.96017
2023-12-11,94,81.59439
2023-12-12,86,79.96016
2023-12-13,126,82.11485
2023-12-14,63,87.03465
2023-12-15,112,84.27106
2023-12-16,95,83.617836
2023-12-17,135,82.46476
2023-12-18,85,91.881485
2023-12-19,86,89.778435
2023-12-20,41,93.19377
2023-12-21,103,81.53744
2023-12-22,52,79.6937
2023-12-23,80,84.1534
2023-12-24,88,90.39593
2023-12-25,66,91.466
2023-12-26,66,92.101006
2023-12-27,32,92.84516
2023-12-28,16,82.73932
2023-12-29,37,83.22641
2023-12-30,50,79.956726
2023-12-31,37,73.865135
2024-01-01,40,46.001163
2024-01-02,32,50.32714
2024-01-03,17,51.998226
2024-01-04,7,42.885628
2024-01-05,25,44.631355
2024-01-06,42,37.972263
2024-01-07,37,38.626957
2024-01-08,52,37.70958
2024-01-09,129,40.536507
2024-01-10,39,58.41324
2024-01-11,84,43.18729
2024-01-12,82,69.009514
2024-01-13,113,71.10318
2024-01-14,71,73.320786
2024-01-15,25,87.17889
2024-01-16,64,73.6457
2024-01-17,69,84.27055
2024-01-18,143,79.59989
2024-01-19,88,84.90491
2024-01-20,72,81.90663
2024-01-21,114,76.19466
2024-01-22,149,81.77555
2024-01-23,51,88.63754
2024-01-24,89,89.77555
2024-01-25,97,86.62651
2024-01-26,89,85.44878
2024-01-27,63,86.52355
2024-01-28,77,81.08766
2024-01-29,63,60.087887
2024-01-30,84,55.71718
2023-12-03,80,76.93615
2023-12-04,85,80.61548
2023-12-05,151,81.96564
2023-12-06,48,86.63717
2023-12-07,69,83.462456
2023-12-08,116,87.42841
2023-12-09,48,82.20016
2023-12-10,77,83.19128
2023-12-11,67,79.12613
2023-12-12,62,78.21201
2023-12-13,96,83.113815
2023-12-14,85,85.18025
2023-12-15,116,81.7701
2023-12-16,149,86.701805
2023-12-17,93,90.788895
2023-12-18,157,90.23282
2023-12-19,91,99.940544
2023-12-20,117,91.62131
2023-12-21,77,96.22042
2023-12-22,115,97.65298
2023-12-23,129,101.467865
2023-12-24,84,108.37049
2023-12-25,95,112.80048
2023-12-26,93,106.14064
2023-12-27,40,107.65683
2023-12-28,28,113.92222
2023-12-29,10,89.20208
2023-12-30,35,83.45204
2023-12-31,18,90.19994
2024-01-01,16,46.129513
2024-01-02,53,43.525387
2024-01-03,25,39.788177
2024-01-04,10,38.77306
2024-01-05,39,34.969124
2024-01-06,59,36.180817
2024-01-07,34,41.330048
2024-01-08,14,36.99429
2024-01-09,125,37.257385
2024-01-10,83,53.321163
2024-01-11,80,68.33811
2024-01-12,79,78.38933
2024-01-13,116,73.0532
2024-01-14,116,81.92544
2024-01-15,73,94.77832
2024-01-16,89,98.15496
2024-01-17,108,87.13149
2024-01-18,169,90.23825
2024-01-19,68,112.48611
2024-01-20,117,101.63304
2024-01-21,68,102.46704
2024-01-22,112,100.99663
2024-01-23,97,97.79472
2024-01-24,121,94.40195
2024-01-25,63,101.88456
2024-01-26,134,87.7565
2024-01-27,38,94.44439
2024-01-28,130,86.646545
2024-01-29,105,77.73612
2024-01-30,73,63.51899
